B_1,B_2,B_4,T_1,T_2,T_4,G_1,G_2,G_4
3.949512092,3.490079365,3.592783505,7.207042851,6.26984127,6.208762887,3.269410267,3.803571429,3.152061856
3.369961816,3.419642857,3.547250859,7.056003394,7.337301587,6.707044674,3.17776835,3.689484127,3.416666667
3.583368689,3.691468254,3.39604811,7.002545609,6.929563492,5.577319588,3.132371659,3.467261905,2.698453608
3.924480272,3.290674603,3.414948454,7.063215952,6.79265873,6.279209622,3.112855325,3.408730159,3.248281787
3.588884175,3.526785714,3.380584192,7.280865507,6.981150794,6.10395189,3.134493,3.448412698,3.08419244
3.780229105,3.201388889,3.312714777,7.456088248,7.278769841,6.406357388,3.250318201,3.64484127,2.823024055
3.566822232,3.607142857,3.23024055,7.061943148,7.056547619,6.700171821,3.197708952,3.803571429,3.203608247
3.627068307,3.508928571,3.512886598,7.867204073,7.032738095,7.037800687,3.110309716,3.939484127,3.059278351
3.907933814,3.96031746,3.381443299,7.560882478,7.195436508,6.067010309,3.092066186,3.330357143,2.835051546
3.943572338,3.44047619,3.37371134,7.291896479,6.950396825,6.069587629,3.271531608,3.575396825,3.336769759
3.501909207,3.603174603,3.521477663,7.162070429,7.154761905,6.516323024,2.883326262,3.479166667,3.199312715
3.605430632,3.880952381,3.384879725,7.011030972,7.160714286,5.998281787,3.181586763,3.632936508,3.213917526
3.820534578,3.445436508,3.375429553,7.235893084,7.741071429,6.06443299,3.084429359,3.319444444,2.85652921
3.593126856,3.60515873,3.504295533,8.335596097,7.694444444,6.072164948,3.122613492,3.473214286,3.017182131
3.50572762,3.591269841,3.518900344,6.46245227,7.041666667,6.454467354,3.138311413,3.799603175,3.069587629
3.918540518,3.723214286,3.280068729,7.511243106,6.756944444,6.281786942,3.156130675,3.712301587,3.161512027
3.766228256,3.648809524,3.549828179,7.115400933,7.484126984,6.424398625,3.068731438,3.709325397,2.945017182
3.76071277,3.550595238,2.978522337,7.340263046,7.194444444,6.550687285,3.157827747,3.693452381,3.348797251
3.919389054,3.400793651,3.768041237,7.18455664,7.300595238,6.2104811,3.165464574,3.183531746,3.120274914
3.803563852,3.567460317,3.495704467,7.168010182,7.389880952,6.396907216,2.992787442,3.713293651,3.16838488
3.868476877,3.505952381,3.536941581,6.875689436,7.333333333,6.560996564,3.348324141,3.748015873,3.115120275
3.840899448,3.782738095,3.279209622,6.732286805,7.104166667,6.409793814,3.21637675,3.921626984,2.988831615
4.106491303,3.358134921,3.47766323,6.677556216,6.890873016,6.878865979,3.10012728,3.586309524,3.349656357
3.740772168,3.545634921,3.534364261,7.564700891,6.811507937,6.732817869,3.151039457,3.362103175,3.336769759
4.111158252,3.611111111,3.716494845,7.789563004,7.223214286,6.145189003,3.19813322,4.012896825,3.222508591
3.688587187,3.601190476,3.493986254,7.164191769,7.216269841,5.951030928,3.106491303,3.535714286,3.111683849
3.600763683,3.44047619,3.378865979,6.980907934,6.532738095,6.721649485,3.395417904,3.693452381,3.212199313
3.781077641,3.467261905,3.474226804,7.602036487,7.051587302,5.923539519,3.178192618,3.473214286,3.313573883
3.811624947,3.619047619,3.37628866,7.223589308,7.595238095,5.666666667,2.992787442,3.643849206,3.266323024
3.579974544,3.669642857,3.510309278,6.768349597,7.41765873,6.616838488,3.480271532,3.541666667,3.119415808
3.719983029,3.531746032,3.357388316,6.785320322,6.981150794,6.644329897,3.554094188,3.723214286,3.119415808
3.810352143,3.780753968,3.370274914,7.456088248,7.024801587,6.505154639,3.030971574,3.452380952,3.275773196
4.028001697,3.508928571,3.47766323,7.045396691,6.55952381,6.513745704,3.160797624,3.578373016,2.964776632
3.787441663,3.743055556,3.689003436,7.017394994,6.796626984,5.849656357,3.039881205,3.464285714,3.0395189
3.793381417,4.245039683,3.551546392,6.618158676,6.753968254,6.192439863,3.247348324,3.735119048,3.074742268
4.27110734,3.314484127,3.404639175,7.127280441,7.155753968,6.057560137,3.20280017,3.630952381,3.119415808
4.258803564,3.248015873,3.327319588,7.632583793,7.628968254,6.038659794,3.420449724,3.692460317,3.062714777
4.635977938,4.046626984,3.45532646,6.943572338,7.383928571,6.363402062,3.072125583,3.146825397,3.079037801
4.048790836,3.949404762,3.424398625,7.549427238,6.816468254,6.102233677,3.230377599,3.632936508,2.904639175
4.322868053,4.020833333,3.197594502,6.781926177,7.101190476,6.306701031,3.27789563,3.759920635,3.010309278
4.682223165,3.426587302,3.742268041,6.891387357,6.066468254,6.297250859,3.288926602,3.587301587,2.91580756
4.268561731,4.021825397,3.177835052,7.028425965,7.076388889,5.855670103,3.200254561,3.882936508,3.231099656
4.305897327,3.361111111,3.243986254,6.571064913,7.129960317,6.579037801,3.485362749,3.713293651,3.000859107
4.532032244,3.588293651,3.327319588,7.293169283,7.195436508,5.798969072,3.221892236,3.750992063,3.066151203
4.299957573,3.475198413,3.390893471,7.095036063,6.85515873,6.237113402,3.31438269,3.225198413,2.961340206
4.54221468,3.744047619,3.471649485,7.626644039,7.515873016,5.713917526,3.031395842,3.755952381,3.242268041
4.772592278,3.626984127,3.655498282,6.894781502,6.630952381,5.731958763,3.349596945,3.947420635,3.025773196
4.669070853,3.566468254,3.609965636,7.050912176,7.145833333,6.312714777,3.662706831,3.393849206,2.953608247
4.831989818,3.558531746,3.650343643,7.638523547,6.27281746,7.179553265,3.126007637,3.829365079,2.865120275
4.487059822,3.533730159,3.389175258,7.493423844,6.511904762,6.020618557,3.420873992,3.515873016,3.268900344
4.479847263,3.516865079,3.833333333,8.059821807,7.511904762,5.825601375,3.37590157,3.441468254,3.092783505
4.944845142,3.302579365,3.756013746,6.740772168,6.267857143,5.786082474,3.270683072,3.313492063,3.201030928
4.756045821,3.681547619,3.673539519,7.120492151,7.552579365,5.837628866,3.200678829,3.691468254,3.481958763
4.768349597,3.709325397,3.394329897,7.373780229,6.308531746,5.853092784,3.28256258,3.283730159,2.867697595
4.734408146,3.578373016,3.37628866,7.542638948,8.297619048,6.357388316,3.269834535,3.370039683,3.070446735
4.647433178,3.971230159,3.592783505,7.444633008,7.489087302,6.018900344,3.291896479,3.612103175,3.060996564
4.442087399,3.962301587,3.81443299,7.397963513,7.263888889,6.555841924,3.257106491,3.473214286,2.832474227
4.671192193,3.83531746,3.7895189,7.895630038,7.134920635,5.959621993,3.305048791,3.604166667,3.598797251
4.558336869,3.721230159,3.262027491,7.50106067,7.206349206,5.894329897,3.423419601,3.083333333,3.017182131
4.301230378,3.593253968,3.612542955,7.734408146,6.680555556,6.306701031,3.080186678,3.683531746,3.028350515
4.234196012,3.89484127,3.432130584,7.879083581,6.800595238,6.245704467,3.426389478,3.66765873,3.246563574
4.077641069,3.629960317,3.377147766,7.753075944,6.824404762,6.167525773,3.32583793,3.651785714,2.885738832
4.500212134,3.845238095,3.226804124,7.18667798,6.708333333,6.524914089,3.199406025,3.506944444,3.131443299
4.437844718,3.601190476,3.566151203,7.806533729,7.423611111,5.906357388,3.301230378,3.636904762,3.211340206
4.781501909,3.648809524,3.562714777,7.969452694,6.478174603,5.776632302,3.243954179,3.567460317,3.146907216
4.766652524,4.14484127,3.79209622,7.750954603,7.424603175,5.818728522,3.224013577,3.702380952,3.384879725
4.88162919,3.547619048,4.097938144,7.313958422,6.850198413,6.316151203,3.274925753,3.438492063,2.912371134
4.378871447,3.658730159,3.615120275,6.979635129,7.840277778,6.242268041,2.952906237,3.188492063,2.874570447
4.401357658,3.592261905,3.697594502,7.201103097,6.450396825,6.170962199,3.253288078,3.424603175,3.241408935
4.28256258,3.693452381,3.596219931,7.112855325,7.194444444,6.56443299,3.531183708,3.517857143,2.981958763
4.219346627,3.665674603,3.698453608,7.317776835,6.848214286,5.553264605,3.353415359,3.450396825,2.988831615
4.351718286,3.60218254,4.153780069,7.800593975,7.767857143,6.620274914,3.265591854,3.303571429,3.283505155
4.041578277,3.74702381,3.881443299,6.747560458,7.251984127,6.445876289,3.263894782,3.33531746,2.924398625
4.145948239,3.524801587,4.647766323,7.488332626,5.830357143,6.487113402,3.359355112,3.570436508,3.203608247
4.154433602,3.738095238,4.607388316,6.641493424,7.555555556,5.766323024,3.297836232,3.463293651,2.839347079
4.287653797,3.635912698,4.396907216,6.675434875,7.85515873,5.645189003,3.031395842,3.517857143,3.186426117
4.081459482,3.594246032,4.723367698,7.211709801,6.430555556,5.920962199,3.156554943,3.553571429,2.902061856
3.921086126,3.632936508,4.322164948,7.478150191,6.668650794,6.618556701,3.509121765,3.881944444,3.100515464
4.398812049,3.705357143,4.701030928,6.87696224,6.486111111,6.556701031,3.103945694,3.281746032,2.735395189
4.362749258,3.975198413,4.207044674,7.005091218,7.203373016,6.487113402,3.258379296,3.783730159,3.115120275
4.297836232,3.263888889,4.091065292,7.208315655,7.114087302,5.879725086,3.078489605,4.024801587,3.030927835
4.078913874,3.698412698,4.152061856,7.572761986,7.653769841,5.634879725,3.196860416,3.6875,3.128865979
4.232498939,3.606150794,4.192439863,6.77216801,7.200396825,6.089347079,3.300806109,3.698412698,3.315292096
4.443784472,3.826388889,4.683848797,7.22783199,7.160714286,6.004295533,3.301654646,3.746031746,2.894329897
4.152312261,3.697420635,4.199312715,6.798896903,7.379960317,6.479381443,3.535850658,3.447420635,2.98024055
4.00678829,3.487103175,4.329037801,7.436571913,6.818452381,5.85137457,3.148493848,3.435515873,3.141752577
4.046669495,3.396825397,4.307560137,6.959694527,7.468253968,5.731099656,3.22316504,3.50297619,3.031786942
4.065761561,3.712301587,3.554982818,7.131098854,7.132936508,5.761168385,3.126007637,3.72718254,2.947594502
4.37802291,4.040674603,3.532646048,6.900721256,7.20734127,6.08419244,2.97030123,3.766865079,3.159793814
3.978362325,3.576388889,4.001718213,6.755197285,6.860119048,5.704467354,3.067882902,3.637896825,2.901202749
4.027577429,3.686507937,4.071305842,6.190072126,7.345238095,6.023195876,3.294442087,3.625,3.049828179
3.954603309,3.607142857,3.719072165,7.306745863,7.060515873,6.170103093,3.069155706,3.46031746,3.155498282
4.063215952,4.10515873,3.512886598,6.977089521,6.757936508,6.37371134,3.246499788,3.470238095,3.026632302
4.379295715,3.983134921,3.49742268,7.012303776,6.816468254,5.68556701,3.092066186,3.39484127,3.280927835
3.923207467,3.714285714,3.437285223,7.381841324,7.311507937,5.843642612,3.041578277,3.395833333,2.720790378
4.249469665,3.761904762,3.658075601,6.976665252,6.711309524,5.902920962,3.126007637,3.246031746,3.120274914
3.872295291,3.607142857,3.624570447,6.752227408,7.712301587,5.609106529,3.210436996,3.549603175,3.170962199
4.083156555,3.750992063,3.54209622,7.169707255,7.581349206,6.167525773,3.044123886,3.510912698,3.2104811
3.756045821,3.607142857,3.655498282,7.000424268,7.382936508,6.133161512,3.362749258,3.235119048,3.29209622
3.721255834,3.514880952,4.017182131,6.991090369,6.698412698,6.201890034,3.220195163,3.550595238,2.945017182
3.75859143,3.948412698,3.640034364,6.896478574,7.075396825,6.24742268,3.196436148,3.442460317,3.052405498
3.677980484,3.965277778,3.479381443,6.907509546,6.624007937,5.959621993,3.187102249,3.438492063,3.155498282
3.759015698,3.887896825,3.533505155,6.92490454,6.668650794,6.323883162,3.769198133,3.1875,3.129725086
3.661434026,3.603174603,4.109965636,6.754773017,7.93452381,6.135738832,3.290199406,3.404761905,2.943298969
3.663555367,3.71031746,3.748281787,6.550275774,6.432539683,6.335910653,3.251591006,3.5,3.121134021
3.956300382,3.578373016,4.023195876,6.996181587,6.719246032,5.687285223,3.422571065,3.462301587,2.709621993
3.739499364,3.568452381,3.947594502,7.140008485,7.716269841,5.868556701,3.442511667,3.588293651,2.885738832
3.890963089,3.527777778,4.320446735,7.484938481,6.908730159,5.401202749,3.066185829,3.629960317,3.268041237
3.823504455,4.024801587,4.532646048,7.469664828,7.204365079,6.115979381,3.085702164,3.813492063,2.947594502
3.62409843,3.283730159,5.237972509,6.372507425,6.643849206,6.56443299,3.121764955,3.388888889,2.890893471
4.235044548,3.482142857,5.371993127,6.421298261,6.989087302,6.229381443,3.176495545,3.60515873,3.056701031
4.019092066,3.732142857,6.540378007,7.062367416,6.709325397,6.374570447,3.133220195,3.384920635,3.181271478
3.643614765,3.925595238,6.363402062,6.56045821,6.905753968,7.094501718,3.107764107,3.720238095,3.267182131
3.702588036,3.793650794,5.605670103,6.789138736,6.839285714,6.301546392,3.328383538,3.326388889,2.830756014
3.756045821,3.60218254,6.001718213,7.448027153,6.811507937,6.527491409,3.001272804,3.284722222,3.362542955
3.582520153,3.511904762,5.257731959,7.074671192,6.893849206,6.707044674,3.160797624,3.577380952,3.250859107
4.058124735,3.794642857,5.658934708,6.700042427,6.408730159,6.64604811,3.029274501,3.534722222,3.170103093
3.85659737,3.624007937,6.007731959,6.93848112,7.625992063,6.378006873,3.04327535,3.681547619,2.952749141
3.876537972,3.52281746,5.750859107,6.712770471,6.749007937,6.682130584,3.216801018,3.695436508,2.904639175
4.108188375,4.234126984,5.607388316,7.050487908,6.625,6.836769759,3.307170132,3.551587302,3.267182131
4.111158252,4.834325397,5.510309278,7.208739924,6.867063492,6.697594502,3.32117098,3.637896825,3.077319588
3.87696224,3.379960317,5.434707904,7.369537548,6.561507937,6.394329897,2.953754773,3.520833333,3.075601375
3.879932117,3.656746032,5.136597938,6.602885023,7.321428571,6.224226804,3.067882902,3.89484127,3.152061856
3.973271107,3.640873016,4.745704467,7.201103097,6.743055556,6.263745704,3.41450997,3.455357143,3.304982818
3.925753076,3.726190476,5.136597938,6.502757743,6.23015873,6.947594502,3.515061519,3.297619048,3.114261168
4.005515486,3.652777778,5.099656357,6.909630887,7.057539683,6.458762887,3.420449724,3.444444444,3.257731959
4.03182011,3.621031746,5.010309278,6.953754773,6.875992063,6.488831615,3.442511667,3.577380952,3.12628866
4.330080611,3.891865079,5.036941581,7.087823504,7.014880952,6.069587629,3.393296563,3.607142857,3.301546392
4.207891387,3.478174603,5.156357388,7.348324141,6.864087302,5.922680412,3.293169283,3.624007937,3.2895189
4.564700891,3.851190476,4.820446735,6.272380144,7.177579365,6.830756014,3.377598642,3.773809524,3.054982818
4.024607552,3.850198413,5.200171821,6.81332202,6.83531746,6.765463918,3.367840475,3.366071429,3.079037801
4.208739924,4.025793651,4.847079038,7.187526517,6.909722222,7.030927835,3.269410267,3.270833333,3.073024055
4.000424268,3.731150794,5.744845361,6.857445906,7.16765873,6.003436426,3.322443784,3.342261905,3.144329897
4.313534154,3.431547619,4.999140893,6.851506152,7.253968254,6.254295533,3.179041154,3.224206349,3.030927835
4.074671192,3.879960317,4.457044674,6.588459907,6.862103175,6.381443299,3.353415359,3.577380952,2.992268041
4.625795503,3.87202381,4.910652921,6.834111158,6.62797619,7.053264605,3.333050488,3.409722222,3.072164948
4.395417904,3.831349206,4.945017182,6.705133644,6.870039683,6.83419244,3.304200255,3.659722222,3.075601375
4.412812898,3.829365079,4.466494845,7.45099703,7.181547619,6.335910653,2.980059398,3.44047619,3.008591065
4.226559185,4.070436508,4.731958763,7.021213407,7.192460317,6.124570447,3.102248621,3.729166667,3.313573883
4.146796776,3.714285714,4.015463918,6.850233347,7.117063492,6.377147766,3.326262198,3.703373016,3.057560137
4.308442936,3.944444444,4.741408935,6.960118795,6.884920635,5.848797251,3.468392024,3.231150794,3.034364261
4.155706406,3.578373016,3.948453608,6.854900297,6.831349206,6.397766323,3.266016122,3.384920635,3.097938144
4.201103097,3.464285714,3.753436426,7.473058973,6.806547619,6.526632302,3.416631311,3.755952381,3.262886598
4.345778532,3.634920635,3.902061856,6.781501909,6.077380952,6.405498282,3.498090793,3.489087302,3.186426117
4.287229529,3.806547619,4.800687285,7.065337293,6.831349206,6.285223368,3.301230378,3.300595238,2.894329897
4.095036063,4.055555556,4.288659794,6.310988545,6.929563492,5.956185567,3.142978362,3.311507937,3.10137457
4.42596521,3.741071429,3.987113402,6.675859143,7.52281746,6.169243986,3.196436148,3.820436508,2.783505155
4.26431905,4.078373016,4.359965636,6.833262622,7.41468254,6.585051546,3.165464574,3.303571429,3.285223368
4.048366568,3.744047619,4.189862543,7.078913874,6.808531746,6.66838488,3.252439542,3.715277778,3.161512027
4.151039457,3.738095238,4.088487973,6.952906237,6.987103175,6.439003436,3.342384387,3.171626984,2.838487973
4.276198557,3.876984127,4.525773196,7.425540942,6.515873016,6.018041237,3.130250318,3.74702381,3.196735395
4.132795927,3.898809524,3.76975945,6.749681799,7.693452381,5.864261168,3.378447179,3.510912698,3.055841924
4.329656343,3.962301587,3.666666667,6.668646585,6.820436508,5.866838488,3.007212558,3.790674603,2.813573883
4.521001273,3.782738095,4.068728522,7.062367416,7.045634921,5.762027491,3.238438693,3.677579365,2.967353952
3.991938905,4.154761905,3.917525773,6.682647433,6.972222222,6.097079038,3.242257106,3.796626984,3.313573883
4.063640221,4.006944444,3.903780069,7.395842172,7.468253968,5.847079038,3.236317353,3.265873016,3.177835052
4.194739075,3.75,3.93556701,6.992787442,6.625992063,5.574742268,3.381841324,3.373015873,3.195876289
4.185829444,3.796626984,4.166666667,7.191769198,6.636904762,6.33419244,3.320746712,3.625992063,3.293814433
4.291047942,4.061507937,3.796391753,6.61731014,7.435515873,6.182989691,3.165464574,3.424603175,3.315292096
4.24819686,3.661706349,3.985395189,6.818837505,7.08234127,6.18814433,3.16631311,3.595238095,3.01975945
4.26644039,3.628968254,4.154639175,7.545608825,6.909722222,5.946735395,3.221467968,3.503968254,2.95790378
3.965210013,3.47718254,4.151202749,7.120067883,6.311507937,5.728522337,3.246499788,3.327380952,3
3.958421723,3.87797619,4.036082474,7.228256258,6.905753968,5.674398625,3.286380993,3.643849206,3.23024055
4.056427662,3.489087302,3.889175258,7.28256258,7.197420635,5.993986254,3.054306322,3.511904762,2.919243986
4.430207891,3.658730159,3.891752577,7.123462028,7.220238095,5.914089347,3.428935087,3.459325397,2.932989691
4.694102673,4.041666667,3.910652921,7.372507425,7.343253968,6.407216495,2.973271107,3.193452381,3.277491409
4.208315655,3.495039683,3.910652921,6.876537972,6.624007937,6.468213058,3.521849809,3.907738095,2.942439863
4.055579126,3.909722222,3.785223368,6.903266865,7.27281746,6.003436426,3.18455664,3.321428571,3.059278351
4.249045397,3.654761905,3.768041237,6.964361476,7.568452381,6.032646048,3.184980908,3.321428571,2.865979381
4.540941875,3.774801587,3.801546392,6.588459907,7.229166667,6.39347079,3.167585914,3.575396825,2.981958763
4.371658888,3.523809524,3.939003436,6.680950361,6.717261905,5.844501718,3.062791684,3.343253968,2.846219931
4.679677556,3.740079365,3.592783505,6.509970301,6.344246032,6.119415808,3.10012728,3.41765873,3.20790378
4.139584217,3.349206349,3.627147766,6.777683496,6.341269841,6.138316151,3.038608401,3.464285714,2.985395189
4.201527365,3.87202381,3.978522337,7.21637675,6.928571429,6.157216495,3.199406025,3.310515873,2.860824742
4.179465422,3.636904762,4.005154639,6.820958846,6.576388889,5.707044674,3.414085702,4.090277778,2.869415808
4.122613492,3.554563492,3.871993127,7.238014425,6.874007937,5.797250859,3.083156555,3.645833333,2.971649485
4.199406025,3.782738095,3.756013746,6.760288502,6.679563492,5.300687285,3.280441239,3.476190476,2.924398625
4.125583369,3.851190476,3.922680412,6.390750955,6.971230159,5.850515464,3.219770895,3.601190476,3.366838488
4.243954179,4.013888889,3.720790378,7.14806958,6.46031746,6.219931271,3.159949088,3.563492063,2.93814433
4.291047942,3.651785714,3.786941581,7.303775986,7.696428571,5.79467354,3.290623674,3.516865079,3.407216495
3.913873568,3.534722222,4.12371134,7.074671192,6.952380952,6.603092784,3.189647857,3.578373016,3.121993127
3.89520577,3.83234127,4.195876289,6.661434026,7.0625,6.10652921,3.23462028,3.189484127,3.388316151
4.241832838,3.507936508,3.610824742,7.643614765,6.638888889,6.129725086,3.165464574,3.545634921,3.070446735
4.180313958,3.926587302,4.160652921,6.593551124,7.201388889,6.169243986,3.3075944,3.572420635,2.691580756
4.189223589,3.935515873,3.689003436,6.831989818,6.790674603,6.129725086,3.254560882,3.526785714,3.015463918
4.529062367,3.80952381,3.782646048,6.482392872,7.259920635,5.988831615,3.206618583,3.261904762,3.116838488
4.170555791,3.895833333,3.925257732,6.927450148,7.038690476,5.922680412,3.467967756,3.610119048,3.104810997
4.402206194,3.849206349,3.637457045,6.653372932,7.291666667,6.538659794,3.431904964,3.573412698,2.833333333
4.266864658,3.648809524,3.463917526,7.084429359,6.968253968,6.195017182,3.211709801,3.851190476,3.18814433
4.266864658,4.303571429,4.080756014,7.039456937,7.123015873,6.059278351,3.18455664,3.55952381,3.186426117
4.265591854,3.718253968,3.999140893,6.814170556,6.849206349,6.142611684,3.701315231,3.766865079,2.93556701
3.971149767,3.8125,3.632302405,6.964361476,6.506944444,6.094501718,3.316504031,3.354166667,3.27233677
4.095884599,3.969246032,3.908075601,7.128128978,7.157738095,5.593642612,3.151039457,3.671626984,3.201030928
4.528638099,3.685515873,3.912371134,6.862537123,6.228174603,5.799828179,3.442511667,3.534722222,2.788659794
4.234196012,3.794642857,3.929553265,7.257106491,6.620039683,5.725945017,3.221892236,3.441468254,2.595360825
4.061094612,3.614087302,4.052405498,6.496817989,7.763888889,6.137457045,3.459906661,3.886904762,2.908934708
4.405600339,3.518849206,3.815292096,6.98642342,6.209325397,6.493127148,3.207891387,3.588293651,3.108247423
4.099278744,4.303571429,4.264604811,7.280441239,7.541666667,5.744845361,3.253288078,3.609126984,3.092783505
4.316079762,4.130952381,3.73024055,7.114552397,7.31547619,6.103092784,3.114128129,3.537698413,3.032646048
4.347475605,4.054563492,3.863402062,7.37802291,6.838293651,6.820446735,3.543487484,3.606150794,3.349656357
4.036062792,3.650793651,3.666666667,6.07509546,7.680555556,5.743986254,3.038608401,3.823412698,3.151202749
4.078913874,4.21031746,3.964776632,6.6058549,7.354166667,6.059278351,3.299957573,3.543650794,2.946735395
4.182011031,4.076388889,3.909793814,6.648281714,7.30952381,6.517182131,3.056003394,3.630952381,3.203608247
4.157403479,4.178571429,4.16838488,6.811624947,7.287698413,6.66838488,3.204072974,3.620039683,3.189003436
4.261349173,3.868055556,3.933848797,7.242681375,7.823412698,6.506013746,3.24140857,3.425595238,3.052405498
4.112431056,4.193452381,3.969931271,6.582095885,7.593253968,5.95532646,2.976240984,3.671626984,2.816151203
4.265591854,4.375,3.580756014,7.121340687,9.092261905,6.214776632,3.251591006,3.616071429,3.023195876
4.210012728,4.619047619,3.852233677,6.755621553,7.950396825,6.006013746,2.998727196,3.226190476,3.273195876
4.470089096,4.354166667,3.793814433,6.789563004,8.458333333,6.066151203,3.301230378,3.750992063,3.033505155
4.386084005,3.801587302,3.802405498,6.869325414,8.932539683,5.680412371,3.285956725,3.788690476,3.103092784
4.27110734,4.221230159,3.879725086,6.902842597,8.655753968,5.698453608,3.468816292,3.400793651,3.122852234
4.242681375,4.31547619,3.817010309,6.750530335,8.888888889,6.408075601,3.305048791,3.555555556,2.890034364
4.159100552,5.032738095,3.859965636,6.663979635,7.906746032,5.627147766,3.146796776,3.548611111,3.23024055
4.313958422,4.467261905,3.874570447,6.816716165,6.942460317,5.818728522,3.176919813,3.364087302,3.139175258
4.393720832,4.578373016,3.945876289,7.405176071,7.090277778,6.125429553,3.0865507,3.674603175,3.169243986
4.372083157,4.702380952,4.079037801,6.882053458,7.150793651,6.313573883,3.167161646,3.561507937,3.192439863
3.992787442,4.453373016,4.146907216,7.128128978,8.333333333,6.562714777,3.143826899,3.843253968,3.058419244
4.3075944,4.12797619,3.469931271,6.834111158,7.182539683,6.743127148,3.28256258,3.444444444,3.310137457
4.044972423,4.889880952,3.704467354,7.650403055,8.024801587,6.119415808,3.151463725,3.385912698,3.086769759
4.008909631,4.33531746,3.91838488,7.054306322,6.780753968,5.386597938,3.377598642,3.671626984,3.35395189
4.237590157,3.919642857,3.859106529,6.278744166,7.228174603,6.219072165,3.034365719,3.259920635,3.119415808
4.035214255,4.196428571,3.618556701,6.809927874,6.866071429,5.594501718,3.109885448,3.696428571,3.139175258
4.120492151,4.320436508,3.62628866,7.061943148,7.220238095,6.513745704,3.002121341,3.844246032,3.276632302
4.300806109,4.367063492,3.725085911,6.716164616,6.850198413,6.034364261,2.929995757,3.673611111,3.034364261
4.036062792,4.237103175,3.598797251,6.821383114,6.453373016,6.293814433,3.122189224,3.584325397,3.049828179
4.077216801,4.357142857,3.920962199,7.247348324,7.003968254,5.691580756,3.249893933,3.475198413,3.541237113
3.98175647,4.708333333,3.603092784,7.116673738,6.920634921,5.89604811,3.324989393,3.833333333,2.877147766
4.084853627,4.699404762,3.835910653,6.711921935,7.33531746,5.676116838,3.131947391,3.516865079,3.164089347
4.201103097,4.663690476,3.942439863,6.516758591,8.00297619,5.827319588,3.12982605,3.487103175,3.233676976
4.12303776,4.751984127,3.841924399,6.75180314,6.613095238,5.719931271,3.144675435,3.670634921,3.191580756
3.874840899,4.659722222,3.770618557,6.841747985,7.303571429,6.478522337,3.454815443,3.680555556,2.951030928
3.939329656,4.525793651,3.966494845,7.156130675,7.380952381,5.745704467,3.274077217,2.96031746,3.011168385
4.258379296,4.538690476,3.988831615,7.319898176,7.591269841,5.70532646,3.335596097,3.341269841,3.045532646
4.236741621,4.619047619,4.037800687,6.992363174,7.892857143,6.421821306,3.094187527,3.52281746,3.138316151
4.280865507,4.547619048,3.652061856,7.491302503,7.774801587,6.189003436,3.096733135,3.811507937,3.00257732
4.206618583,4.830357143,3.757731959,7.358506576,8.72718254,6.135738832,3.236317353,3.611111111,3.352233677
4.136190072,5.186507937,3.640893471,7.431056428,9.60218254,6.298969072,3.41450997,4.044642857,3.320446735
4.511667374,4.683531746,3.914089347,7.442087399,10.47420635,6.14347079,3.103945694,3.715277778,3.026632302
4.749681799,4.895833333,3.85395189,7.127704709,12.17162698,5.967353952,3.331353415,3.561507937,2.953608247
4.224437845,5.320436508,3.51975945,7.286805261,12.28472222,5.70790378,3.114552397,3.487103175,3.035223368
4.226134917,5.310515873,3.484536082,6.823504455,10.80357143,6.300687285,3.29613916,3.77281746,3.25
4.120492151,5.180555556,3.642611684,6.812897751,9.701388889,6.4604811,3.305897327,3.504960317,3.209621993
4.133220195,4.98015873,3.744845361,6.884599067,11.00992063,5.671821306,3.254136614,3.504960317,3.085910653
4.364022062,5.238095238,4.213917526,6.576580399,10.21428571,5.882302405,3.338565974,3.590277778,3.296391753
4.110309716,4.984126984,4.06185567,6.634705134,8.817460317,5.762027491,3.401357658,4.251984127,3.171821306
4.09121765,5.610119048,4.192439863,6.333474756,9.136904762,6.467353952,3.131947391,3.721230159,3.129725086
4.140432754,5.46031746,4.298109966,7.43954179,12.64384921,5.99742268,3.100551549,3.48015873,3.105670103
4.305473059,4.906746032,4.386597938,6.893084429,13.99305556,6.115979381,3.365294866,3.62202381,3.187285223
4.316928299,5.055555556,4.559278351,7.28935087,14.7797619,5.74742268,3.18455664,4.100198413,2.962199313
4.186253712,5.963293651,4.542955326,6.847263471,16.73313492,6.146907216,3.19134493,3.971230159,3.263745704
4.606703437,5.517857143,4.408075601,6.449299958,16.01984127,6.040378007,3.308018668,3.574404762,3.209621993
4.224437845,5.540674603,5.231099656,7.248621129,15.30853175,6.220790378,3.26431905,3.528769841,3.29467354
4.067882902,5.609126984,4.463058419,7.10012728,15.49107143,6.174398625,3.0479423,3.683531746,3.206185567
4.435299109,5.930555556,4.68556701,7.077216801,16.17063492,6.271477663,3.237165889,3.586309524,3.104810997
4.324140857,5.381944444,4.766323024,6.859567246,16.73214286,5.902061856,3.161221892,3.660714286,2.689862543
4.547305897,5.484126984,4.456185567,6.759864234,18.82043651,6.335051546,3.226134917,3.770833333,3.193298969
4.120916419,6.157738095,4.830756014,7.009333899,19.8640873,6.111683849,3.260924905,3.660714286,3.215635739
4.322443784,5.939484127,4.657216495,6.925328808,18.23115079,6.725085911,3.583368689,3.314484127,3.04209622
4.317352567,6.0625,4.608247423,6.874416631,20.40575397,5.659793814,3.272380144,3.342261905,3.138316151
4.088247773,6.610119048,4.208762887,7.014000849,17.375,6.055841924,3.050912176,3.813492063,2.946735395
4.403478999,5.91765873,4.478522337,7.542638948,19.23313492,5.846219931,3.247772592,3.395833333,3.283505155
4.036062792,6.485119048,4.196735395,6.207467119,14.93551587,6.279209622,3.175647009,3.426587302,2.939003436
4.232923207,6.713293651,4.609965636,7.448875689,11.61607143,6.065292096,3.199830293,3.615079365,3.0395189
4,6.181547619,4.152061856,6.992363174,11.91666667,5.907216495,3.120916419,3.488095238,3.341065292
4.188375053,6.673611111,4.732817869,6.812473483,10.23611111,6.104810997,3.121764955,3.781746032,2.995704467
4.329656343,6.408730159,4.920103093,7.27110734,10.36904762,5.95790378,3.188799321,3.595238095,3.492268041
4.342808655,6.49702381,4.385738832,6.955876114,11.20039683,5.567869416,3.443784472,3.958333333,3.092783505
4.246924056,6.076388889,4.116838488,6.889266016,9.594246032,6.725945017,3.470513364,3.425595238,3.173539519
4.277047094,6.679563492,4.448453608,7.335171829,10.98115079,6.182130584,3.132795927,3.933531746,3.222508591
4.377598642,6.670634921,4.256872852,6.957148918,14.07738095,5.268041237,3.33941451,3.366071429,3.151202749
4.430207891,5.234126984,4.405498282,6.850233347,14.66666667,6.164948454,3.280016971,3.804563492,3.117697595
4.306745863,5.765873016,4.030927835,6.85871871,16.0297619,6.512886598,3.371658888,3.643849206,3.050687285
4.347899873,6.867063492,4.426116838,6.845566398,15.48412698,6.384020619,3.131947391,3.516865079,3.131443299
4.445905812,5.839285714,4.803264605,6.969028426,15.45833333,6.662371134,3.273228681,3.78968254,3.337628866
4.23462028,5.949404762,3.841924399,6.783198982,13.5327381,5.37371134,3.33474756,3.493055556,3.020618557
4.244378447,6.104166667,3.969072165,7.201951633,13.1577381,6.113402062,3.193890539,3.494047619,2.952749141
4.366567671,5.935515873,4.158934708,7.057700467,14.83333333,5.547250859,3.262197709,4.014880952,2.965635739
4.379295715,5.702380952,4.029209622,7.417479847,14.99503968,6.041237113,3.229529062,3.416666667,3.5395189
4.475604582,6.46031746,3.718213058,7.078913874,13.69246032,5.939862543,3.246924056,3.41468254,2.993986254
4.790835808,5.838293651,3.863402062,6.918116249,15.2797619,6.413230241,3.308867204,3.78968254,2.928694158
4.396690709,6.39484127,4.012027491,7.00678829,14.85714286,5.989690722,3.138311413,3.734126984,2.85652921
4.214679678,5.587301587,3.784364261,7.002121341,13.85515873,5.49742268,3.247772592,3.219246032,2.969931271
4.676283411,5.873015873,4.214776632,6.803563852,13.30952381,6.391752577,3.267288927,3.390873016,3.011168385
4.965210013,6.165674603,4.073883162,6.722528638,11.59424603,6.184707904,3.196860416,3.392857143,3.104810997
4.347051336,6.077380952,4.140034364,7.306745863,9.509920635,6.326460481,3.347899873,3.405753968,2.996563574
4.344081459,5.761904762,3.81185567,7.019092066,9.923611111,6.33161512,3.28256258,3.724206349,3.129725086
4.116673738,6.698412698,4.08419244,7.107764107,9.496031746,5.867697595,3.214679678,4.024801587,2.896907216
4.701315231,6.161706349,3.824742268,7.028425965,10.32539683,5.742268041,3.239711498,3.509920635,3.128006873
4.310564277,6.416666667,4.075601375,6.736105218,10.33234127,6.43556701,3.165040305,3.738095238,3.119415808
4.537971998,6.126984127,4.570446735,6.592702588,9.606150794,5.978522337,3.224013577,3.776785714,2.833333333
4.397963513,7.063492063,4.570446735,7.254136614,9.753968254,6.614261168,3.199406025,3.595238095,3.150343643
4.486635554,7.180555556,4.315292096,7.219346627,9.58234127,6.029209622,3.212558337,3.505952381,3.149484536
4.460330929,7.626984127,4.646907216,6.917267713,9.918650794,5.719931271,3.183283835,3.68452381,3.243127148
4.342384387,7.054563492,4.096219931,7.056427662,9.790674603,6.268041237,3.343232923,3.869047619,3.531786942
4.64234196,6.319444444,4.569587629,6.882053458,10.44742063,5.832474227,3.421722529,3.20734127,3.139175258
4.304624523,6.071428571,4.490549828,7.106915571,10.57242063,6.233676976,3.389053882,3.484126984,3.135738832
4.42596521,6.22718254,4.745704467,7.845566398,10.90079365,6.456185567,3.062791684,3.383928571,3.036082474
4.781501909,5.892857143,4.638316151,6.571064913,9.614087302,6.328178694,3.043699618,3.640873016,3.24742268
4.59906661,5.415674603,4.536941581,6.695799745,10.40178571,6.411512027,3.077216801,3.604166667,3.52233677
4.486211286,5.616071429,4.442439863,7.009758167,8.953373016,6.310137457,3.403478999,3.891865079,2.963058419
4.415782775,5.528769841,4.261168385,7.218498091,8.12202381,6.493986254,3.266864658,4.093253968,3.036941581
4.663979635,5.828373016,4.51975945,6.954603309,9.705357143,6.476804124,3.412812898,3.716269841,3.370274914
4.771743742,5.538690476,4.413230241,7.431480696,9.670634921,6.826460481,3.123462028,3.587301587,3.033505155
4.274925753,5.814484127,4.132302405,6.967331353,10.88888889,6.996563574,3.138735681,3.462301587,3.250859107
4.449299958,4.891865079,4.493986254,6.654221468,12.33829365,7.16838488,3.812897751,3.299603175,3.121993127
4.458633857,5.052579365,4.566151203,6.663555367,12.22123016,6.696735395,3.36444633,3.604166667,3.015463918
4.392023759,5.933531746,4.778350515,6.672889266,13.22420635,7.330756014,3.348748409,3.510912698,3.050687285
4.501909207,5.947420635,4.429553265,6.762834111,13.80555556,6.574742268,3.655070004,3.510912698,3.537800687
4.551972847,5.172619048,4.453608247,6.934662707,13.18253968,6.682989691,3.196860416,3.943452381,3.090206186
4.12303776,5.74702381,4.759450172,6.260076368,12.17857143,7.346219931,3.199830293,3.58531746,2.800687285
4.15952482,5.216269841,4.212199313,6.80398812,12.73115079,7.403780069,3.205770047,3.386904762,2.860824742
4.435299109,6.154761905,4.586769759,6.68561731,12.3125,6.771477663,3.138311413,3.674603175,2.999140893
4.484089945,5.601190476,4.998281787,6.513364446,12.77480159,6.326460481,3.144675435,3.686507937,3.150343643
4.3941451,5.500992063,4.733676976,6.347051336,12.67757937,6.871134021,3.090793381,3.537698413,2.852233677
4.61264319,5.462301587,4.991408935,6.963088672,11.29960317,6.782646048,3.406024608,3.921626984,3.254295533
4.506151888,6.057539683,4.926975945,7.256257955,9.867063492,6.567010309,3.363597794,3.360119048,3.012886598
4.340687314,5.701388889,4.567869416,6.828171404,10.59623016,6.187285223,3.347475605,3.75,3.450171821
4.452694103,5.463293651,4.785223368,7.31438269,9.648809524,6.489690722,3.109885448,3.58234127,3.426975945
4.652948664,5.741071429,4.389175258,7.416631311,9.804563492,6.162371134,3.269834535,3.231150794,3.384020619
4.226134917,6.44047619,4.597938144,6.769198133,10.38789683,5.99742268,3.359779381,3.346230159,3.116838488
4.458633857,5.842261905,4.750859107,6.697921086,9.935515873,6.323883162,3.459482393,3.651785714,3.279209622
4.453118371,5.473214286,4.639175258,6.574459058,9.433531746,6.169243986,3.212558337,3.529761905,3.286082474
4.410691557,6.62202381,4.647766323,6.798896903,10.05654762,6.93814433,3.165040305,3.60218254,3.159793814
4.821383114,6.271825397,4.368556701,7.07976241,10.03472222,6.700171821,3.421298261,3.860119048,3
4.294866356,5.984126984,4.427835052,7.221467968,9.504960317,6.682130584,3.256682223,3.545634921,3.203608247
4.650827323,5.60218254,4.620274914,6.999151464,10.2390873,6.453608247,3.323292321,3.688492063,3.04467354
4.304624523,6.00297619,4.976804124,6.803139584,11.24503968,6.151202749,3.139584217,3.675595238,3.036082474
4.511243106,6.570436508,4.083333333,6.516758591,10.79464286,6.625429553,3.125159101,3.518849206,3.048969072
4.413237166,5.443452381,4.737972509,7.064064489,10.36507937,6.451030928,3.273652949,3.550595238,3.330756014
4.225710649,5.748015873,4.445876289,7.448027153,11.0952381,6.748281787,3.324989393,3.811507937,3.048969072
4.930420025,6.141865079,4.852233677,6.885023335,9.37202381,6.335910653,3.465846415,3.701388889,3.137457045
4.69707255,6.249007937,4.807560137,6.354263895,11.87103175,6.218213058,3.385235469,3.822420635,3.223367698
4.396690709,6.544642857,4.237972509,6.439966059,11.07738095,6.158075601,3.215528214,3.529761905,3.298969072
4.550275774,6.196428571,4.558419244,6.729741196,11.51785714,6.414089347,3.09800594,3.8125,3.248281787
4.39626644,5.834325397,4.838487973,7.089944845,14.43353175,6.533505155,3.243954179,4.196428571,3.129725086
4.351294018,5.898809524,4.556701031,7.05006364,15.38194444,6.35137457,3.244378447,3.591269841,2.816151203
4.87017395,6.573412698,4.060137457,7.17988969,16.08630952,6.187285223,3.115400933,3.402777778,3.299828179
4.535426389,5.293650794,4.254295533,6.820534578,17.3343254,6.333333333,2.892235893,3.709325397,2.961340206
4.542638948,5.264880952,5.149484536,6.572761986,16.56746032,6.276632302,3.238862961,3.703373016,3.370274914
4.381417056,5.737103175,4.608247423,6.85193042,16.71031746,6.743127148,2.853627493,3.791666667,3.342783505
4.236741621,5.337301587,4.411512027,6.722952906,16.00099206,6.451890034,3.285956725,3.796626984,3.265463918
4.584641493,5.784722222,5.018041237,6.445481544,16.21527778,6.335910653,3.308867204,4.070436508,2.781786942
4.779380569,6.005952381,4.521477663,7.089944845,15.36309524,6.174398625,3.290199406,3.870039683,2.926975945
4.448451421,5.864087302,4.47766323,7.006364022,17.7093254,5.865979381,3.346627068,3.52281746,3.305841924
4.619007213,5.907738095,4.531786942,6.624522698,17.54365079,6.317010309,3.353839627,3.587301587,3.224226804
4.558336869,6.378968254,4.85137457,7.22316504,16.83730159,6.405498282,3.082732287,3.824404762,2.812714777
4.641917692,5.892857143,4.500859107,7.212558337,17.75099206,5.97766323,3.376325838,3.656746032,3.087628866
4.446754349,5.72718254,4.693298969,7.443784472,16.79166667,6.097079038,3.192193466,3.761904762,3.163230241
4.684344506,5.820436508,4.796391753,7.331777683,16.41666667,6.116838488,3.523122613,3.601190476,3.128006873
4.470937633,6.37202381,4.567010309,7.027153161,15.98809524,5.773195876,3.361476453,3.962301587,3.20532646
4.308442936,6.296626984,4.662371134,7.471361901,17.16468254,6.265463918,2.978786593,3.878968254,3.445876289
4.556639796,5.337301587,4.532646048,7.428510819,16.38988095,5.715635739,3.458633857,3.544642857,3.129725086
4.347899873,6.331349206,4.846219931,7.867204073,16.78075397,5.835910653,3.323292321,3.591269841,3.319587629
4.585065762,6.530753968,4.813573883,7.55579126,12.34623016,6.047250859,3.022061943,3.641865079,3.009450172
4.835383963,6.200396825,4.589347079,6.973695375,11.92956349,6.695017182,3.229953331,3.240079365,3.265463918
4.778532032,6.382936508,4.819587629,7.090369113,13.67261905,6.468213058,3.143826899,3.534722222,2.845360825
4.800593975,6.226190476,4.897766323,6.657615613,11.01984127,6.466494845,3.078913874,4.047619048,2.728522337
4.568095036,6.319444444,4.7104811,6.980483666,12.26190476,6.256872852,3.210436996,3.668650794,3.424398625
4.759015698,6.405753968,5.075601375,7.192617734,11.83630952,6.774914089,3.420449724,3.62797619,2.91838488
4.837929571,6.784722222,4.859106529,6.84514213,11.62797619,6.681271478,3.096733135,3.74702381,2.989690722
5.006364022,6.237103175,4.640034364,6.730589733,11.13194444,6.177835052,3.126007637,3.73015873,3.091065292
4.904963937,5.85218254,5.253436426,7.163343233,11.47321429,6.235395189,3.258803564,3.579365079,3.366838488
4.662706831,5.975198413,5.10395189,7.650827323,11.59027778,6.232817869,3.109885448,3.479166667,3.043814433
4.834111158,6.704365079,4.930412371,7.1731014,12.82936508,6.122852234,3.223589308,3.636904762,2.932989691
4.61731014,6.45734127,4.921821306,7.324565125,11.98710317,7.097938144,2.963937208,3.505952381,3.239690722
4.83835384,5.975198413,4.968213058,7.196436148,13.5952381,6.726804124,3.276622826,3.817460317,3.12628866
5.01145524,5.589285714,5,7.418752652,15.27380952,6.644329897,3.331777683,3.801587302,3.280927835
4.721255834,6.219246032,4.987113402,7.988120492,17.21428571,6.692439863,3.192617734,3.78968254,2.868556701
4.620280017,6.214285714,5.108247423,8.887144675,19.15674603,7.190721649,3.213406873,3.732142857,3.204467354
4.856173101,5.795634921,5.076460481,9.161221892,19.12698413,7.54467354,3.257955028,3.155753968,3.220790378
5.042426814,5.703373016,5.315292096,9.436147645,16.43948413,7.14862543,3.467967756,3.357142857,2.899484536
5.222740772,5.856150794,5.01975945,9.476453118,16.19146825,6.466494845,3.263894782,3.544642857,3.278350515
5.116673738,6.326388889,4.81185567,9.257530759,16.7827381,7.624570447,3.440390327,3.29265873,3.304982818
4.745014849,6.202380952,5.030927835,9.179465422,14.9593254,7.640034364,3.099703012,3.634920635,3.032646048
5.169707255,6.494047619,5.347938144,9.108612643,15.46230159,7.934707904,3.415782775,3.403769841,3.124570447
5.607976241,5.489087302,5.254295533,9.384386933,15.2609127,7.274054983,3.143826899,3.534722222,3.339347079
5.064913025,5.041666667,5.326460481,9.96817989,14.71031746,7.010309278,3.250742469,3.686507937,2.984536082
5.028850233,5.774801587,4.527491409,9.480271532,16.76984127,6.821305842,3.328383538,3.548611111,3.204467354
5.606703437,5.5,4.904639175,9.712770471,15.75,7.196735395,3.288926602,3.515873016,3.333333333
4.938905388,5.744047619,4.928694158,9.494696648,16.30357143,7.216494845,3.50572762,3.408730159,3.012027491
5.465422147,5.047619048,5.154639175,9.44420874,14.83531746,6.791237113,3.389902418,3.954365079,3.293814433
5.236741621,6.219246032,4.599656357,10.14637251,13.26488095,6.475945017,3.178192618,3.278769841,3.182989691
5.422146797,5.77281746,5.241408935,9.690708528,11.33035714,6.560996564,3.280865507,3.619047619,3.392611684
5.589308443,5.334325397,4.755154639,9.008485363,10.15575397,6.317869416,3.366567671,3.56547619,3.180412371
5.633432329,5.472222222,4.658075601,9.46924056,10.08035714,6.329037801,3.200254561,3.641865079,3.381443299
5.247348324,5.732142857,5.030068729,9.225710649,9.983134921,6.440721649,3.332201952,3.569444444,3.147766323
5.521849809,6.349206349,4.694158076,9.658464149,10.38690476,6.219072165,3.276622826,3.366071429,3.225945017
5.601612219,5.80952381,4.618556701,10.4314807,11.40972222,5.921821306,3.432329232,3.278769841,3.124570447
6.292320747,5.941468254,5.054123711,9.151463725,11.10218254,6.085910653,3.728044124,3.406746032,3.057560137
5.542638948,6.195436508,4.686426117,9.680950361,11.54166667,6.517182131,3.639372083,3.597222222,3.181271478
6.008909631,6.412698413,4.880584192,10.56894357,13.41369048,6.500859107,3.551124311,3.738095238,2.979381443
6.226559185,6.433531746,4.964776632,10.98854476,13.34722222,5.654639175,3.924056003,3.490079365,3.006872852
6.326262198,6.266865079,5.256872852,10.29953331,11.70535714,6.371993127,3.810352143,3.523809524,2.98024055
6.201527365,6.587301587,4.663230241,10.7403479,11.39980159,6.20790378,3.859567246,3.760912698,3.237113402
6.868476877,6.729166667,4.686426117,11.63809928,11.9375,6.589347079,3.669919389,3.70734127,3.059278351
6.629189648,6.375,4.843642612,11.30335172,12.62996032,6.774914089,3.851081884,4.331349206,3.097079038
6.387781078,6.407738095,4.449312715,12.01951633,13.51388889,6.958762887,3.805260925,3.697420635,3.271477663
6.718710225,7.336309524,4.771477663,12.98769622,13.39285714,6.510309278,3.977513789,3.615079365,3.280068729
6.582520153,6.541666667,4.700171821,15,16.25,6.728522337,3.3941451,3.563492063,3.308419244
6.855324565,6.182539683,4.753436426,18.19983029,20.32638889,6.815292096,3.190072126,3.504960317,3.203608247
6.882477726,7.767857143,4.957044674,19.52439542,21.5922619,6.22766323,3.368264743,3.407738095,3.082474227
6.383962664,6.557539683,4.569587629,21.7123462,21.78075397,7.426116838,3.474331778,3.699404762,3.192439863
6.721680102,6.287698413,4.407216495,22.99406025,23.05257937,6.860824742,3.328383538,3.617063492,3.567010309
7.12303776,6.529761905,4.193298969,23.52651676,24.10416667,7.151202749,3.227407722,3.771825397,3.223367698
6.636402206,6.85515873,4.31185567,24.03224438,23.39583333,7.077319588,3.333474756,3.845238095,3.182989691
6.509121765,6.301587302,4.951030928,23.81332202,25.25793651,6.441580756,3.21637675,3.572420635,2.914089347
6.541366143,5.566468254,5.131443299,23.89011455,24.13194444,7.416666667,3.351718286,3.251984127,3.150343643
6.386932541,6.029761905,4.421821306,25.46924056,23.75396825,6.757731959,3.378447179,4.029761905,3.250859107
6.530335172,6.027777778,4.782646048,25.82392872,25.1875,7.479381443,3.324565125,4.1875,2.880584192
6.881204922,6.722222222,4.750859107,25.5566398,26.53174603,7.624570447,3.209164192,3.784722222,3.128865979
6.411964361,6.299603175,4.327319588,25.11709801,24.59920635,8.837628866,3.248621129,3.858134921,2.993986254
6.747560458,6.260912698,4.945017182,24.30123038,24.08928571,8.073883162,3.329656343,3.439484127,3.313573883
7.240984302,6.180555556,4.680412371,24.94526941,24.90376984,8.79209622,3.33262622,3.600198413,3.306701031
6.766228256,5.55952381,5.156357388,24.06491303,25.30952381,9.107388316,3.355960967,3.646825397,3.074742268
7.036062792,6.791666667,4.407216495,23.19219347,24.47916667,7.512027491,3.171828596,3.579365079,3.176975945
6.877810776,6.024801587,4.826460481,23.73568095,23.42162698,8.283505155,3.348324141,3.458333333,3.231099656
6.588035639,6.410714286,4.737972509,23.85277896,24.52777778,7.670962199,3.157827747,3.739087302,3.454467354
7.039456937,6.043650794,5.524054983,22.98387781,22.59623016,7.871993127,3.230801867,3.595238095,3.23024055
7.616461604,5.807539683,4.761168385,20.03903267,19.37599206,7.14604811,3.58761137,4.097222222,2.959621993
6.768349597,6.158730159,5.41580756,17.12897751,16.625,8.037800687,3.583368689,3.485119048,3.034364261
7.071701315,5.678571429,5.087628866,15.68943572,17.02380952,7.511168385,3.683920238,3.716269841,3.206185567
6.966058549,5.744047619,4.89347079,15.10733984,16.24702381,6.735395189,3.595248197,3.651785714,3.535223368
6.862112855,6.386904762,4.716494845,14.54009334,15.58035714,6.664948454,3.638947815,3.737103175,3.107388316
6.802291048,6.405753968,4.343642612,14.11030972,14.52480159,7.134020619,3.5193042,3.930555556,3.154639175
6.347475605,6.256944444,5.109965636,13.0678829,15.00297619,6.615979381,3.572337717,3.781746032,3.150343643
6.696648282,6.097222222,4.700171821,12.62494697,13.21428571,6.759450172,3.666525244,3.60515873,2.948453608
7.019092066,6.035714286,4.823883162,11.48112007,12.4047619,6.529209622,3.43063216,3.50297619,2.975945017
6.402206194,6.18452381,4.962199313,11.45057276,12.72916667,6.662371134,3.553669919,3.866071429,3.189003436
6.772592278,5.731150794,4.359106529,10.98557488,12.20436508,6.045532646,3.522698345,3.544642857,3.367697595
6.060246076,6.027777778,4.93814433,11.77174374,12.39880952,7.087628866,3.53075944,3.973214286,3.451030928
6.299109037,5.612103175,4.771477663,10.63725074,12.73015873,6.426116838,3.207467119,3.636904762,3.152061856
5.949087824,6.673611111,4.556701031,10.19558761,11.88194444,7.500859107,3.485787017,3.807539683,3.068728522
6.056003394,6.00297619,4.666666667,10.11370386,11.98710317,6.503436426,3.370386084,3.515873016,3.20532646
6.312261349,5.706349206,4.615979381,10.86253712,13.07837302,6.742268041,3.482392872,3.787698413,2.816151203
5.979635129,6.39781746,4.355670103,11.01569792,11.57440476,6.651202749,3.28256258,3.686507937,3.22766323
6.252015274,6.673611111,5.292955326,11.37717437,11.87400794,6.844501718,3.348748409,3.381944444,3.195876289
6.092490454,6.348214286,4.929553265,13.41154009,15.16964286,7.605670103,3.226559185,3.598214286,3.080756014
6.207467119,6.124007937,4.975945017,17.38735681,20.95436508,8.5,3.243954179,3.385912698,3.105670103
5.634280866,6.566468254,4.731958763,20.30377599,23.42559524,9.073024055,3.0479423,3.83531746,2.949312715
6.022910479,6.570436508,4.196735395,21.85829444,23.96924603,9.348797251,3.390326686,3.860119048,3.08419244
6.294442087,6.950396825,4.812714777,24.21764955,24.33829365,10.12800687,3.463300806,4.319444444,3.172680412
5.647857446,6.808531746,4.399484536,24.86465846,25.61111111,9.75257732,3.261349173,3.277777778,2.924398625
6.329656343,6.166666667,4.748281787,25.01654646,25.79265873,9.973367698,3.462028002,3.671626984,2.975945017
5.990241833,6.578373016,4.701890034,25.59142978,26.60119048,9.764604811,3.338141706,3.571428571,3.33161512
5.96351294,7.280753968,4.288659794,25.27450148,25.56646825,9.886597938,3.176071277,3.615079365,3.031786942
6.229953331,5.944444444,4.885738832,25.98981756,25.58333333,10.91237113,3.405176071,3.716269841,3.166666667
5.823504455,7.250992063,4.833333333,26.47815019,23.63888889,11.21821306,3.458209588,3.552579365,3.162371134
6.492999576,5.990079365,4.467353952,28.75053034,23.21130952,10.7895189,3.41450997,3.953373016,3.49742268
6.172252864,6.181547619,5.194158076,26.27492575,22.15376984,10.68900344,3.15485787,3.380952381,3.391752577
6.994060246,6.320436508,5.091924399,26.07424692,20.24503968,10.09621993,3.533305049,3.841269841,2.978522337
6.438268986,6.462301587,5,27.15485787,22.62301587,10.89003436,3.230801867,3.344246032,3.139175258
6.221892236,6.569444444,4.803264605,27.50021213,21.47916667,11.4467354,3.149342384,3.419642857,3.236254296
6.510394569,6.848214286,4.865120275,27.35808231,22.10515873,11.04381443,3.510818838,3.536706349,2.940721649
6.317776835,6.034722222,5.547250859,27.23377174,21.45734127,11.5661512,3.190072126,3.431547619,3.234536082
7.059821807,6.438492063,5.051546392,27.90496394,22.21527778,12.88573883,3.476453118,3.395833333,2.908075601
6.27789563,6.285714286,5.402061856,28.10012728,20.81051587,12.34020619,3.51718286,3.816468254,3.036941581
6.28468392,7.271825397,5.35395189,27.52100127,20.55555556,11.37457045,3.240560034,3.226190476,3.176116838
6.520577005,5.886904762,4.860824742,28.28510819,21.53472222,11.51632302,3.745014849,3.452380952,2.974226804
6.699618159,7.057539683,5.14862543,26.98175647,21.00992063,11.19072165,3.21637675,3.398809524,2.839347079
6.792532881,5.899801587,5.363402062,28.8561731,20.27579365,10.52233677,3.33941451,3.494047619,2.986254296
6.426813746,6.162698413,5.408934708,29.41663131,20.54265873,10.74828179,3.618582944,3.749007937,3.009450172
6.263470513,6.050595238,5.000859107,28.29359355,17.58730159,11.38058419,3.121764955,3.382936508,3.030068729
6.07509546,6.468253968,5.320446735,29.36784048,19.9702381,10.60652921,3.559609673,3.538690476,3.057560137
6.151887993,6.60218254,5.757731959,30.08103521,20.04166667,9.445017182,3.238014425,3.665674603,3.238831615
6.262197709,5.699404762,5.241408935,29.39626644,20.59126984,8.449312715,3.161221892,3.556547619,3.102233677
6.489605431,6.170634921,5.599656357,31.62197709,19.12301587,8.689862543,3.212982605,3.369047619,3.208762887
6.499787866,5.715277778,5.908934708,30.63046245,20.35416667,8.600515464,3.225710649,3.568452381,2.989690722
6.61052185,5.733134921,5.504295533,29.54645736,20.81448413,8.742268041,3.347475605,3.4375,3.278350515
6.462876538,6.31547619,4.939003436,29.91726771,20.01884921,10.27835052,3.000424268,3.625,3.136597938
6.044548154,5.860119048,5.312714777,29.32541366,19.45734127,10.8943299,3.354263895,3.53968254,3.307560137
6.561306746,6.255952381,5.324742268,29.91302503,19.35218254,12.29725086,3.287229529,3.538690476,3.310137457
6.702588036,5.900793651,5.506013746,29.78616886,19.4077381,13.66924399,3.291047942,3.387896825,3.066151203
6.366567671,6.73015873,5.065292096,29.5473059,19.42956349,14.00343643,3.48748409,3.433531746,3.078178694
6.145099703,6.881944444,5.697594502,31.56894357,20.17063492,14.11082474,3.276622826,3.350198413,3.132302405
6.358506576,5.97718254,5.68556701,30.69792109,21.42261905,13.73883162,3.316079762,3.507936508,3.176975945
6.229104794,5.859126984,5.669243986,29.92660161,19.88789683,14.29725086,3.384386933,3.751984127,3.117697595
6.639796351,6.076388889,5.548969072,29.47730165,21.00496032,15.91408935,3.319898176,3.718253968,3.246563574
6.635129402,5.850198413,6.158075601,30.52312261,20.01884921,15.37714777,3.588459907,3.521825397,3.197594502
6.308442936,5.291666667,5.787800687,28.44717862,20.52579365,12.46735395,3.618158676,3.665674603,3.006013746
6.465846415,5.929563492,5.874570447,20.7496818,15.03769841,9.865979381,3.502757743,3.548611111,3.200171821
6.596521001,6.232142857,5.545532646,16.51845566,14.51289683,8.828178694,3.608400509,3.981150794,3.195017182
6.089096309,5.793650794,5.534364261,15.17691981,12.70535714,8.786082474,3.646584641,3.699404762,3.401202749
6.394993636,5.743055556,5.329896907,14.92490454,12.66865079,9.284364261,3.672889266,3.428571429,3.370274914
6.398812049,5.810515873,5.826460481,14.57530759,11.54563492,8.871993127,3.663979635,3.534722222,3.10652921
6.151463725,6.224206349,5.233676976,13.64276623,13.18055556,7.337628866,3.502757743,3.448412698,3.237113402
6.240560034,5.955357143,5.142611684,14.23589308,11.93154762,7.591065292,3.516758591,3.674603175,2.886597938
6.036911328,5.600198413,4.798109966,13.33347476,12.52380952,8.303264605,3.400084854,3.822420635,3.333333333
6.257955028,6.256944444,4.89862543,13.61179465,11.92857143,8.361683849,3.271955876,3.625,3.154639175
6.064488757,6.351190476,5.011168385,13.2210437,11.44642857,7.598797251,3.255409419,3.349206349,3.059278351
6.456936784,5.765873016,5.39862543,13.0678829,11.05952381,7.963917526,3.4806958,3.450396825,3.175257732
6.3075944,5.807539683,5.073024055,13.78786593,12.1140873,8.057560137,3.307170132,3.470238095,3.347079038
6.167161646,6.10515873,5.220790378,18.02885023,15.76190476,8.909793814,3.17988969,3.958333333,3.354810997
5.712346203,5.389880952,5.708762887,23.2397115,18.90079365,8.79209622,3.268137463,3.35218254,3.174398625
5.90199406,6.015873016,5.487113402,28.16461604,19.70337302,8.494845361,3.151463725,3.739087302,3.116838488
6.072125583,5.213293651,5.487113402,29.61221892,20.40972222,8.60137457,3.54221468,3.521825397,3.150343643
5.93848112,5.359126984,5.573883162,31.941451,22.10912698,8.434707904,3.367840475,3.609126984,3.093642612
6.033092915,5.869047619,5.689862543,34.88205346,23.11309524,8.75257732,3.400509122,3.926587302,2.974226804
6.504454815,5.963293651,5.145189003,36.6164616,21.93055556,8.865120275,3.057276199,3.780753968,3.362542955
6.764955452,5.570436508,5.559278351,41.21722529,20.83730159,8.726804124,3.290199406,3.5,3.042955326
6.471786169,5.892857143,5.443298969,43.65719134,21.28174603,9.164948454,3.560033941,3.651785714,3.077319588
6.762409843,5.364087302,5.546391753,45.54688163,23.21825397,9.457044674,3.36911328,3.656746032,3.273195876
7.201951633,6.590277778,5.657216495,47.34450573,22.98611111,9.051546392,3.202375902,3.435515873,3.060137457
6.98854476,5.224206349,5.735395189,48.36105218,20.91369048,10.104811,3.286380993,3.876984127,3.421821306
6.643190496,5.651785714,5.838487973,51.06194315,21.86011905,9.598797251,3.357233772,3.746031746,3.161512027
6.887993212,5.443452381,5.81185567,52.30420025,23.92956349,9.274054983,3.273228681,3.930555556,3.14862543
6.622825626,6.103174603,6.337628866,50.96987696,23.20138889,9.572164948,3.584217225,3.834325397,3.159793814
7.034365719,6.279761905,5.882302405,50.91726771,23.67361111,8.857388316,3.414085702,3.788690476,3.378006873
7.016122189,5.337301587,5.469931271,51.30420025,22.17757937,8.37628866,3.274501485,3.786706349,3.281786942
6.84514213,5.278769841,5.728522337,51.33220195,22.55654762,8.529209622,3.054306322,3.683531746,3.183848797
6.965210013,5.263888889,5.920962199,52.90029699,23.62301587,8.956185567,3.381417056,3.325396825,3.04209622
6.878235045,5.724206349,5.458762887,52.61731014,23.59126984,8.819587629,3.09333899,3.49702381,3.000859107
7.023334748,6.534722222,5.489690722,53.98218074,23.07936508,12.93041237,3.424692406,3.392857143,3.16580756
6.929147221,5.975198413,5.345360825,55.32965634,21.76488095,14.83247423,3.401781926,3.604166667,3.642611684
7.182011031,6.503968254,5.670962199,54.01357658,22.69940476,14.54037801,3.392023759,3.751984127,3.100515464
7.642766228,6.348214286,5.518900344,55.03521426,22.64087302,16.25945017,3.514212983,3.506944444,2.993986254
6.985574883,6.392857143,5.781786942,55.39159949,20.39186508,16.24742268,3.319898176,3.500992063,3.057560137
7.574883326,5.228174603,5.445876289,57.11752227,21.68551587,15.43213058,3.38735681,3.361111111,3.231958763
7.040305473,5.126984127,5.271477663,55.67501061,20.60019841,16.14690722,3.098430208,3.660714286,3.02233677
7.973271107,5.635912698,5.556701031,54.65507,20.60912698,15.36597938,3.278319898,3.513888889,2.967353952
7.336444633,5.487103175,5.907216495,53.43742045,21.26488095,16.14776632,3.279592703,3.843253968,3.120274914
6.997878659,5.833333333,6.034364261,52.29316928,19.42460317,15.1967354,3.268137463,3.660714286,3.523195876
8.049639372,6.19047619,5.442439863,52.83326262,20.88888889,16.38917526,3.2210437,3.739087302,3.233676976
7.434874841,5.768849206,5.37628866,53.28383538,20.48511905,11.86168385,3.418328384,3.817460317,3.035223368
7.24607552,5.72718254,5.9604811,52.89987272,19.91666667,11.09879725,3.272380144,3.527777778,3.015463918
7.155282138,5.903769841,5.943298969,52.42469241,19.9781746,10.04209622,3.439966059,3.544642857,3.140893471
7.6058549,5.89484127,5.843642612,50.84386933,18.78075397,10.75343643,3.26644039,3.530753968,3.147766323
7.523122613,5.051587302,5.773195876,51.84132372,18.15575397,10.68556701,3.268985999,3.567460317,3.107388316
7.77216801,5.176587302,6.190721649,53.35893084,19.44742063,10.1709622,3.329656343,3.472222222,3.018900344
7.594399661,5.494047619,6.228522337,54.67670768,17.87400794,10.84707904,3.319049639,3.798611111,3.172680412
7.476453118,6.060515873,6.457044674,52.33220195,18.16964286,10.51546392,3.243105643,3.862103175,3.416666667
7.839626644,5.557539683,5.770618557,53.17479847,18.22519841,9.858247423,3.25286381,3.691468254,2.959621993
7.865507,5.044642857,5.681271478,55.38099279,18.28472222,10.09879725,3.347051336,3.674603175,3.013745704
8.232923207,5.948412698,5.516323024,55.7204073,18.66071429,9.580756014,3.314806958,3.632936508,2.987113402
7.944420874,6.076388889,6.055841924,57.58167162,18.44146825,9.354810997,3.324140857,3.732142857,2.999140893
7.848960543,5.536706349,6.048969072,59.70386084,19.10813492,10.32044674,3.27110734,3.584325397,3.166666667
8.308018668,5.328373016,5.179553265,61.19940602,17.56448413,9.464776632,3.292745015,3.334325397,3.075601375
8.051336445,5.552579365,5.654639175,61.59736954,17.7609127,9.592783505,3.53754773,4.14484127,3.02233677
8.35299109,4.895833333,5.453608247,63.64913025,17.78472222,9.682130584,3.266864658,3.720238095,3.099656357
8.778532032,6.000992063,5.942439863,63.3848112,18.59325397,10.61683849,3.286380993,3.723214286,2.928694158
8.317352567,5.6875,5.115120275,65.3182011,17.83333333,15.20704467,3.292745015,3.426587302,3.118556701
9.17776835,5.045634921,5.56443299,68.66270683,17.65178571,15.604811,3.310564277,3.5625,3.202749141
8.140008485,5.626984127,5.417525773,68.09630887,18.5406746,16.19501718,3.385235469,3.465277778,3.071305842
8.548154434,5.410714286,5.534364261,67.99278744,19.86011905,17.70790378,3.426389478,3.453373016,3.511168385
8.278744166,5.276785714,5.569587629,69.97030123,18.58531746,17.96649485,3.49893933,3.744047619,3.085051546
8.606279168,6.506944444,5.541237113,69.5299109,18.82837302,18.47766323,3.239711498,3.680555556,3.186426117
8.656767077,5.327380952,4.865979381,66.79295715,20.78571429,18.43986254,3.485362749,3.470238095,3.361683849
8.243954179,5.797619048,5.854810997,69.2596521,21.80853175,19.66838488,3.467543487,3.550595238,3.400343643
8.663555367,5.383928571,5.225945017,70.72464998,19.15873016,18.00343643,3.430207891,3.632936508,3.111683849
8.927874417,5.393849206,5.859106529,71.01484938,18.99702381,19.07388316,3.379295715,3.712301587,3.243127148
9.009758167,6.128968254,5.657216495,71.58294442,19.6656746,16.25085911,3.231650403,3.628968254,3.184707904
8.327110734,6.541666667,5.279209622,70.87865931,14.60615079,15.10137457,3.288502333,3.618055556,3.115979381
8.309291472,5.541666667,5.852233677,70.21467968,12.26190476,15.73883162,3.421298261,3.611111111,3.183848797
8.375053034,5.73015873,5.067010309,69.77938057,11.96329365,15.7242268,3.485362749,3.651785714,2.844501718
8.598642342,5.688492063,5.499140893,68.70598218,12.83928571,15.03178694,3.343657191,3.60515873,3.346219931
8.149766653,5.567460317,5.229381443,69.21213407,16.18551587,14.27749141,3.413661434,3.73015873,3.195876289
8.200678829,5.655753968,5.005154639,65.40178193,17.16170635,14.39604811,3.216801018,3.736111111,3.078178694
7.80865507,5.307539683,5.513745704,65.96393721,18.57440476,14.42268041,3.226134917,3.47718254,3.446735395
8.285956725,5.680555556,5.218213058,66.81544336,18.07043651,15.07216495,3.297411964,3.572420635,3.01975945
7.984302079,5.478174603,5.550687285,67.42638948,18.22123016,14.32474227,3.310988545,3.493055556,2.899484536
8.137038608,5.424603175,5.079896907,68.06321595,18.41765873,14.65463918,3.246924056,3.850198413,3.264604811
8.016122189,5.52281746,5.607388316,69.41493424,16.81448413,14.78006873,3.235044548,3.393849206,3.45532646
8.20492151,5.69047619,5.628006873,69.72592278,17.23313492,14.67869416,3.49893933,3.655753968,3.10652921
7.809079338,5.521825397,5.862542955,67.88205346,16.36011905,15.57989691,3.485787017,3.533730159,2.724226804
8.217649555,5.964285714,5.506872852,67.53839627,17.1984127,14.99398625,3.274501485,3.583333333,3.335910653
7.800593975,5.345238095,5.4604811,66.98345354,18.03373016,14.96735395,3.278319898,3.493055556,3.600515464
8.242257106,4.909722222,5.957044674,67.36953755,17.8531746,16.36426117,3.396690709,3.449404762,3.175257732
7.964785745,5.483134921,5.423539519,67.30462452,16.70535714,14.21735395,3.461179465,3.521825397,2.904639175
7.702163768,5.571428571,5.380584192,69.15273653,18.92162698,14.43728522,3.303351718,3.564484127,2.908075601
8.747984726,6.221230159,5.235395189,69.53627493,15.12599206,15.18556701,3.355536699,3.379960317,2.818728522
8.649554518,6.10218254,4.930412371,69.24692406,15.56746032,14.59793814,3.598218074,3.822420635,2.899484536
7.996181587,5.382936508,5.259450172,69.8748409,15.68948413,13.81271478,3.154433602,3.645833333,3.092783505
8.078065337,6.222222222,5.305841924,70.98812049,16.54761905,14.40292096,3.304624523,3.642857143,2.818728522
7.79719983,5.064484127,5.236254296,72.25668222,16.87797619,14.58333333,3.17988969,3.450396825,3.20532646
8.289775138,5.146825397,5.27233677,73.03563852,16.80257937,13.8419244,3.304200255,3.793650794,2.99742268
7.661434026,5.847222222,5.513745704,71.35596097,17.58829365,14.98883162,3.4327535,3.290674603,3.39604811
8.087823504,5.806547619,5.223367698,68.64276623,17,13.31786942,3.242257106,3.432539683,3.263745704
8.070428511,5.878968254,5.362542955,69.89732711,19.57738095,13.96563574,3.439117522,3.579365079,3.042955326
7.547730165,5.132936508,5.829896907,71.25286381,19.88492063,14.75945017,3.296563428,3.949404762,3.342783505
8.293169283,4.979166667,5.22766323,67.22825626,17.69642857,14.58762887,3.508697497,3.802579365,3.089347079
8.024607552,6.169642857,5.701890034,69.51506152,19.32043651,14.6847079,3.367840475,3.771825397,3.41838488
8.070852779,5.68452381,5.880584192,66.25540942,19.35416667,13.62457045,3.412812898,3.74702381,3.39604811
7.892235893,5.861111111,5.836769759,65.46584641,18.7172619,14.62285223,3.403903267,3.419642857,3.051546392
8.293169283,5.675595238,5.726804124,53.54603309,19.48511905,11.22852234,3.484514213,3.577380952,3.004295533
8.676283411,6.028769841,5.749140893,43.9427238,21.11210317,10.25773196,3.684344506,3.571428571,3.506872852
8.584217225,6.020833333,6.389175258,38.80313958,22.92757937,9.579896907,3.500212134,4.018849206,3.296391753
8.036911328,5.318452381,6.383161512,35.1917692,21.35416667,9.133161512,3.652524395,3.773809524,3.078178694
8.11837081,6.073412698,5.969072165,34.13406873,23.13095238,9.686426117,3.831141281,3.301587302,3.173539519
7.683920238,5.31547619,5.992268041,31.66610098,23.39186508,9.554123711,3.638947815,3.898809524,3.403780069
8.209164192,5.742063492,5.810996564,31.45014849,23.40079365,9.063573883,3.272804412,3.673611111,3.457044674
7.59906661,5.418650794,5.60652921,31.08230802,23.36607143,9.327319588,3.523122613,3.613095238,3.389175258
7.994484514,5.763888889,6.043814433,31.68222317,25.48313492,10.00687285,3.627916843,3.857142857,3.141752577
8.104369962,5.631944444,5.85395189,31.88502333,26.14484127,9.969931271,3.676707679,3.486111111,3.391752577
8.064064489,5.456349206,6.330756014,30.97539245,25.59821429,9.737113402,3.566397964,3.720238095,3.060137457
7.888841748,6.511904762,5.945017182,30.99618159,21.72321429,11.20446735,3.923631735,3.44047619,2.933848797
7.43742045,5.343253968,6.362542955,31.12006788,15.47519841,10.72766323,4.041154009,3.851190476,3.58419244
7.915994909,6.279761905,6.224226804,30.57361052,13.87400794,10.73367698,3.725922783,3.693452381,3.380584192
8.041578277,6.277777778,5.604810997,30.403479,13.47916667,10.54381443,3.744166313,3.657738095,3.237972509
7.773865083,6.348214286,5.702749141,31.35935511,13.33333333,10.67869416,3.984726347,3.746031746,3.256013746
7.805685193,6.429563492,6.152061856,31.17479847,15.25595238,11.13487973,4.123462028,3.587301587,3.124570447
7.811624947,6.863095238,6.456185567,31.43699618,13.39880952,11.26546392,3.904115401,3.706349206,3.375429553
8.011879508,6.479166667,5.930412371,31.83708104,13.26190476,12.0919244,3.85871871,4.049603175,3.306701031
8.532032244,5.864087302,6.420962199,31.23377174,13.22420635,12.11683849,3.618582944,3.805555556,3.501718213
8.319049639,6.967261905,6.349656357,32.43784472,13.625,12.04295533,4.097157403,3.70734127,3.326460481
8.128977514,6.314484127,6.026632302,31.20195163,13.87996032,12.08676976,3.945693678,3.298611111,2.999140893
8.481544336,6.23015873,5.827319588,31.96690709,13.56448413,12.95618557,3.968604158,3.588293651,3.399484536
8.323716589,6.43452381,6.034364261,30.9520577,14.73809524,12.2757732,3.717861689,3.25297619,3.050687285
8.50106067,6.919642857,5.879725086,31.73865083,13.82936508,13.50343643,3.952906237,3.580357143,3.121134021
8.169282987,7.155753968,6.268900344,32.06024608,14.59722222,11.86941581,3.661858294,4.050595238,3.707044674
8.19601188,6.763888889,6.080756014,32.43529911,15.63888889,13.58161512,3.929995757,3.474206349,3.568728522
8.948663555,7.513888889,6.324742268,31.8082308,15.07738095,14.02835052,3.85659737,4.025793651,3.523195876
8.375053034,5.758928571,6.855670103,33.78235045,14.72123016,13.15034364,3.848960543,3.438492063,3.006872852
7.66525244,5.843253968,6.018900344,40.26559185,20.37301587,13.01890034,3.434026305,3.62202381,3.091065292
7.721680102,6.119047619,5.971649485,56.88332626,27.88392857,13.95704467,3.311412813,3.530753968,3.200171821
8.106067034,6.33531746,6.255154639,69.5180314,33.88194444,13.45274914,3.492575308,3.558531746,3.202749141
7.206194315,7.62797619,6.281786942,75.44887569,35.51984127,14.04725086,3.345354264,3.829365079,3.178694158
8.151039457,7.163690476,6.576460481,80.05770047,35.87797619,14.59106529,3.378447179,3.834325397,3.303264605
7.708952058,7.35218254,6.242268041,83.88290199,37.87996032,14.72250859,3.306745863,3.76984127,3.400343643
8.623674162,6.277777778,6.217353952,84.08612643,37.54563492,14.354811,3.535426389,3.881944444,2.842783505
7.765803988,6.474206349,5.908075601,84.95799745,37.79365079,19.18298969,3.691132796,3.583333333,3.485395189
8.069579975,7.692460317,6.001718213,85.8468392,38.66666667,27.76632302,3.249893933,3.803571429,3.193298969
7.92490454,7.580357143,6.45790378,85.63555367,38.81150794,32.54639175,3.525243954,3.952380952,3.136597938
7.990241833,6.971230159,6.323024055,85.83877811,38.23015873,37.43127148,3.40093339,4.093253968,3.139175258
8.214679678,6.371031746,6.327319588,84.30971574,36.8531746,39.06701031,3.400509122,3.343253968,3.280068729
7.749681799,7.825396825,6.163230241,83.87441663,38.21329365,38.88230241,3.258803564,3.913690476,2.942439863
7.473483241,7.048611111,5.664089347,83.53118371,38.16765873,39.35824742,3.571489181,3.885912698,3.518041237
8.044972423,6.846230159,6.609106529,84.70895206,38.1656746,39.09106529,3.279168434,3.415674603,3.235395189
7.694526941,7.389880952,6.079037801,83.30038184,36.55952381,37.27835052,3.56257955,3.507936508,3.579037801
8.564276623,6.806547619,6.008591065,81.50784896,35.54265873,35.91924399,3.228256258,3.626984127,3.513745704
8.041154009,7.237103175,5.87628866,80.22146797,35.32043651,35.73024055,3.563003818,3.81547619,3.04209622
8.932117098,6.78968254,6.057560137,81.69198133,37.38492063,36.55498282,3.378447179,4.186507937,3.5
7.854476029,7.580357143,6.270618557,82.36147645,38.92956349,37.21305842,3.107764107,3.802579365,3.224226804
8.288926602,7.213293651,5.593642612,80.40178193,38.3422619,37.06958763,3.156130675,4.048611111,3.072164948
8.495969453,6.370039683,5.842783505,82.48960543,36.56646825,34.91580756,3.398812049,3.738095238,3.174398625
7.836232499,7.208333333,5.878865979,83.82308019,39.51388889,32.71391753,3.745014849,3.666666667,3.034364261
8.347051336,6.875992063,5.865979381,80.30335172,38.125,32.10051546,3.26431905,3.764880952,3.299828179
8.155706406,7.203373016,5.932130584,81.99915146,37.88690476,30.97164948,3.358930844,3.660714286,3.045532646
8.495120916,7.174603175,5.810137457,82.21892236,37.3452381,32.37285223,3.464997879,3.83234127,3.18814433
8.018667798,6.936507937,5.975945017,82.61773441,38.56150794,32.7895189,3.283411116,3.729166667,3.040378007
7.342384387,7.083333333,6.537800687,82.32923207,39.16170635,35.43642612,3.330080611,3.770833333,3.074742268
7.990666101,7.198412698,8.676116838,81.48621129,38.62996032,35.45704467,3.565125159,3.75297619,3.27233677
7.939329656,6.55952381,8.73024055,81.80313958,37.33531746,36.58075601,3.207042851,3.851190476,3.445017182
7.701739499,7.689484127,12.79725086,80.24225711,38.17956349,36.70274914,3.388205346,3.975198413,3.543814433
7.719983029,7.29265873,15.76804124,80.71786169,37.59424603,37.84450172,3.230801867,3.520833333,3.390893471
8.103945694,7.530753968,15.41752577,80.75689436,39.04662698,38.80670103,3.244378447,3.838293651,3.214776632
7.832838354,7.156746032,18.52749141,78.21595248,36.98214286,37.02233677,3.584641493,3.842261905,3.262886598
7.876537972,8.248015873,19.04639175,78.05473059,37.42956349,34.03436426,3.29613916,3.388888889,3.083333333
8.103097157,7.449404762,18.15378007,78.49893933,37.23115079,36.02061856,3.489181162,3.72718254,3.100515464
7.929995757,7.089285714,18.50429553,78.03606279,39.05456349,34.83676976,3.417479847,3.517857143,3.60137457
7.914722104,7.799603175,19.21907216,78.97624098,37.23313492,32.97250859,3.745439118,3.953373016,3.339347079
8.487059822,6.543650794,17.4742268,80.38099279,36.33531746,35.54553265,3.480271532,3.596230159,3.284364261
8.71743742,7.404761905,15.30841924,80.59100552,37.73214286,35.71993127,3.538396266,3.673611111,3.370274914
7.859142978,6.326388889,17.75429553,79.95375477,35.60912698,34.92955326,3.467119219,3.54265873,3.482817869
7.612218922,7.054563492,18.21649485,80.82647433,38.06051587,34.50171821,3.913025032,3.538690476,3.030068729
8.118795078,6.458333333,18.03436426,80.9719983,38.00396825,32.85137457,3.481120068,3.688492063,3.074742268
7.483665677,8.215277778,18.55154639,80.97963513,29.24305556,31.83161512,3.450148494,3.409722222,3.444158076
7.613915995,8.281746032,18.25085911,79.6525244,20.28670635,31.61082474,3.225286381,3.672619048,3.265463918
8.049215104,7.20734127,17.07817869,80.50912176,17.05555556,34.00257732,3.224862113,3.365079365,3.18814433
8.070428511,7.329365079,18.19501718,81.73186254,18.36111111,34.07989691,3.381417056,4.198412698,3.154639175
8.346627068,6.388888889,18.22164948,81.5659737,16.19940476,32.1709622,3.25286381,3.419642857,3.077319588
7.684768774,6.343253968,19.01890034,81.37675011,16.55059524,31.90206186,3.130674586,3.777777778,3.133161512
8.35765804,6.648809524,18.00085911,80.68392024,17.32539683,30.87542955,3.289775138,4.136904762,3.079896907
7.668646585,6.243055556,15.98797251,82.12006788,16.30357143,30.59278351,3.399236317,3.729166667,3.225085911
7.210861264,6.883928571,14.94931271,82.69070853,15.45039683,30.40034364,3.297836232,3.75,3.206185567
7.962664404,6.843253968,8.66838488,81.45990666,15.49007937,28.76890034,3.529486636,3.595238095,3.060996564
7.902842597,6.515873016,13.20274914,76.80313958,15.57539683,28.41580756,4.270258804,3.339285714,3.374570447
8.297411964,6.209325397,10.72938144,78.47433178,17.11904762,31.7233677,3.436571913,3.432539683,3.02233677
7.108188375,6.030753968,9.921821306,77.4340263,15.15079365,32.96735395,3.53754773,4.177579365,3.213058419
7.821807382,6.89781746,14.00773196,80.9601188,14.05654762,33.58247423,3.532032244,3.310515873,3.695876289
7.819686042,6.485119048,8.491408935,81.2316504,15.80753968,32.73883162,3.32117098,3.507936508,3.31443299
8.273228681,6.853174603,6.798969072,81.92448027,16.34027778,33.52491409,3.469664828,3.524801587,3.378865979
8.035638524,7.229166667,6.917525773,80.47899873,16.35416667,32.38058419,3.391599491,3.83234127,3.128865979
8.028850233,6.222222222,6.637457045,78.18201103,16.41071429,30.52920962,3.613491727,4.109126984,3.310137457
7.452694103,6.695436508,6.628006873,81.32117098,15.20238095,34.5661512,3.57403479,3.740079365,3.358247423
7.563428087,6.556547619,7.130584192,81.72804412,13.77678571,36.35051546,3.563852355,3.614087302,3.134879725
7.299957573,6.818452381,6.467353952,82.15019092,15.59424603,35.8290378,3.446330081,3.658730159,2.868556701
7.565125159,6.74702381,6.506872852,83.32456513,15.81646825,36.09965636,3.630462452,3.824404762,3.322164948
7.472210437,6.726190476,6.896907216,84.36062792,18.38492063,36.74742268,3.113279593,3.728174603,2.958762887
7.792108613,6.091269841,6.709621993,86.21001273,27.61805556,37.84450172,3.402206194,3.429563492,3.120274914
8.163767501,6.625992063,6.190721649,85.24946966,34.04563492,36.67697595,3.502757743,3.566468254,3.074742268
7.890963089,6.715277778,6.431271478,85.7590157,35.62996032,36.68213058,3.436996182,3.808531746,3.359106529
7.336868901,7.307539683,6.456185567,86.16419177,31.00198413,37.2895189,3.389902418,3.83531746,3.412371134
7.512091642,7.337301587,6.889175258,85.72422571,33.90873016,37.31185567,3.230801867,3.668650794,3.580756014
8.089520577,7.128968254,6.555841924,84.10436996,39.70734127,35.96735395,3.226559185,3.48015873,3.298969072
7.770470938,8.489087302,6.439862543,82.75265168,42.51785714,35.93814433,3.280016971,3.53968254,3.453608247
7.854900297,8.551587302,5.763745704,80.75350021,47.71527778,33.67010309,3.791260076,3.736111111,2.840206186
7.868052609,9.029761905,6.097079038,82.26347051,54.38988095,34.35051546,3.152736529,3.468253968,3.329896907
7.550700042,9.268849206,6.016323024,81.89902418,62.65376984,35.26718213,3.637250742,3.590277778,3.335051546
7.633856597,9.909722222,6.621134021,81.97624098,56.36904762,34.36254296,3.26431905,3.971230159,3.20532646
8.17776835,9.783730159,8.359106529,82.51378871,46.38392857,33.13402062,3.542638948,3.93452381,3.416666667
7.849809079,10.75595238,7.465635739,83.80992787,38.95734127,34.30841924,3.527365295,3.594246032,3.16838488
