LumiCycle: 20151113C3p_4 (Raw),,,,
Date,Time (hr:min),Time (days),counts/sec, 
Baseline,,,,
11/15/2015,2:20,2.09722,103.873,13.481
11/15/2015,2:30,2.10417,103.873,13.95
11/15/2015,2:40,2.11111,103.49,14.418
11/15/2015,2:50,2.11806,103.49,14.886
11/15/2015,3:00,2.125,103.643,15.354
11/15/2015,3:10,2.13194,103.643,15.823
11/15/2015,3:20,2.13889,103.902,16.291
11/15/2015,3:30,2.14583,101.286,16.759
11/15/2015,3:40,2.15278,100.257,17.228
11/15/2015,3:50,2.15972,98.729,17.696
11/15/2015,4:00,2.16667,97.129,18.164
11/15/2015,4:10,2.17361,95.614,18.633
11/15/2015,4:20,2.18056,92.481,19.101
11/15/2015,4:30,2.1875,91.824,19.569
11/15/2015,4:40,2.19444,88.6,20.038
11/15/2015,4:50,2.20139,88.6,20.506
11/15/2015,5:00,2.20833,88.814,20.974
11/15/2015,5:10,2.21528,88.814,21.442
11/15/2015,5:20,2.22222,87.9,21.911
11/15/2015,5:30,2.22917,87.684,22.379
11/15/2015,5:40,2.23611,87.327,22.847
11/15/2015,5:50,2.24306,87.327,23.316
11/15/2015,6:00,2.25,89.643,23.784
11/15/2015,6:10,2.25694,93.614,24.252
11/15/2015,6:20,2.26389,94.529,24.721
11/15/2015,6:30,2.27083,97.32,25.189
11/15/2015,6:40,2.27778,98.057,25.657
11/15/2015,6:50,2.28472,99.557,26.126
11/15/2015,7:00,2.29167,99.6,26.594
11/15/2015,7:10,2.29861,102.474,27.062
11/15/2015,7:20,2.30556,102.474,27.531
11/15/2015,7:30,2.3125,100.076,27.999
11/15/2015,7:40,2.31944,99.847,28.467
11/15/2015,7:50,2.32639,99.348,28.935
11/15/2015,8:00,2.33333,99.076,29.404
11/15/2015,8:10,2.34028,96.292,29.872
11/15/2015,8:20,2.34722,92.938,30.34
11/15/2015,8:30,2.35417,91.648,30.809
11/15/2015,8:40,2.36111,89.9,31.277
11/15/2015,8:50,2.36806,89.394,31.745
11/15/2015,9:00,2.375,87.114,32.214
11/15/2015,9:10,2.38194,85.029,32.682
11/15/2015,9:20,2.38889,85.029,33.15
11/15/2015,9:30,2.39583,85.543,33.619
11/15/2015,9:40,2.40278,85.543,34.087
11/15/2015,9:50,2.40972,84.986,34.555
11/15/2015,10:00,2.41667,84.857,35.023
11/15/2015,10:10,2.42361,84.986,35.492
11/15/2015,10:20,2.43056,88.486,35.96
11/15/2015,10:30,2.4375,89.783,36.428
11/15/2015,10:40,2.44444,91.543,36.897
11/15/2015,10:50,2.45139,92.01,37.365
11/15/2015,11:00,2.45833,95.1,37.833
11/15/2015,11:10,2.46528,96.021,38.302
11/15/2015,11:20,2.47222,96.978,38.77
11/15/2015,11:30,2.47917,96.921,39.238
11/15/2015,11:40,2.48611,96.921,39.707
11/15/2015,11:50,2.49306,95.878,40.175
11/15/2015,12:00,2.5,94.286,40.643
11/15/2015,12:10,2.50694,93.209,41.111
11/15/2015,12:20,2.51389,91.374,41.58
11/15/2015,12:30,2.52083,88.557,42.048
11/15/2015,12:40,2.52778,85.086,42.516
11/15/2015,12:50,2.53472,84.271,42.985
11/15/2015,13:00,2.54167,83.872,43.453
11/15/2015,13:10,2.54861,82.802,43.921
11/15/2015,13:20,2.55556,82.7,44.39
11/15/2015,13:30,2.5625,80.986,44.858
11/15/2015,13:40,2.56944,80.929,45.326
11/15/2015,13:50,2.57639,80.574,45.795
11/15/2015,14:00,2.58333,80.574,46.263
11/15/2015,14:10,2.59028,81.16,46.731
11/15/2015,14:20,2.59722,83.516,47.2
11/15/2015,14:30,2.60417,84.115,47.668
11/15/2015,14:40,2.61111,86.713,48.136
11/15/2015,14:50,2.61806,87.042,48.604
11/15/2015,15:00,2.625,88.436,49.073
11/15/2015,15:10,2.63194,89.776,49.541
11/15/2015,15:20,2.63889,91.596,50.009
11/15/2015,15:30,2.64583,92.566,50.478
11/15/2015,15:40,2.65278,92.566,50.946
11/15/2015,15:50,2.65972,90.967,51.414
11/15/2015,16:00,2.66667,90.214,51.883
11/15/2015,16:10,2.67361,90.967,52.351
11/15/2015,16:20,2.68056,89.486,52.819
11/15/2015,16:30,2.6875,87.77,53.288
11/15/2015,16:40,2.69444,87.6,53.756
11/15/2015,16:50,2.70139,85.899,54.224
11/15/2015,17:00,2.70833,82.944,54.692
11/15/2015,17:10,2.71528,81.488,55.161
11/15/2015,17:20,2.72222,78.976,55.629
11/15/2015,17:30,2.72917,78.305,56.097
11/15/2015,17:40,2.73611,78.262,56.566
11/15/2015,17:50,2.74306,77.234,57.034
11/15/2015,18:00,2.75,76.271,57.502
11/15/2015,18:10,2.75694,76.271,57.971
11/15/2015,18:20,2.76389,75.786,58.439
11/15/2015,18:30,2.77083,76.663,58.907
11/15/2015,18:40,2.77778,78.09,59.376
11/15/2015,18:50,2.78472,80.703,59.844
11/15/2015,19:00,2.79167,82.373,60.312
11/15/2015,19:10,2.79861,83.401,60.78
11/15/2015,19:20,2.80556,84.785,61.249
11/15/2015,19:30,2.8125,88.28,61.717
11/15/2015,19:40,2.81944,88.997,62.185
11/15/2015,19:50,2.82639,88.855,62.654
11/15/2015,20:00,2.83333,90.129,63.122
11/15/2015,20:10,2.84028,88.855,63.59
11/15/2015,20:20,2.84722,88.84,64.059
11/15/2015,20:30,2.85417,88.726,64.527
11/15/2015,20:40,2.86111,88.726,64.995
11/15/2015,20:50,2.86806,88.169,65.464
11/15/2015,21:00,2.875,86.228,65.932
11/15/2015,21:10,2.88194,83.757,66.4
11/15/2015,21:20,2.88889,82.116,66.868
11/15/2015,21:30,2.89583,80.76,67.337
11/15/2015,21:40,2.90278,78.704,67.805
11/15/2015,21:50,2.90972,78.433,68.273
11/15/2015,22:00,2.91667,76.42,68.742
11/15/2015,22:10,2.92361,77.02,69.21
11/15/2015,22:20,2.93056,76.706,69.678
11/15/2015,22:30,2.9375,76.706,70.147
11/15/2015,22:40,2.94444,76.706,70.615
11/15/2015,22:50,2.95139,77.314,71.083
11/15/2015,23:00,2.95833,77.505,71.552
11/15/2015,23:10,2.96528,80.671,72.02
11/15/2015,23:20,2.97222,81.471,72.488
11/15/2015,23:30,2.97917,83.65,72.957
11/15/2015,23:40,2.98611,85.014,73.425
11/15/2015,23:50,2.99306,86.257,73.893
11/15/2015,0:00,3,86.257,74.361
11/16/2015,0:10,3.00694,86.257,74.83
11/16/2015,0:20,3.01389,89.637,75.298
11/16/2015,0:30,3.02083,90.011,75.766
11/16/2015,0:40,3.02778,90.011,76.235
11/16/2015,0:50,3.03472,90.082,76.703
11/16/2015,1:00,3.04167,90.082,77.171
11/16/2015,1:10,3.04861,88.512,77.64
11/16/2015,1:20,3.05556,88.398,78.108
11/16/2015,1:30,3.0625,82.545,78.576
11/16/2015,1:40,3.06944,79.059,79.045
11/16/2015,1:50,3.07639,78.733,79.513
11/16/2015,2:00,3.08333,77.833,79.981
11/16/2015,2:10,3.09028,77.648,80.449
11/16/2015,2:20,3.09722,76.086,80.918
11/16/2015,2:30,3.10417,75.386,81.386
11/16/2015,2:40,3.11111,74.507,81.854
11/16/2015,2:50,3.11806,74.507,82.323
11/16/2015,3:00,3.125,74.721,82.791
11/16/2015,3:10,3.13194,76.149,83.259
11/16/2015,3:20,3.13889,77.348,83.728
11/16/2015,3:30,3.14583,78.604,84.196
11/16/2015,3:40,3.15278,80.903,84.664
11/16/2015,3:50,3.15972,83.258,85.133
11/16/2015,4:00,3.16667,84.186,85.601
11/16/2015,4:10,3.17361,84.757,86.069
11/16/2015,4:20,3.18056,86.742,86.537
11/16/2015,4:30,3.1875,88.012,87.006
11/16/2015,4:40,3.19444,89.468,87.474
11/16/2015,4:50,3.20139,89.468,87.942
11/16/2015,5:00,3.20833,88.855,88.411
11/16/2015,5:10,3.21528,87.743,88.879
11/16/2015,5:20,3.22222,85.9,89.347
11/16/2015,5:30,3.22917,85.9,89.816
11/16/2015,5:40,3.23611,85.286,90.284
11/16/2015,5:50,3.24306,82.273,90.752
11/16/2015,6:00,3.25,81.959,91.221
11/16/2015,6:10,3.25694,80.95,91.689
11/16/2015,6:20,3.26389,80.578,92.157
11/16/2015,6:30,3.27083,77.913,92.626
11/16/2015,6:40,3.27778,77.191,93.094
11/16/2015,6:50,3.28472,77.191,93.562
11/16/2015,7:00,3.29167,76.52,94.03
11/16/2015,7:10,3.29861,76.52,94.499
11/16/2015,7:20,3.30556,76.52,94.967
11/16/2015,7:30,3.3125,77.933,95.435
11/16/2015,7:40,3.31944,78.722,95.904
11/16/2015,7:50,3.32639,80.318,96.372
11/16/2015,8:00,3.33333,80.874,96.84
11/16/2015,8:10,3.34028,85.757,97.309
11/16/2015,8:20,3.34722,86.513,97.777
11/16/2015,8:30,3.35417,88.498,98.245
11/16/2015,8:40,3.36111,89.254,98.714
11/16/2015,8:50,3.36806,90.239,99.182
11/16/2015,9:00,3.375,91.324,99.65
11/16/2015,9:20,3.38889,104.43,100.587
11/16/2015,9:30,3.39583,116.707,101.055
11/16/2015,9:50,3.40972,117.243,101.992
11/16/2015,10:00,3.41667,117.243,102.46
11/16/2015,10:10,3.42361,112.643,102.928
11/16/2015,10:20,3.43056,108.945,103.397
11/16/2015,10:30,3.4375,105.4,103.865
11/16/2015,10:40,3.44444,103.827,104.333
11/16/2015,10:50,3.45139,100,104.802
11/16/2015,11:00,3.45833,95.686,105.27
11/16/2015,11:10,3.46528,88.251,105.738
11/16/2015,11:20,3.47222,86.101,106.206
11/16/2015,11:30,3.47917,82.855,106.675
11/16/2015,11:50,3.49306,77.197,107.611
11/16/2015,12:00,3.5,72.637,108.08
11/16/2015,12:10,3.50694,71.952,108.548
11/16/2015,12:20,3.51389,68.174,109.016
11/16/2015,12:30,3.52083,65.873,109.485
11/16/2015,12:40,3.52778,63.486,109.953
11/16/2015,12:50,3.53472,62.844,110.421
11/16/2015,13:00,3.54167,60.686,110.89
11/16/2015,13:10,3.54861,56.491,111.358
11/16/2015,13:20,3.55556,54.996,111.826
11/16/2015,13:30,3.5625,54.441,112.294
11/16/2015,13:40,3.56944,52.179,112.763
11/16/2015,13:50,3.57639,50.571,113.231
11/16/2015,14:00,3.58333,50.541,113.699
11/16/2015,14:10,3.59028,47.572,114.168
11/16/2015,14:20,3.59722,46.126,114.636
11/16/2015,14:30,3.60417,45.516,115.104
11/16/2015,14:40,3.61111,43.285,115.573
11/16/2015,14:50,3.61806,42.843,116.041
11/16/2015,15:00,3.625,41.985,116.509
11/16/2015,15:10,3.63194,41.592,116.978
11/16/2015,15:20,3.63889,40.913,117.446
11/16/2015,15:30,3.64583,39.702,117.914
11/16/2015,15:40,3.65278,37.689,118.383
11/16/2015,15:50,3.65972,37.689,118.851
11/16/2015,16:00,3.66667,37.587,119.319
11/16/2015,16:10,3.67361,36.51,119.787
11/16/2015,16:20,3.68056,35.629,120.256
11/16/2015,16:30,3.6875,34.823,120.724
11/16/2015,16:40,3.69444,34.72,121.192
11/16/2015,16:50,3.70139,34.248,121.661
11/16/2015,17:00,3.70833,33.72,122.129
11/16/2015,17:10,3.71528,33.577,122.597
11/16/2015,17:20,3.72222,33.178,123.066
11/16/2015,17:30,3.72917,31.136,123.534
11/16/2015,17:40,3.73611,31.136,124.002
11/16/2015,17:50,3.74306,31.571,124.471
11/16/2015,18:00,3.75,31.571,124.939
11/16/2015,18:10,3.75694,31.364,125.407
11/16/2015,18:20,3.76389,29.679,125.875
11/16/2015,18:30,3.77083,29.456,126.344
11/16/2015,18:40,3.77778,29.48,126.812
11/16/2015,18:50,3.78472,28.961,127.28
11/16/2015,19:00,3.79167,27.947,127.749
11/16/2015,19:10,3.79861,27.561,128.217
11/16/2015,19:20,3.80556,27.947,128.685
11/16/2015,19:30,3.8125,27.361,129.154
11/16/2015,19:40,3.81944,27.905,129.622
11/16/2015,19:50,3.82639,26.856,130.09
11/16/2015,20:00,3.83333,26.856,130.559
11/16/2015,20:10,3.84028,25.686,131.027
11/16/2015,20:20,3.84722,25.686,131.495
11/16/2015,20:30,3.85417,25.706,131.963
11/16/2015,20:40,3.86111,25.706,132.432
11/16/2015,20:50,3.86806,25.115,132.9
11/16/2015,21:00,3.875,25.115,133.368
11/16/2015,21:10,3.88194,25.115,133.837
11/16/2015,21:20,3.88889,25.058,134.305
11/16/2015,21:30,3.89583,24.202,134.773
11/16/2015,21:40,3.90278,24.116,135.242
11/16/2015,21:50,3.90972,24.202,135.71
11/16/2015,22:00,3.91667,24.116,136.178
11/16/2015,22:10,3.92361,24.441,136.647
11/16/2015,22:20,3.93056,24.173,137.115
11/16/2015,22:30,3.9375,25.058,137.583
11/16/2015,22:40,3.94444,24.598,138.052
11/16/2015,22:50,3.95139,24.598,138.52
11/16/2015,23:00,3.95833,23.313,138.988
11/16/2015,23:10,3.96528,23.31,139.456
11/16/2015,23:20,3.97222,23.31,139.925
11/16/2015,23:30,3.97917,23.261,140.393
11/16/2015,23:40,3.98611,23.261,140.861
11/16/2015,23:50,3.99306,23.261,141.33
11/16/2015,0:00,4,22.97,141.798
11/17/2015,0:10,4.00694,23.31,142.266
11/17/2015,0:20,4.01389,22.532,142.735
11/17/2015,0:30,4.02083,22.737,143.203
11/17/2015,0:40,4.02778,22.532,143.671
11/17/2015,0:50,4.03472,22.737,144.14
11/17/2015,1:00,4.04167,22.347,144.608
11/17/2015,1:10,4.04861,22.423,145.076
11/17/2015,1:20,4.05556,22.394,145.544
11/17/2015,1:30,4.0625,22.423,146.013
11/17/2015,1:40,4.06944,22.394,146.481
11/17/2015,1:50,4.07639,22.318,146.949
11/17/2015,2:00,4.08333,22.318,147.418
11/17/2015,2:10,4.09028,21.676,147.886
11/17/2015,2:20,4.09722,22.532,148.354
11/17/2015,2:30,4.10417,22.028,148.823
11/17/2015,2:40,4.11111,22.028,149.291
11/17/2015,2:50,4.11806,22.028,149.759
11/17/2015,3:00,4.125,22.061,150.228
11/17/2015,3:10,4.13194,22.061,150.696
11/17/2015,3:20,4.13889,21.847,151.164
11/17/2015,3:30,4.14583,21.847,151.632
11/17/2015,3:40,4.15278,22.542,152.101
11/17/2015,3:50,4.15972,22.542,152.569
11/17/2015,4:00,4.16667,22.537,153.037
11/17/2015,4:10,4.17361,22.214,153.506
11/17/2015,4:20,4.18056,22.214,153.974
11/17/2015,4:30,4.1875,21.581,154.442
11/17/2015,4:40,4.19444,21.267,154.911
11/17/2015,4:50,4.20139,21.267,155.379
11/17/2015,5:00,4.20833,21.567,155.847
11/17/2015,5:10,4.21528,21.567,156.316
11/17/2015,5:20,4.22222,21.761,156.784
11/17/2015,5:30,4.22917,20.866,157.252
11/17/2015,5:40,4.23611,21.761,157.721
11/17/2015,5:50,4.24306,21.329,158.189
11/17/2015,6:00,4.25,21.795,158.657
11/17/2015,6:10,4.25694,21.962,159.125
11/17/2015,6:20,4.26389,21.962,159.594
11/17/2015,6:30,4.27083,21.605,160.062
11/17/2015,6:40,4.27778,20.839,160.53
11/17/2015,6:50,4.28472,21.333,160.999
11/17/2015,7:00,4.29167,21.333,161.467
11/17/2015,7:10,4.29861,21.481,161.935
11/17/2015,7:20,4.30556,21.681,162.404
11/17/2015,7:30,4.3125,21.681,162.872
11/17/2015,7:40,4.31944,21.057,163.34
11/17/2015,7:50,4.32639,21.057,163.809
11/17/2015,8:00,4.33333,21.319,164.277
11/17/2015,8:10,4.34028,21.319,164.745
11/17/2015,8:20,4.34722,20.8,165.213
11/17/2015,8:30,4.35417,20.491,165.682
11/17/2015,8:40,4.36111,20.752,166.15
11/17/2015,8:50,4.36806,20.752,166.618
11/17/2015,9:00,4.375,20.752,167.087
11/17/2015,9:10,4.38194,21.034,167.555
11/17/2015,9:20,4.38889,20.686,168.023
11/17/2015,9:30,4.39583,20.686,168.492
11/17/2015,9:40,4.40278,20.463,168.96
11/17/2015,9:50,4.40972,20.32,169.428
11/17/2015,10:00,4.41667,20.463,169.897
11/17/2015,10:10,4.42361,20.32,170.365
11/17/2015,10:20,4.43056,21.039,170.833
11/17/2015,10:30,4.4375,20.22,171.301
11/17/2015,10:40,4.44444,20.439,171.77
11/17/2015,10:50,4.45139,20.439,172.238
11/17/2015,11:00,4.45833,21.667,172.706
11/17/2015,11:10,4.46528,21.667,173.175
11/17/2015,11:20,4.47222,20.967,173.643
11/17/2015,11:30,4.47917,20.068,174.111
11/17/2015,11:40,4.48611,20.068,174.58
11/17/2015,11:50,4.49306,20.325,175.048
11/17/2015,12:00,4.5,20.325,175.516
11/17/2015,12:10,4.50694,20.153,175.985
11/17/2015,12:20,4.51389,20.153,176.453
11/17/2015,12:30,4.52083,20.248,176.921
11/17/2015,12:40,4.52778,20.248,177.389
11/17/2015,12:50,4.53472,19.72,177.858
11/17/2015,13:00,4.54167,19.72,178.326
11/17/2015,13:10,4.54861,19.72,178.794
11/17/2015,13:20,4.55556,19.897,179.263
11/17/2015,13:30,4.5625,19.897,179.731
11/17/2015,13:40,4.56944,19.658,180.199
11/17/2015,13:50,4.57639,19.658,180.668
11/17/2015,14:00,4.58333,19.658,181.136
11/17/2015,14:10,4.59028,19.854,181.604
11/17/2015,14:20,4.59722,19.654,182.073
11/17/2015,14:30,4.60417,19.654,182.541
11/17/2015,14:40,4.61111,19.523,183.009
11/17/2015,14:50,4.61806,19.523,183.478
11/17/2015,15:00,4.625,19.654,183.946
11/17/2015,15:10,4.63194,19.654,184.414
11/17/2015,15:20,4.63889,19.654,184.882
11/17/2015,15:30,4.64583,19.677,185.351
11/17/2015,15:40,4.65278,19.677,185.819
11/17/2015,15:50,4.65972,20.211,186.287
11/17/2015,16:20,4.68056,34.527,187.692
11/17/2015,16:30,4.6875,34.527,188.161
11/17/2015,16:40,4.69444,34.527,188.629
11/17/2015,16:50,4.70139,35.659,189.097
11/17/2015,17:00,4.70833,41.206,189.566
11/17/2015,17:10,4.71528,49.887,190.034
11/17/2015,17:20,4.72222,56.481,190.502
11/17/2015,17:30,4.72917,66.958,190.97
11/17/2015,17:40,4.73611,80.607,191.439
11/17/2015,17:50,4.74306,92.188,191.907
11/17/2015,18:00,4.75,106.62,192.375
11/17/2015,18:10,4.75694,122.025,192.844
11/17/2015,18:20,4.76389,136.549,193.312
11/17/2015,18:30,4.77083,152.536,193.78
11/17/2015,18:40,4.77778,164.361,194.249
11/17/2015,18:50,4.78472,178.806,194.717
11/17/2015,19:00,4.79167,186.478,195.185
11/17/2015,19:10,4.79861,198.302,195.654
11/17/2015,19:20,4.80556,207.675,196.122
11/17/2015,19:30,4.8125,211.701,196.59
11/17/2015,19:40,4.81944,220.276,197.058
11/17/2015,19:50,4.82639,225.277,197.527
11/17/2015,20:00,4.83333,229.741,197.995
11/17/2015,20:10,4.84028,236.298,198.463
11/17/2015,20:20,4.84722,238.24,198.932
11/17/2015,20:30,4.85417,245.58,199.4
11/17/2015,20:40,4.86111,245.835,199.868
11/17/2015,20:50,4.86806,248.781,200.337
11/17/2015,21:00,4.875,252.637,200.805
11/17/2015,21:10,4.88194,257.256,201.273
11/17/2015,21:20,4.88889,258.484,201.742
11/17/2015,21:30,4.89583,262.424,202.21
11/17/2015,21:40,4.90278,265.193,202.678
11/17/2015,21:50,4.90972,266.949,203.146
11/17/2015,22:00,4.91667,267.92,203.615
11/17/2015,22:10,4.92361,271.432,204.083
11/17/2015,22:20,4.93056,277.756,204.551
11/17/2015,22:30,4.9375,279.743,205.02
11/17/2015,22:40,4.94444,282.025,205.488
11/17/2015,22:50,4.95139,282.878,205.956
11/17/2015,23:00,4.95833,283.538,206.425
11/17/2015,23:10,4.96528,285.979,206.893
11/17/2015,23:20,4.97222,286.829,207.361
11/17/2015,23:30,4.97917,294.06,207.83
11/17/2015,23:40,4.98611,295.644,208.298
11/17/2015,23:50,4.99306,298.143,208.766
11/17/2015,0:00,5,298.657,209.235
11/18/2015,0:10,5.00694,299.113,209.703
11/18/2015,0:20,5.01389,302.954,210.171
11/18/2015,0:30,5.02083,304.602,210.639
11/18/2015,0:40,5.02778,304.602,211.108
11/18/2015,0:50,5.03472,307.799,211.576
11/18/2015,1:00,5.04167,311.643,212.044
11/18/2015,1:10,5.04861,312.99,212.513
11/18/2015,1:20,5.05556,312.99,212.981
11/18/2015,1:30,5.0625,313.037,213.449
11/18/2015,1:40,5.06944,320.215,213.918
11/18/2015,1:50,5.07639,322.098,214.386
11/18/2015,2:00,5.08333,324.254,214.854
11/18/2015,2:10,5.09028,324.555,215.323
11/18/2015,2:20,5.09722,326.762,215.791
11/18/2015,2:30,5.10417,327.168,216.259
11/18/2015,2:40,5.11111,330.435,216.727
11/18/2015,2:50,5.11806,334.504,217.196
11/18/2015,3:00,5.125,335.303,217.664
11/18/2015,3:10,5.13194,339.957,218.132
11/18/2015,3:20,5.13889,339.957,218.601
11/18/2015,3:30,5.14583,340.257,219.069
11/18/2015,3:40,5.15278,340.985,219.537
11/18/2015,3:50,5.15972,342.927,220.006
11/18/2015,4:00,5.16667,345.996,220.474
11/18/2015,4:10,5.17361,349.123,220.942
11/18/2015,4:20,5.18056,349.18,221.411
11/18/2015,4:30,5.1875,350.679,221.879
11/18/2015,4:40,5.19444,352.877,222.347
11/18/2015,4:50,5.20139,353.357,222.815
11/18/2015,5:00,5.20833,353.977,223.284
11/18/2015,5:10,5.21528,353.357,223.752
11/18/2015,5:20,5.22222,358.402,224.22
11/18/2015,5:30,5.22917,358.045,224.689
11/18/2015,5:40,5.23611,359.444,225.157
11/18/2015,5:50,5.24306,359.444,225.625
11/18/2015,6:00,5.25,364.07,226.094
11/18/2015,6:10,5.25694,364.084,226.562
11/18/2015,6:20,5.26389,365.398,227.03
11/18/2015,6:30,5.27083,366.932,227.499
11/18/2015,6:40,5.27778,367.396,227.967
11/18/2015,6:50,5.28472,366.932,228.435
11/18/2015,7:00,5.29167,369.338,228.904
11/18/2015,7:10,5.29861,369.438,229.372
11/18/2015,7:20,5.30556,369.438,229.84
11/18/2015,7:30,5.3125,368.952,230.308
11/18/2015,7:40,5.31944,368.852,230.777
11/18/2015,7:50,5.32639,368.852,231.245
11/18/2015,8:00,5.33333,368.852,231.713
11/18/2015,8:10,5.34028,372.093,232.182
11/18/2015,8:20,5.34722,372.093,232.65
11/18/2015,8:30,5.35417,371.807,233.118
11/18/2015,8:40,5.36111,371.807,233.587
11/18/2015,8:50,5.36806,372.913,234.055
11/18/2015,9:00,5.375,372.913,234.523
11/18/2015,9:10,5.38194,372.913,234.992
11/18/2015,9:20,5.38889,374.82,235.46
11/18/2015,9:30,5.39583,378.217,235.928
11/18/2015,9:40,5.40278,374.82,236.396
11/18/2015,9:50,5.40972,374.306,236.865
11/18/2015,10:00,5.41667,373.949,237.333
11/18/2015,10:10,5.42361,373.949,237.801
11/18/2015,10:20,5.43056,377.675,238.27
11/18/2015,10:30,5.4375,379.507,238.738
11/18/2015,10:40,5.44444,379.507,239.206
11/18/2015,10:50,5.45139,379.507,239.675
11/18/2015,11:00,5.45833,375.795,240.143
11/18/2015,11:10,5.46528,375.867,240.611
11/18/2015,11:20,5.47222,375.867,241.08
11/18/2015,11:30,5.47917,378.796,241.548
11/18/2015,11:40,5.48611,378.796,242.016
11/18/2015,11:50,5.49306,378.447,242.484
11/18/2015,12:00,5.5,373.72,242.953
11/18/2015,12:10,5.50694,373.72,243.421
11/18/2015,12:20,5.51389,373.72,243.889
11/18/2015,12:30,5.52083,375.796,244.358
11/18/2015,12:40,5.52778,375.796,244.826
11/18/2015,12:50,5.53472,376.304,245.294
11/18/2015,13:00,5.54167,376.304,245.763
11/18/2015,13:10,5.54861,376.333,246.231
11/18/2015,13:20,5.55556,375.624,246.699
11/18/2015,13:30,5.5625,375.867,247.168
11/18/2015,13:40,5.56944,375.867,247.636
11/18/2015,13:50,5.57639,375.867,248.104
11/18/2015,14:00,5.58333,374.434,248.573
11/18/2015,14:10,5.59028,373.992,249.041
11/18/2015,14:20,5.59722,373.992,249.509
11/18/2015,14:30,5.60417,370.836,249.977
11/18/2015,14:50,5.61806,370.665,250.914
11/18/2015,15:00,5.625,370.665,251.382
11/18/2015,15:10,5.63194,370.814,251.851
11/18/2015,15:20,5.63889,373.535,252.319
11/18/2015,15:30,5.64583,370.814,252.787
11/18/2015,15:40,5.65278,367.863,253.256
11/18/2015,15:50,5.65972,367.863,253.724
11/18/2015,16:00,5.66667,366.675,254.192
11/18/2015,16:10,5.67361,364.714,254.661
11/18/2015,16:20,5.68056,364.21,255.129
11/18/2015,16:30,5.6875,363.682,255.597
11/18/2015,16:40,5.69444,363.682,256.065
11/18/2015,16:50,5.70139,364.453,256.534
11/18/2015,17:00,5.70833,364.453,257.002
11/18/2015,17:10,5.71528,361.937,257.47
11/18/2015,17:20,5.72222,361.937,257.939
11/18/2015,17:30,5.72917,362.722,258.407
11/18/2015,17:40,5.73611,363.129,258.875
11/18/2015,17:50,5.74306,363.799,259.344
11/18/2015,18:00,5.75,363.129,259.812
11/18/2015,18:10,5.75694,361.586,260.28
11/18/2015,18:20,5.76389,361.18,260.749
11/18/2015,18:30,5.77083,361.18,261.217
11/18/2015,18:40,5.77778,360.758,261.685
11/18/2015,18:50,5.78472,357.34,262.153
11/18/2015,19:00,5.79167,357.34,262.622
11/18/2015,19:10,5.79861,357.083,263.09
11/18/2015,19:20,5.80556,357.446,263.558
11/18/2015,19:30,5.8125,355.1,264.027
11/18/2015,19:40,5.81944,355.1,264.495
11/18/2015,19:50,5.82639,355.1,264.963
11/18/2015,20:00,5.83333,355.661,265.432
11/18/2015,20:10,5.84028,355.661,265.9
11/18/2015,20:20,5.84722,353.334,266.368
11/18/2015,20:30,5.85417,353.249,266.837
11/18/2015,20:40,5.86111,350.545,267.305
11/18/2015,20:50,5.86806,350.545,267.773
11/18/2015,21:00,5.875,350.709,268.241
11/18/2015,21:10,5.88194,350.709,268.71
11/18/2015,21:20,5.88889,349.68,269.178
11/18/2015,21:30,5.89583,347.077,269.646
11/18/2015,21:40,5.90278,347.077,270.115
11/18/2015,21:50,5.90972,347.077,270.583
11/18/2015,22:00,5.91667,347.652,271.051
11/18/2015,22:10,5.92361,347.652,271.52
11/18/2015,22:20,5.93056,347.146,271.988
11/18/2015,22:30,5.9375,344.747,272.456
11/18/2015,22:40,5.94444,341.086,272.925
11/18/2015,22:50,5.95139,341.086,273.393
11/18/2015,23:00,5.95833,341.049,273.861
11/18/2015,23:10,5.96528,341.049,274.33
11/18/2015,23:20,5.97222,339.156,274.798
11/18/2015,23:30,5.97917,339.857,275.266
11/18/2015,23:40,5.98611,338.614,275.734
11/18/2015,23:50,5.99306,339.857,276.203
11/18/2015,0:00,6,336.488,276.671
11/19/2015,0:10,6.00694,336.331,277.139
11/19/2015,0:20,6.01389,334.575,277.608
11/19/2015,0:30,6.02083,334.918,278.076
11/19/2015,0:40,6.02778,332.867,278.544
11/19/2015,0:50,6.03472,332.867,279.013
11/19/2015,1:00,6.04167,332.867,279.481
11/19/2015,1:10,6.04861,331.537,279.949
11/19/2015,1:20,6.05556,331.537,280.418
11/19/2015,1:30,6.0625,331.464,280.886
11/19/2015,1:40,6.06944,329.882,281.354
11/19/2015,1:50,6.07639,329.882,281.822
11/19/2015,2:00,6.08333,329.882,282.291
11/19/2015,2:10,6.09028,329.336,282.759
11/19/2015,2:20,6.09722,329.336,283.227
11/19/2015,2:30,6.10417,327.621,283.696
11/19/2015,2:40,6.11111,327.621,284.164
11/19/2015,2:50,6.11806,327.621,284.632
11/19/2015,3:00,6.125,329.668,285.101
11/19/2015,3:10,6.13194,329.668,285.569
11/19/2015,3:20,6.13889,326.825,286.037
11/19/2015,3:30,6.14583,324.975,286.506
11/19/2015,3:40,6.15278,324.832,286.974
11/19/2015,3:50,6.15972,324.832,287.442
11/19/2015,4:00,6.16667,323.96,287.91
11/19/2015,4:10,6.17361,321.401,288.379
11/19/2015,4:20,6.18056,321.401,288.847
11/19/2015,4:30,6.1875,321.401,289.315
11/19/2015,4:40,6.19444,317.259,289.784
11/19/2015,4:50,6.20139,316.02,290.252
11/19/2015,5:00,6.20833,316.02,290.72
11/19/2015,5:10,6.21528,316.06,291.189
11/19/2015,5:20,6.22222,317.519,291.657
11/19/2015,5:30,6.22917,317.519,292.125
11/19/2015,5:40,6.23611,316.803,292.594
11/19/2015,5:50,6.24306,316.36,293.062
11/19/2015,6:00,6.25,316.803,293.53
11/19/2015,6:10,6.25694,317.005,293.999
11/19/2015,6:20,6.26389,317.005,294.467
11/19/2015,6:30,6.27083,315.345,294.935
11/19/2015,6:40,6.27778,312.924,295.403
11/19/2015,6:50,6.28472,311.419,295.872
11/19/2015,7:00,6.29167,310.048,296.34
11/19/2015,7:10,6.29861,310.048,296.808
11/19/2015,7:20,6.30556,308.035,297.277
11/19/2015,7:30,6.3125,308.035,297.745
11/19/2015,7:40,6.31944,309.765,298.213
11/19/2015,7:50,6.32639,311.248,298.682
11/19/2015,8:00,6.33333,309.765,299.15
11/19/2015,8:10,6.34028,308.888,299.618
11/19/2015,8:20,6.34722,307.136,300.087
11/19/2015,8:30,6.35417,307.136,300.555
11/19/2015,8:40,6.36111,304.848,301.023
11/19/2015,8:50,6.36806,304.362,301.491
11/19/2015,9:00,6.375,303.075,301.96
11/19/2015,9:10,6.38194,300.959,302.428
11/19/2015,9:20,6.38889,300.487,302.896
11/19/2015,9:30,6.39583,300.487,303.365
11/19/2015,9:40,6.40278,300.487,303.833
11/19/2015,9:50,6.40972,300.702,304.301
11/19/2015,10:00,6.41667,303.261,304.77
11/19/2015,10:10,6.42361,300.702,305.238
11/19/2015,10:20,6.43056,298.871,305.706
11/19/2015,10:30,6.4375,298.871,306.175
11/19/2015,10:40,6.44444,296.657,306.643
11/19/2015,10:50,6.45139,294.541,307.111
11/19/2015,11:00,6.45833,292.974,307.579
11/19/2015,11:10,6.46528,294.541,308.048
11/19/2015,11:20,6.47222,294.167,308.516
11/19/2015,11:30,6.47917,295.09,308.984
11/19/2015,11:40,6.48611,295.09,309.453
11/19/2015,11:50,6.49306,295.09,309.921
11/19/2015,12:00,6.5,293.132,310.389
11/19/2015,12:10,6.50694,293.132,310.858
11/19/2015,12:20,6.51389,294.655,311.326
11/19/2015,12:30,6.52083,294.655,311.794
11/19/2015,12:40,6.52778,291.396,312.263
11/19/2015,12:50,6.53472,291.396,312.731
11/19/2015,13:00,6.54167,291.982,313.199
11/19/2015,13:10,6.54861,291.982,313.668
11/19/2015,13:20,6.55556,290.152,314.136
11/19/2015,13:30,6.5625,289.92,314.604
11/19/2015,13:40,6.56944,287.65,315.072
11/19/2015,13:50,6.57639,287.65,315.541
11/19/2015,14:00,6.58333,287.303,316.009
11/19/2015,14:10,6.59028,284.931,316.477
11/19/2015,14:20,6.59722,284.931,316.946
11/19/2015,14:30,6.60417,284.931,317.414
11/19/2015,14:40,6.61111,283.648,317.882
11/19/2015,14:50,6.61806,283.278,318.351
11/19/2015,15:00,6.625,281.19,318.819
11/19/2015,15:20,6.63889,281.19,319.756
11/19/2015,15:30,6.64583,281.968,320.224
11/19/2015,15:40,6.65278,281.968,320.692
11/19/2015,15:50,6.65972,281.968,321.16
11/19/2015,16:00,6.66667,278.313,321.629
11/19/2015,16:10,6.67361,279.27,322.097
11/19/2015,16:20,6.68056,279.27,322.565
11/19/2015,16:30,6.6875,279.27,323.034
11/19/2015,16:40,6.69444,278.142,323.502
11/19/2015,16:50,6.70139,276.586,323.97
11/19/2015,17:00,6.70833,277.357,324.439
11/19/2015,17:10,6.71528,277.357,324.907
11/19/2015,17:20,6.72222,277.357,325.375
11/19/2015,17:30,6.72917,276.429,325.844
11/19/2015,17:40,6.73611,271.916,326.312
11/19/2015,17:50,6.74306,273.973,326.78
11/19/2015,18:00,6.75,271.497,327.248
11/19/2015,18:10,6.75694,273.552,327.717
11/19/2015,18:20,6.76389,273.552,328.185
11/19/2015,18:30,6.77083,273.552,328.653
11/19/2015,18:40,6.77778,268.02,329.122
11/19/2015,18:50,6.78472,268.02,329.59
11/19/2015,19:00,6.79167,271.075,330.058
11/19/2015,19:10,6.79861,271.075,330.527
11/19/2015,19:20,6.80556,271.147,330.995
11/19/2015,19:30,6.8125,269.248,331.463
11/19/2015,19:40,6.81944,269.462,331.932
11/19/2015,19:50,6.82639,268.791,332.4
11/19/2015,20:00,6.83333,265.051,332.868
11/19/2015,20:10,6.84028,264.354,333.336
11/19/2015,20:20,6.84722,265.051,333.805
11/19/2015,20:30,6.85417,265.722,334.273
11/19/2015,20:40,6.86111,265.722,334.741
11/19/2015,20:50,6.86806,263.466,335.21
11/19/2015,21:00,6.875,262.324,335.678
11/19/2015,21:10,6.88194,263.466,336.146
11/19/2015,21:20,6.88889,262.324,336.615
11/19/2015,21:30,6.89583,260.343,337.083
11/19/2015,21:40,6.90278,260.343,337.551
11/19/2015,21:50,6.90972,260.343,338.02
11/19/2015,22:00,6.91667,259.983,338.488
11/19/2015,22:10,6.92361,258.012,338.956
11/19/2015,22:20,6.93056,258.012,339.424
11/19/2015,22:30,6.9375,260.053,339.893
11/19/2015,22:40,6.94444,260.053,340.361
11/19/2015,22:50,6.95139,258.386,340.829
11/19/2015,23:00,6.95833,258.386,341.298
11/19/2015,23:10,6.96528,258.386,341.766
11/19/2015,23:20,6.97222,258.057,342.234
11/19/2015,23:30,6.97917,255.114,342.703
11/19/2015,23:40,6.98611,258.057,343.171
11/19/2015,23:50,6.99306,257.087,343.639
11/19/2015,0:00,7,257.087,344.108
11/20/2015,0:10,7.00694,253.615,344.576
11/20/2015,0:20,7.01389,252.929,345.044
11/20/2015,0:30,7.02083,253.615,345.513
11/20/2015,0:40,7.02778,252.929,345.981
11/20/2015,0:50,7.03472,252.816,346.449
11/20/2015,1:00,7.04167,252.102,346.917
