Hours,cfl-1,cfl-2,cfl-3,cfl-4,cfl-5,cfl-6,cfl-7,cfl-8,ncfl-1,ncfl-2,ncfl-3,ncfl-4,ncfl-5,ncfl-6,ncfl-7,ncfl-8
0,10459423,5176479,8422897,5013091,6307882,6708918,6255704,5881268,8053329,5490507,8171484,5615479,12543069,6501585,6746098,5760181.5
0.166666667,9572923,4703955,7597720,4538236,5772736,6164155,5731049,5262870,8111161,5520097,8193894,5624075,12696559,6455594,6732675,5763799
0.333333333,9200467,4558152,7078963,4361990,5546132,5930504,5444544,5014183,8130201,5537481,8236102,5667595,12710844,6446877,6694826,5781034
0.5,8969066,4424988,6807043,4236386,5347497,5729199,5219476,4926203,8137578.5,5472626,8206386.5,5637813,12596334,6504106.5,6665708.5,5741250
0.666666667,8669877,4288576,6444715,4158326,5175248,5677998,5095514,4795074,8204230,5505635,8138552,5612447,12537443,6602992,6673907.5,5689402
0.833333333,8495187,4221736,6192772,4130229,4997995,5578857,4982978,4696882,8221918.5,5516571,8140039,5655379,12334158,6569748.5,6655685.5,5649094
1,8348473,4149245,6082204,4048373,4969442,5379656,4865645,4643640,8216016,5507815,8123225.5,5659246,12193294,6461127,6667077,5615673
1.166666667,7984854,4108274,5930860,4005241,4687224,5232463,4711238,4595038,8354809,5500317,8161040,5641184,12188352,6506355.5,6688406.5,5623432
1.333333333,7984854,4108274,5930860,4005241,4687224,5249168,4711238,4595038,8405145,5464664,8181982,5641425,12293122,6514923,6693645,5586189
1.5,7826737,4080387,5801049,3980087,4644832,5198309,4635731,4538466,8360607,5486477,8343179,5598747,12550903,6578029,6668629.5,5627858
1.666666667,7805200,4100991,5776702,3961408,4597346,5230891,4612510,4537858,8382857,5416170,8431241,5560142,12622099,6609088.5,6656657,5694920
1.833333333,7786293,4044484,5830201,3963474,4545374,5228428,4531919,4523088,8482993,5398551,8474290,5554596,12490440,6553517,6689524.5,5662457
2,7786918,4087941,5792249,3985055,4527801,5232704,4576631,4476676,8579337,5397659,8414044,5519692,12427718,6482762,6717854.5,5689833
2.166666667,7786918,4087941,5792249,3985055,4527801,5232704,4576631,4476676,8555140,5407691,8395130,5561245,12340417,6465890,6722290,5660067
2.333333333,7836685,4065573,5801113,3974918,4544451,5228621,4587123,4424300,8627530,5416271,8426482,5585714,12147636,6560344.5,6707887,5631578
2.5,7955771,4118132,5800309,4023823,4555281,5263736,4587605,4439862,8676435,5458824,8444360,5653776,12130271,6585392,6628733,5593960
2.666666667,8024578,4134652,5844437,4027678,4548737,5260320,4568060,4508483,8626357,5548968,8494009,5701412,12207804,6543418.5,6651026.5,5585537
2.833333333,8046508,4174204,5853478,4037120,4625837,5257670,4542521,4506264,8613753,5539477,8549228,5704640,12181603,6580910,6671614,5615826
3,8091812,4211067,5869656,4035133,4558248,5292601,4599128,4486839,8679045,5489410,8489601,5769756.5,12044503,6565711,6630947,5587295
3.166666667,8099509,4220956,5917771,4038194,4563446,5267343,4649818,4544758,8832459,5510783,8527888,5786049,12061128,6555936,6637685,5591426
3.333333333,8124098,4226345,5995681,4096905,4620092,5215399,4646914,4577336,8948202,5493455,8554138,5846779,12110566,6569692,6661502.5,5661056
3.5,8149499,4240702,5991718,4102590,4633377,5166922,4668582,4596977,9051761,5534091,8504948,5862857,12022093,6531348,6632171.5,5610532
3.666666667,8186600,4287433,5983860,4078794,4682273,5145992,4692709,4628646,9100274,5492844,8461396,5844647.5,12041476,6491249,6566243.5,5629474
3.833333333,8229752,4294292,6041289,4083092,4664769,5125772,4685057,4636474,9167832,5469341,8450438,5862392,11999396,6474683,6610851,5640784
4,8300832,4339910,6046099,4134903,4703888,5112431,4746849,4649027,9128644,5539613,8491564,5848474,11788941,6450350,6625149,5655338
4.166666667,8304631,4377766,6050916,4118400,4740019,5089805,4786287,4708795,9108681,5482139,8456187,5908306,11688421,6476772,6579606,5651531
4.333333333,8366361.5,4376168,6067848,4107224,4724358,5074034,4813849,4804492,9096219,5482949,8434020,5863076,11815803,6446335,6666359.5,5678285
4.5,8452125,4404062,6084661,4109184,4731645,5029567,4837934,4804543,9085208,5492796,8402903,5803224,11678568,6430097,6677105,5696216
4.666666667,8413188,4460169,6064609,4060000,4801265,5057314,4883746,4854222,9160788,5482178,8292179,5809223,11520906,6447108,6666810.5,5666769
4.833333333,8413188,4460169,6064609,4060000,4801265,5057314,4883746,4854222,9173111,5489752,8234710,5875465.5,11529678,6473049,6666421.5,5654017
5,8453019,4484676,6085464,4017140,4807874,5066519,4930968,4890535,9213754,5515896,8239923,5850997,11575006,6444698,6684617,5623272
5.166666667,8496498,4427693,6117996,4047419,4867501,5026538,5006911,4857341,9229603,5477080,8173095,5818225,11552521,6357999.5,6722227,5691957
5.333333333,8448657,4464215,6126654,4074437,4856976,5012905,5016372,4884852,9216450,5515349,8157309,5806316,11509850,6380583,6693966,5679292
5.5,8388966,4428963,6134861,4054023,4886580,5004012,5021581,4910942,9232834,5570323,8135076,5806871,11724489,6372040.5,6754505,5617714
5.666666667,8204432,4343067,6006343,4051364,4907594,5022622,5051639,4824114,9286590,5562187,8048640,5812057,11825700,6358341,6784338,5628174
5.833333333,7874441,4319228,5875836,4036789,4921198,5074717,5056732,4737939,9262180,5542362,8067958.5,5732131,11491003,6360346,6680442,5671352
6,7874441,4319228,5875836,4036789,4921198,5074717,5056732,4737939,9270080,5565674,8046907,5700343,11145553,6391965.5,6553254.5,5677647
6.166666667,7790633,4310057,5774333,3998192,4910887,5046371,5041348,4681996,9326845,5585868,7963865,5710199,10904726,6379687,6526749,5716991.5
6.333333333,7694621,4223232,5725792,3985054,4866311,5041525,5057692,4649162,9314771,5602403,7971398,5718414.5,11269177,6288366,6646223,5822763
6.5,7600079,4152881,5712792,3994539,4879053,5059366,5038886,4617729,9309540,5666175,8111323,5700600,12098963,6245371.5,6829963.5,5929345
6.666666667,7634094,4195275,5612573,3971102,4898491,5048371,5019279,4589317,9384508,5685801.5,8129506,5666197,12092467,6331889.5,6857832,5954820
6.833333333,7547691,4141393,5637907,3930134,4840353,5043932,5038466,4535686,9384508,5685801.5,8129506,5665905,12092467,6331889.5,6857832,5950919
7,7453583,4120925,5667526,3913295,4800222,5008259,5045393,4558121,9431531,5706719.5,8136383,5719464,12071912,6334258,6873107,5978625
7.166666667,7401002,4078079,5556394,3923015,4813013,4982800,4920037,4507728,9371536,5700636,8097064,5710823,11975488,6342834.5,6886175.5,6053551
7.333333333,7401002,4078079,5556394,3923015,4813013,4982800,4920037,4507728,9392181,5716244,8126185,5712814,12026584,6313845.5,6855618.5,6110194
7.5,7285495,4094508,5485534,3921280,4832136,4993355,4911308,4503879,9362888,5739164,8152969,5686390,12009732,6350801,6920396,6155422
7.666666667,7196048,4079901,5525059,3937547,4846387,5000499,4970014,4503838,9343181,5749405.5,8179719,5628573,11892956,6327120,7000395,6138196
7.833333333,7196048,4079901,5525059,3937547,4846387,5000499,4970014,4503838,9422523,5677064,8245590,5612040,11803913,6306611,6935443,6160743.5
8,7157477,4071901,5513284,3955102,4861176,5056646,4994692,4514072,9469721,5693970,8256025.5,5573093,11843847,6315452,6985040,6204076.5
8.166666667,7120033,4048612,5518995,3947172,4917387,5103649,5034695,4498457,9539443,5681433,8283306,5565580,11888914,6285314,7024435,6150415.5
8.333333333,7121770,4068833,5539406,3938160,4968486,5169689,5038510,4577683,9560404,5642312,8302947,5565418,11736281,6265554,7009876,6168476
8.5,7173983,4106513,5564812,3987631,4948482,5182719,5059028,4561317,9561142,5566216,8402444,5580256,11613785,6232146,7001815,6261482
8.666666667,7198949,4131283,5619720,4004820,4968910,5191682,5056251,4591940,9562546,5591995,8484752,5602070,11561746,6215403.5,6990788.5,6270918.5
8.833333333,7250783,4154310,5698602,3995426,5036642,5263369,5102253,4659700,9547381,5626379,8543457,5576795,11504485,6248429.5,6961020,6403071.5
9,7401102,4170901,5718217,3996484,5128924,5351517,5183794,4658270,9614067,5590321,8642218,5564614,11337375,6264553,6921569,6412276.5
9.166666667,7433125,4233708,5773990,4024163,5206721,5408347,5212183,4736081,9625893,5473035,8723564,5583443,11157635,6261190.5,6907281,6428383
9.333333333,7413738,4246926,5831740,4062009,5185054,5434729,5202261,4823240,9556243,5426250,8690646,5546122,11152167,6274994,6909479,6474116
9.5,7551782,4262384,5864308,4062453,5183505,5453035,5273982,4819283,9523360,5410284,8721878,5548096,11144927,6218455,6863121,6492234
9.666666667,7651415,4399272,5998308,4127348,5366921,5627563,5410852,4942018,9535067,5374080,8771502,5590594,11139449,6142260,6819234,6522452
9.833333333,7654695,4399272,5998308,4127348,5366921,5627563,5410852,4942018,9592134,5340920,8742534,5554135,11066129,6131280,6786147,6560529
10,7901803,4463480,6237560,4185621.75,5501665,5780813,5614623,5079737,9595098,5248859,8750031,5593095,11014152,6147425,6859744,6534031
10.16666667,8113892,4523871,6418765,4241596,5648071,5932092,5794003,5250744,9595831,5207613,8724072,5684896,11027548,6151900,6862081,6549301
10.33333333,8211708,4620342,6454748,4230387,5691433,6016006,5872563,5347289,9528465,5213977,8636807,5629783,11021331,6178619,6828692.5,6621387
10.5,8231210,4619809,6456859,4225905,5690506,6125484,5955754,5389261,9472255,5209700,8605833,5538294,10996776,6115370,6917571.5,6644972.5
10.66666667,8239919,4643060,6500145,4272343,5732525,6203043,5984530,5469717,9500855,5139973,8518574,5567794,11027238,6096113,6911839,6688604
10.83333333,8265716,4677130,6467199,4274386,5760735,6252806,5985138,5512333,9517956,5145131,8453188,5586021,11052448,6108428.5,6893388,6701743
11,8360914,4667201,6444964,4252105,5890764,6221003,6025886,5577597,9546352,5156341,8436065,5586961,11165350,6104738,7013653,6692485.5
11.16666667,8360914,4667201,6444964,4252105,5890764,6221003,6025886,5577597,9530190,5119131,8390634,5598963,11150571,6094028,7055330,6749160
11.33333333,8286259,4634594,6328630,4318682,5922256,6265630,6047419,5567844,9582239,5093896,8316612,5637653,11504644,6083683.5,7088646,6589034
11.5,8321622,4607705,6277217,4312704,5964996,6320986,6070926,5538228,9620523,5161136,8250576.5,5674307,11837313,6109017,7242952,6468069
11.66666667,8271863,4636499,6293503,4314781,5977896,6344841,6106342,5579664,9632678,5164373,8159290,5681757,12004450,6112578,7348951.5,6468242
11.83333333,8194565,4647612,6257653,4239815,5995386,6265900,6008113,5593980,9674519,5149125,8110569.5,5662157,12006207,6086176.5,7390471.5,6501839.5
12,8180910,4619175,6215400,4194250,5978064,6215681,6041880,5569632,9713404,5151469,7997022.5,5640756,11913204,6059261,7404910,6501335.5
12.16666667,8184895,4588900,6231067,4231501,5992341,6199165,6076669,5517668,9644647,5168056,7855872,5654665,11892616,6062835,7482701,6524453.5
12.33333333,8175435,4574315,6206687,4219300,5993942,6155190,6043539,5468949,9674974,5176098,7762973,5671045,11741739,6040181,7473105,6634482
12.5,8128084,4566002,6193025,4235974,6042039,6108562,6023352,5458081,9703453,5220413,7709690,5612887,11659403,6042943.5,7396877,6746927
12.66666667,8140483,4570470,6172179,4212909,6064298,6091822,6041830,5447845,9703653,5258021,7584869.5,5569906,11576136,6055819,7369039.5,6879401
12.83333333,8129157,4515650,6103082,4192742.75,6037227,6070959,6046033,5457274,9650271,5300516,7570572,5581605,11705645,6015733,7346858,6894656
13,8012910,4502597,6094544,4157739,6104657,6019624,6034497,5445349,9591772,5337670,7543014,5576175,11588932,5953084,7320358,6882909.5
13.16666667,7929553,4448484,6071408,4182186.75,6181492,5971080,6011452,5443907,9545237,5293160,7481707,5559905,11526634,5901269,7358627.5,6860823
13.33333333,7882975,4412758,6021666,4201267,6181734,5963563,6044183,5509026,9560153,5255223,7373063,5552441,11452875,5907713,7383210,6834348.5
13.5,7768628,4402750,6002492,4180691.25,6099286,5943228,6036771,5478602,9590080,5329407,7288952,5531968,11538562,5917594.5,7355368,6826638
13.66666667,7720085,4427553,5948174,4145237,6060022,5885947,6041254,5443158,9546969,5333584,7278878,5521581,11568853,5854572,7327952,6841899.5
13.83333333,7787501,4409911,5941486,4165119,6111010,5859969,6039699,5439175,9483901,5300530,7237217.5,5531997,11612041,5799956,7347790.5,6838155
14,7786167,4422446,5994978,4187220,6151263,5847293,6060576,5456965,9418988,5341888,7248975,5541928,11603694,5859892,7320616.5,6859506
14.16666667,7675959,4442944,6008695,4163777,6161690,5842494,6108961,5470938,9341306,5385691,7260452,5528162,11551775,5824147,7285635,6868529
14.33333333,7643617,4414051,5940252,4155192,6192009,5859153,6066810,5464250,9314967,5312846,7251675,5520140,11426143,5853602,7290694.5,6770742
14.5,7604956,4393113,5926313,4142248,6167282,5863257,6040833,5432463,9281938,5350853,7285445.5,5543864,11367602,5847714,7340435.5,6772494
14.66666667,7497282,4435065,5919229,4132023,6110723,5850763,6006213,5420392,9232552,5420110,7238451,5510609,11281824,5782092,7283590.5,6730466
14.83333333,7480509,4411420,5962505,4152163,6095174,5862866,5997034,5503067,9238999,5409842,7275019.5,5515607,11198197,5767927,7185817,6703702
15,7455141,4399505,5940751,4171522,6129937,5872072,6074375,5444924,9287456,5376992,7301547,5492806,11140308,5726667.5,7102602.5,6724837
15.16666667,7455141,4399505,5940751,4171522,6129937,5872072,6074375,5444924,9250521,5389743,7254910,5467478,11070761,5739069,7080329,6683642
15.33333333,7419198,4385983,5884585,4185707,6078331,5841948,6061796,5504516,9255193,5402163,7266039.5,5474588,10951809,5766901,7020189,6661504
15.5,7460407,4374274,5864602,4164802,6071251,5836055,6019199,5526821,9276927,5375463,7302891,5525581,10983834,5719620,7011416.5,6670089
15.66666667,7469072,4398436,5883218,4170621,6103975,5846266,5994422,5471414,9321372,5368140,7327736,5515740,11006513,5692472,7021499,6691344.5
15.83333333,7486627,4378986,5873285,4161016,6142624,5829405,6041382,5493374,9368718,5323532,7354819,5474463,11064076,5701161,6955329,6654655
16,7566802,4351964,5833178,4146034,6113876,5829265,6075340,5583346,9317332,5290896,7315838.5,5529737,11106707,5688781.5,6942660,6581471
16.16666667,7523596,4399558,5753071,4143029,6046697,5816054,5997983,5550560,9186356,5319608,7338505,5564899,11052296,5647399,6924183.5,6629283
16.33333333,7523596,4399558,5753071,4143029,6046697,5816054,5997983,5550560,9141011,5285461,7320896,5462982,11006629,5613410,6863199,6684484
16.5,7593055,4386033,5723238,4138274,6016065,5852188,6012543,5559690,9182472,5283910,7344081,5429741,10957455,5577047,6882501.5,6777951
16.66666667,7492884,4387990,5748019,4142859,6019329,5843092,6076787,5537033,9175005,5265309,7312704,5472371,10799939,5589952,6870327,6712832
16.83333333,7520779,4361597,5740947,4142283,6098655,5799357,6003795,5550076,9187775,5258894,7305294,5532418,10808615,5547889,6879816,6409202
17,7507551,4334584,5716800,4135508,6104184,5794035,5982246,5578058,9184566,5304679,7252180,5539674,10888863,5500424,6949103.5,6277495.5
17.16666667,7545686,4369325,5720074,4111596,6046947,5809716,6032189,5605052,9202855,5219784,7228066.5,5525968,10767358,5488648,6861083.5,6289897
17.33333333,7571265,4390321,5707070,4110911,6092889,5839543,5989883,5574012,9245894,5194625,7311718.5,5519541,10693803,5468239,6872604,6400337.5
17.5,7688130,4419319,5662019,4118540,6038372,5801687,5912373,5568987,9193632,5199040,7272486.5,5523232,10681564,5487230,6907620,6637172
17.66666667,7657082,4432333,5705768,4083152,6063186,5796105,5992671,5629892,9149511,5158936,7205552,5513644,10524337,5455453,6863807.5,6662341
17.83333333,7657082,4432333,5705768,4083152,6063186,5796105,5992671,5629892,9194013,5126513,7249431,5485896,10585127,5424346,6857742.5,6681485
18,7612381,4444484,5673847,4075219,6039603,5705607,5970687,5612817,9211483,5123811,7363199,5518116,10488044,5432066,6835471.5,6639584
18.16666667,7612760,4447392,5618332,4086603,5995449,5731641,5887756,5671268,9225179,5125802,7356009,5505489,10404375,5423435,6844930,6628101
18.33333333,7729199,4432642,5594347,4077812,6022218,5721578,5896609,5604947,9223347,5193672,7312141,5481341,10449011,5391346,6863549,6634566
18.5,7754517,4435478,5572034,4098029,6065618,5685785,5887069,5604346,9238724,5231919,7259565.5,5474112,10490290,5349941,6908783,6651790.5
18.66666667,7727927,4442749,5532959,4130919,5987071,5764258,5895092,5606314,9305366,5144867,7224765,5493071,10445020,5306741,6928270,6681893.5
18.83333333,7736728,4476105,5500972,4088978,6009266,5787342,5909037,5602070,9388193,5079700,7245364,5530056,10493689,5303746,6904966,6723385
19,7786912,4521884,5485260,4086275,6026481,5751293,5922247,5617757,9408145,5034958,7218947.5,5532606,10511617,5344957,6925167,6711060
19.16666667,7848545,4514781,5538213,4107713,5981247,5747175,5941533,5607020,9376789,5057345,7246719,5498575,10490294,5310484,7005457,6684324.5
19.33333333,7898314,4498911,5562003,4141014,5961579,5755352,5879099,5617251,9321366,5118318,7298739,5499552,10534789,5302010,7107251.5,6690705
19.5,7919125,4520373,5560461,4094417,5985599,5820693,5811368,5614975,9236267,5132349,7287303,5526930,10506022,5307322,7158959.5,6731807
19.66666667,7988470,4471009,5446094,4073074,5913140,5730160,5806741,5575599,9264047,5055639,7291300,5560098,10421705,5237599,7092806,6731753
19.83333333,7877076,4410852,5231906,4066533,5691325,5493443,5619787,5414564,9294516,5062907,7341183,5543705,10253344,5245793,7068853,6657056.5
20,7493510,4286558,4947730,3994860,5476542,5280578,5305348,5205757,9337157,5061315,7284274,5607146,10091988,5243224,7054822,6636144
20.16666667,7373315,4225582,4847703,3944194,5393240,5215707,5213870,5147451,9392503,5040602,7234167,5540459,10000986,5223311,7040158.5,6692393
20.33333333,7596045,4313841,4929821,3958647,5492829,5285907,5290597,5197549,9386536,5022284,7201776.5,5489064,9970400,5207849,7043774.5,6762298.5
20.5,8004016,4429466,5056123,4026149,5667020,5421558,5468754,5295497,9304989,5029488,7168363.5,5517241,9912562,5205453,6952907,6738437
20.66666667,8260356,4512081,5214408,4066858,5803581,5513181,5662106,5376389,9250589,5043754,7169012,5490402,9871027,5201172,6959280,6693094
20.83333333,8331705,4545495,5221509,4118114,5836315,5605396,5718640,5350456,9300501,5009662,7178589,5490137,9813875,5218837,6876029.5,6683046
21,8277559,4495297,5221449,4116374,5882783,5656723,5654684,5375044,9260815,4992133,7113600.5,5512092,9748532,5200478,6818981,6690337
21.16666667,8370867,4511407,5281510,4122062,5989146,5662226,5675603,5413762,9304416,4998440,6981473.5,5490364,9815223,5184423,6846502,6732527
21.33333333,8514262,4559289,5313616,4131788,6029757,5739755,5763962,5487828,9401989,4984809,6939387.5,5467108,9771129,5190612,6808883,6764950
21.5,8590152,4557824,5308740,4168908,6068374,5665322,5781363,5448152,9482988,5018784,6964405,5394240,9805684,5144542,6811394,6744751
21.66666667,8590152,4557824,5308740,4168908,6068374,5665322,5781363,5448152,9488478,5005617,6890825,5391239,9763399,5127985,6836080.5,6785074.5
21.83333333,8611312,4555937,5299198,4187395.75,6112636,5691744,5800242,5410850,9537580,4957596,6860566,5414370,9565778,5166688,6732249.5,6821555
22,8583127,4585938,5296641,4152275,6153599,5695387,5821176,5433757,9517595,4900384,6922030,5374411,9467975,5175511,6708084,6855631
22.16666667,8632742,4563450,5295535,4156218,6194117,5657310,5817631,5532783,9547664,4848807,6824451.5,5359871,9531685,5123017,6700932,6866668
22.33333333,8632742,4563450,5295535,4156218,6194117,5657310,5817631,5532783,9486724,4975216,6748071,5420036,9480024,5146360,6662411,6897981
22.5,8680988,4560406,5280475,4160904,6207717,5653134,5838162,5551140,9398294,4723311,6773388,5457515,9408522,5100090,6595076,6880292.5
22.66666667,8693639,4544591,5244109,4169593,6296652,5686419,5752277,5485068,9407865,4998347,6740803.5,5391487,9315956,5122575,6568861,6898988.5
22.83333333,8664797,4617987,5227955,4193207,6221118,5709252,5741473,5457054,9411556,4923465,6730889,5390293,9367068,5198722,6538008,7056293
23,8695909,4551712,5258275,4130450,6221609,5675475,5785523,5431428,9427815,4852239,6781124,5422161,9305152,5244613,6515459.5,7192759
23.16666667,8735107,4463567,5230414,4117688,6263943,5667286,5771417,5444310,9490516,4856373,6791902,5399897,9188718,5216354,6503504,6989355.5
23.33333333,8707098,4515679,5218153,4101346,6222572,5704175,5741988,5486240,9548602,4823928,6740132,5407186,9055033,5183769,6453087,6879567
23.5,8637079,4505953,5169349,4068771,6113926,5617907,5797674,5459455,9516970,4828571,6747454.5,5434362,8998921,5157507,6375753,6842527
23.66666667,8379303,4420118,5034248,4029754,5859888,5433584,5689689,5326672,9586174,4835555,6732513,5487194,9031197,5146880,6323439.5,6797676
23.83333333,8027027,4296540,4806597,3966540,5677780,5262530,5488487,5215792,9670233,4817112,6709764,5451010,8983928,5168356,6292002,6790853
24,7729800,4220018,4719648,3902787,5660982,5162570,5305098,5150416,9717651,4798518,6663187,5391840,9036972,5183695,6334298,6815949
24.16666667,7663895,4171296,4684400,3903462,5636972,5174810,5294810,5113003,9762717,4806429,6605681,5424002,8937687,5197602,6388272.5,6862877
24.33333333,7858285,4182107,4756152,3991453,5765079,5269684,5409317,5183616,9776104,4837921,6586735,5452525,8898000,5156279,6371900.5,6875648
24.5,8305323,4332364,4943520,4080098,6087267,5413042,5653498,5269384,9803047,4817549,6544098,5421294,8906321,5151421,6364453.5,6768805
24.66666667,8502928,4406139,5055355,4090094,6229675,5525366,5840507,5321871,9814355,4813406,6522096,5376907,8905445,5180893,6345803,6724006.5
24.83333333,8493972,4391508,5063969,4081185,6226022,5601925,5817228,5335932,9843000,4811541,6497818.5,5395458,8921335,5100303,6267577,6747745
25,8404405,4364554,5128572,4085672,6224019,5580213,5781278,5321506,9761888,4864725,6420574,5418411,8898221,5087201,6340470,6820012
25.16666667,8412778,4366018,5113990,4079496,6269573,5588501,5785565,5320080,9806657,4835537,6394994,5412308,8878918,5149346,6325556,6857387
25.33333333,8501447,4329666,5106062,4107739,6338055,5643829,5857146,5293828,9782565,4799143,6470244.5,5385849,8754773,5179710,6252650,6811263.5
25.5,8546131,4334978,5199733,4116348,6418345,5684089,5951224,5271962,9643973,4834514,6487148,5331752,8690258,5172214,6303810.5,6850023.5
25.66666667,8525252,4337431,5211756,4129014,6563695,5727381,5955060,5305475,9627564,4850111,6422930.5,5342626,8761547,5115544,6296106.5,6881957
25.83333333,8556324,4305857,5140316,4103143,6552503,5668678,5901485,5341335,9681838,4821785,6370992,5303898,8746276,5099855,6253821.5,6918462.5
26,8284829,4225807,4900536,4043136,6311347,5329893,5613099,5179054,9664625,4840837,6362991,5349729,8702049,5115144,6211677,6961331
26.16666667,8284829,4225807,4900536,4043136,6311347,5353710,5613099,5179054,9553559,4873592,6282374,5404900,8672457,5092279,6205567.5,6859102
26.33333333,8224368,4196363,4898771,4041196,6368342,5334543,5575494,5146336,9617944,4903154,6212926,5431494,8631686,5073223,6276017,6893428
26.5,8175353,4201219,4847143,4015611,6417542,5311371,5566734,5070810,9698781,4911048,6248806,5426900,8579398,5099201,6341867,6955726
26.66666667,8122417,4225265,4765623,3977526,6396563,5234612,5530054,5027747,9600370,4871577,6304288,5380970,8434738,5117788,6317428,6934201.5
26.83333333,7904102,4224643,4661737,3939707,6379839,5165616,5534697,5063683,9587061,4853637,6325461,5378150,8330748,5098262,6325770,6920462.5
27,7775426,4114910,4617589,3924176,6267308,5155910,5435570,5058065,9576077,4825817,6324497,5395548,8314638,5056930,6338866,6926164.5
27.16666667,7717051,4021804,4628560,3922264,6227888,5134435,5323238,5022860,9501150,4839256,6305806.5,5429529,8328290,5058877,6259336,6911037
27.33333333,7787546,4080706,4637891,3963427,6327314,5158367,5328568,5009368,9492318,4854184,6330628,5449253,8330091,5088488,6206254.5,6904606
27.5,7903094,4172390,4639537,3998473,6340653,5155895,5450608,5041022,9616213,4849113,6344617,5512665,8290818,5136275,6166356.5,6954822.5
27.66666667,7976234,4154672,4602007,4023430,6371624,5157693,5450390,5066974,9461744,4855462,6358718.5,5509388,8334110,5111275,6179035,7076068.5
27.83333333,8084763,4156453,4656840,4047353,6502478,5237951,5549869,5095940,9359590,4846360,6358622,5460504,8383302,5050451,6167929,7075688
28,8384478.5,4239473,4859841,4099509,6747198,5436594,5788182,5194572,9293759,4853049,6372213,5452131,8412931,5062176,6136284.5,6994966.5
28.16666667,8470994,4258000,4962961,4132872,6926743,5581555,5913575,5276249,9287495,4846957,6344402.5,5455424,8358748,5102300,6087415,6844798
28.33333333,8447921,4220011,4928081,4137457,6903238,5568568,5883547,5272658,9328792,4769129,6322174,5434666,8308027,5067371,6095614,6773911.5
28.5,8467918,4217230,4916035,4128172,6874627,5503223,5878369,5270650,9288195,4801803,6388317,5425967,8300924,5017899,6072092,6754283
28.66666667,8425285,4214352,4933392,4095985,6902003,5489243,5912261,5248072,9187480,4836772,6461777,5443643,8351575,5061489,6078620,6754290
28.83333333,8430401,4259825,4960137,4084283,6959260,5541543,5929355,5257215,9238488,4794383,6451744,5422983,8356597,5066548,6164789,6790443.5
29,8395019,4259035,4931818,4118302,6974241,5506059,5969719,5249148,9247183,4789428,6378854,5393123,8185193,5093416,6112697,6821744
29.16666667,8236185,4217070,4945291,4163441,6956400,5517806,5944742,5290143,9192316,4784496,6363917,5384589,8224847,5037385,6112597,6756607
29.33333333,7957134,4121124,4834411,4058892,6933748,5436092,5843671,5184769,9143145,4780365,6456727.5,5401192,8319009,5004628,6175172.5,6805671
29.5,7957134,4121124,4834411,4058892,6933748,5436092,5843671,5184769,9330402,4770009,6449011.5,5444872,8374765,5074770,6154216,6889729.5
29.66666667,7283263,3994218,4472869,3970752,6635045,5148471,5433277,5002114,9389388,4775044,6443037.5,5460668,8343558.5,5043630,6115170,6863984
29.83333333,6985009,3896372,4289474,3855146,6465754,4993888,5264987,4828368,9362671,4786525,6435674,5453194,8205019,5015224,6142095,6801575
30,6933021,3863915,4312704,3848781,6406037,5006752,5206929,4839300,9376197,4775868,6483690.5,5506918,8139896,5059562,6135987,6824257
30.16666667,6956452,3856692,4309212,3912433,6355798,4976200,5198771,4812277,9441007,4791319,6507201,5552170,8215766,5028635,6166693,6882072.5
30.33333333,6992604,3880574,4304882,3888829,6339503,5013758,5232548,4790593,9486880,4814563,6475190,5471263,8405772,4998856,6285881.5,6946612
30.5,6967310,3902090,4234277,3880393,6375326,4982841,5197983,4801187,9533654,4769849,6415865.5,5465943,8324660,5010347,6338742,6977429
30.66666667,6995836,3856935,4246175,3885683,6400639,4946468,5160975,4780923,9562236,4734775,6400919,5555710,8147133,4998316,6282199,6907680
30.83333333,6909615,3860306,4291576,3864339,6361749,4973736,5200566,4771415,9500838,4735360,6439925,5573489,8123213.5,5022874,6252056,6739711
31,6854236,3910669,4301257,3888072,6324718,4929248,5194244,4779638,9494421,4755513,6414183,5541527,7944527,5026942,6201610,6533822.5
31.16666667,6962209,3864565,4242629,3868353,6289978,4930739,5175899,4781197,9460693,4726880,6496016,5527941,7494315,4982358,6125074,6336002
31.33333333,6960298,3849639,4240908,3858414,6291705,4903297,5185284,4773865,9427421,4704145,6473519,5573741,7258617,4993567,6029611,6300964.5
31.5,6973243,3859370,4225344,3874969,6299560,4891595,5207019,4763848,9404014,4690198,6399271,5528484,7263938,4978756,5964221,6305776
31.66666667,7006560,3852716,4210655,3868450,6293097,4889705,5165553,4731102,9427063,4703816,6420667.5,5489277,7381140.5,4967693,6064429,6321005
31.83333333,6959879,3843135,4203055,3909244,6189577,4869430,5171031,4715627,9436277,4733561,6469201,5539263,7703484,5042518,6203679,6498705
32,6849969,3818065,4204541,3901014,6105042,4897502,5133500,4734043,9399430,4772443,6478917,5575272,8088747,5032555,6257887,6645752
32.16666667,7003368,3848948,4266285,3911723,6212773,4929272,5175645,4747792,9396275,4780083,6406987.5,5574559,8037908.5,5000104,6295379,6683172
32.33333333,7535180,4042184,4513229,4001231,6497822,5107833,5454403,4868465,9373244,4762260,6411597,5584650,7980861.5,5002632,6231216,6597269
32.5,7925730,4218399,4758412,4121505,6741583,5343175,5827185,5074448,9366085,4775024,6442522,5582601,7905724,4969121,6155637,6553778
32.66666667,7889491,4223875,4770317,4098027,6785401,5399283,5876670,5066958,9387326,4754479,6499932,5516993,7935671,4954416,6133606,6622131.5
32.83333333,7998075,4234182,4804110,4136111,6842630,5437545,5941027,5088314,9409851,4770395,6434461,5549027,7950293,4951198,6172632,6594287
33,8116938,4247444,4838452,4127699,6911337,5469319,5914852,5077757,9322245,4794032,6429136.5,5572449,7884309.5,4921967,6150392,6640749
33.16666667,8091953,4269845,4840083,4135272,6913246,5529520,5973416,5110545,9276233,4832643,6399868.5,5526078,7885924.5,4937572,6120137.5,6708708
33.33333333,8080031,4308494,4860660,4182855.25,6915728,5594410,5997191,5107132,9258899,4856825,6408525,5462856,7895370.5,4924445,6161130,6716414
33.5,8120645,4326044,4867107,4232481,6958381,5617807,6014031,5086212,9203881,4879609,6505563,5414136,7920230.5,4895456,6108860,6789526.5
33.66666667,8140470,4419845,4882503,4258771,7021322,5593059,6008886,5085182,9182666,4855024,6609358,5437265,7865217,4876738,6046717,6815957
33.83333333,8143280,4439986,4943406,4248762,6977152,5555228,5913047,5100047,9225294,4822247,6603248,5436947,7860034,4889962,6062931,6827652
34,8155104,4436394,4919502,4255343,6981284,5548820,5926570,5128671,9225773,4856743,6564168,5350019,7853669.5,4911258,6063202,6798457
34.16666667,8283322,4452946,4922540,4260904,7078971,5647446,6017870,5121467,9244012,4876237,6559533,5342617,7881774.5,4879748,6066073.5,6795793
34.33333333,8254053,4470307,4915781,4236172,7065362,5679587,6111448,5134420,9207119,4884359,6583299,5410734,7955354,4888110,6050018,6784504
34.5,8196206,4469765,4899098,4252529,7014877,5631738,6151106,5140377,9149204,4912062,6588172,5392731,7862427,4871907,6069150,6718311
34.66666667,8186535,4465263,4904825,4215265,7031895,5611346,6100310,5128660,9113183,4897667,6560520.5,5329496,7866010,4863077,6072138,6654644.5
34.83333333,8169675,4474284,4944840,4266589,7114723,5621585,6015555,5148681,9095722,4925205,6554784,5337983,7861796,4881140,6103293,6703803
35,8210192,4489293,4935533,4329010,7105546,5676108,6023310,5151711,9057213,4946729,6558771.5,5313574,7871396,4870319,5995594,6727407
35.16666667,8264951,4514710,4912413,4281690,7053772,5684167,6052784,5145146,9096224,4956890,6597408.5,5324539,7839447.5,4867992,5922665,6636354.5
35.33333333,8239198,4515165,4940386,4286865,7001199,5641192,6061408,5113623,9128991,4931748,6524359,5319272,7680346,4860097,5875185,6500848
35.5,8135253,4512974,4935532,4314399,7043886,5616283,6034895,5125977,9178877,4941242,6434980,5359578,7391171,4874487,5807089.5,6451264.5
35.66666667,8064389,4513123,4894147,4271573,7121018,5653430,6002473,5078609,9127614,4975315,6507442,5374759,7322251.5,4866598,5783946,6517070
35.83333333,8125110,4505002,4879946,4267683,7144009,5657170,6066487,5061683,9165600,4992044,6562096,5360747,7554487,4878680,5821089.5,6663855
36,8038806,4572686,4887965,4282976,7142151,5653187,6127611,5060546,9160542,5090144,6557108,5346550,7968800,4913999,5926523,6755367
36.16666667,7955092,4596694,4890741,4270361,7159336,5598157,6048953,5017520,9148621,5074278,6628247,5401981,8090778.5,4926772,6027869,6721993
36.33333333,7943042,4583389,4880091,4310042,7075469,5624087,6056423,5019673,9130964,5044401,6600977,5464304,8099155,4890514,5966860,6754941
36.5,7811171,4591444,4864347,4348958,7056996,5656415,6008937,5024975,9112374,5072672,6571019,5422968,8060831,4885731,5945592,6790185
36.66666667,7768021,4604000,4814268,4346349,6981425,5592106,6019985,5026224,9132260,5096496,6576365.5,5422676,8062000,4838990,5855510,6704298
36.83333333,7813552,4662494,4794107,4303645,6993938,5581170,5965839,4985142,9115279,5114096,6581654.5,5458643,8034517.5,4892596,5824687,6550817
37,7771273,4640160,4829064,4284131,7039153,5568262,5988101,4979279,9096357,5163472,6468435,5451162,8009269,4945706,5850037,6431520.5
37.16666667,7706040,4606307,4869494,4307209,6910849,5467907,5999992,4985414,9048882,5201167,6390404,5468440,7941827,4949529,5770630.5,6430318.5
37.33333333,7684683,4592487,4885398,4330318,6846816,5417781,6004736,4960357,9029791,5189469,6375187,5506452,7751731.5,4932622,5686143.5,6444097.5
37.5,7633826,4581971,4862266,4314269,6857376,5420443,6013719,4931548,9035169,5129461,6281592,5529912,7637608.5,4904370,5596902,6440969.5
37.66666667,7529033,4555441,4832545,4271553,6887504,5409334,5959301,4871844,9009902,5121831,6282551,5544931,7685093.5,4920496,5640057,6433684.5
37.83333333,7462950,4571138,4840358,4242334,6852647,5382356,5979932,4831183,9028744,5138093,6390169.5,5566416,7869374,4957539,5796308.5,6405657.5
38,7490899,4596274,4816797,4210501,6813672,5410038,6007155,4834849,9175438,5105514,6330418,5578787,7811437,4936434,5713756,6387613.5
38.16666667,7416708,4575033,4796079,4221711,6770163,5361963,5955172,4869766,9202149,5149385,6411769,5625230,7573404,4908829,5624237,6334517
38.33333333,7426654,4551643,4798052,4231318,6842666,5325741,6017848,4848718,9044508,5210127,6393388,5604243,7476081,4941235,5622657,6368498
38.5,7501638,4557061,4802192,4248489,6880741,5425705,6003561,4854682,8995908,5217189,6407828.5,5555015,7479642,4963853,5538588,6435079
38.66666667,7434831,4540661,4833694,4241817,6773563,5460209,5965332,4870142,8949411,5225341,6445317,5537039,7526668,4915818,5568701,6518852
38.83333333,7310933,4543455,4844538,4181777,6780585,5460950,6107177,4853702,8864923,5269703,6386136,5558569,7567366,4863248,5685391,6808796.5
39,7214988,4516076,4881065,4142679,6737395,5417823,6043193,4842757,8940649,5164953,6353310,5550629,7607642,4894662,5694429.5,6826071
39.16666667,7214988,4516076,4881065,4142679,6737395,5417823,6043193,4842757,8961898,5126811,6343167,5545342,7637058,4928331,5671909,6805175
39.33333333,7223490,4542789,4850254,4127570,6611616,5393216,6015988,4836180,8896683,5149937,6330113,5647288,7573780,4876290,5709349,6784396.5
39.5,7266353,4514732,4792088,4116599,6536704,5390551,6051497,4863257,8879529,5170710,6348242.5,5695967.5,7552288.5,4881333,5785548,6780146
39.66666667,7200224,4459232,4785446,4084510,6534760,5370069,6068594,4885381,8875162,5152079,6372516.5,5572157,7516424,4876819,5811298,6844060
39.83333333,7188568,4447446,4795421,4077762,6415330,5368740,6074975,4854585,8906518,5168055,6367940,5596785,7532619.5,4878949,5755728.5,6882315.5
40,7045221,4445007,4745892,4058693,6184477,5235189,5942024,4831187,8875197,5167674,6393355,5691697.5,7537651,4872889,5740141,6895975
40.16666667,6826953,4380326,4614749,4005230,5976187,5097682,5719572,4733942,8951657,5180690,6354205,5687356,7577125,4867292,5760810,6877504
40.33333333,6827567,4323390,4542449,4042027,5810681,5027609,5648019,4678764,9004508,5224866,6324573,5646442,7517814,4840096,5730530,6814357
40.5,6856403,4315609,4494960,4044456,5717979,5020625,5646754,4660448,9034154,5209283,6255680,5667322,7510470.5,4861521,5713493.5,6704131
40.66666667,6910461,4295906,4441894,3990776,5590559,5018714,5583805,4682770,9073217,5220344,6211230,5679457,7513227,4850436,5697473,6667109
40.83333333,6760493,4285922,4421830,3929159,5537358,4964333,5549728,4653156,9064966,5200012,6143521,5678870,7504566.5,4807890,5737901,6714660
41,6559131,4266659,4406511,3924681,5463706,4920793,5524400,4590973,9072158,5166024,6162139,5667502,7547411.5,4873659,5660074,6678564
41.16666667,6551696,4218480,4387476,3947052,5338029,4920573,5467425,4533722,9099245,5161929,6222383,5651360,7592940,4872049,5647823,6569572
41.33333333,6583421,4210191,4355840,3924630,5245975,4943205,5445757,4526958,9092191,5166862,6262060.5,5631570,7540370.5,4817191,5637457,6609393.5
41.5,6614385,4214741,4357622,3928780,5145399,4912600,5393549,4533516,9034412,5131118,6254389,5655592,7480274.5,4786327,5651494,6619106.5
41.66666667,6538778,4161736,4294509,3941966,5059709,4910874,5320553,4451850,9014243,5081826,6270298,5704875,7417390,4817972,5622522,6575542
41.83333333,6329105,4088401,4130540,3941823,4956679,4881282,5219282,4372973,9034290,5087956,6242750.5,5708245,7360360.5,4794642,5578507,6476696
42,6224974,4030413,4071372,3926042,4936999,4868346,5174094,4333514,9083522,5091749,6131831,5709941.5,7406562,4788219,5555143,6448545.5
42.16666667,6217787,3992355,4063213,3908417,4840847,4845381,5146335,4337879,9103715,5048846,6088350,5757777,7426366,4775354,5545214,6432946
42.33333333,6263834,3991222,4010677,3920629,4739129,4792459,5132722,4364301,8993376,5025039,6077942,5730735,7444729,4785748,5570033,6452176.5
42.5,6277484,3997868,3960605,3854467,4704702,4787499,5177665,4368276,8980393,5029929,6097562,5761493,7450380,4814977,5588156,6427437
42.66666667,6266195,3987020,4015233,3850688,4667044,4821894,5148729,4390786,8958745,5014101,6084239.5,5710907,7431277,4805865,5549592,6338716
42.83333333,6304528,3962355,4017247,3895847,4597756,4796479,5150465,4362934,8906782,5022036,6098519,5726661,7533114,4793772,5522206,6335572
43,6321000,4016120,4003634,3912428,4538862,4753958,5113465,4378510,8920468,5047619,6095875.5,5861173,7467414,4763408,5521494,6257424
43.16666667,6335826,4015648,3993404,3894328,4485718,4704221,5157475,4389053,8910025,5050572,6093556,5840523,7456770,4759039,5565689,6240332
43.33333333,6326132,4050813,3954425,3920201,4500965,4684081,5178149,4412197,8934909,5038873,6069741,5800555.5,7555765.5,4831466,5597830,6341278
43.5,6340940,4032822,3952107,3951139,4497645,4681670,5155242,4356754,8929544,5048205,6025418,5857794,7618131,4858005,5590690,6320183
43.66666667,6376399,4021162,3952182,3926938,4421372,4693284,5145608,4301840,8906247,5080204,6059209,5872376,7655314,4829986,5593519,6316717
43.83333333,6335423,4048742,3963724,3929247,4378355,4672844,5112521,4346073,8952477,5132147,6124377,5809743,7683388,4800048,5594231,6333444
44,6287477,4011297,3936497,3905358,4379801,4630748,5127943,4396743,8996497,5185065,6158417.5,5786164,7612898.5,4756385,5574130,6125216
44.16666667,6264362,4031272,3924920,3887050,4347514,4655033,5081338,4341095,9005749,5135566,6117176,5869930,7536350.5,4767091,5518742,5987702
44.33333333,6324439,4079993,3966981,3925421,4327070,4725614,5121864,4319313,9031718,5137179,6058229,5869465,7518823,4796279,5487921,5929819.5
44.5,6646179,4205623,4152408,3994884,4423324,4816705,5442394,4436991,9057372,5193212,6086300,5854996,7621963,4808968,5563818,5936459.5
44.66666667,7243325,4431989,4514365,4115185,4619963,5045216,5974537,4660030,9026568,5205130,6185955,5875862,7756085,4805687,5661780,5928694.5
44.83333333,7379547,4472046,4500408,4144873,4622634,5118251,5981084,4701851,9019567,5181325,6094290,5859421,7962478,4791821,5726102,5924399
45,7457849,4478259,4533930,4150996,4644123,5195515,6001759,4667400,9044582,5165148,6070204,5834627,8023254.5,4782721,5807598.5,5831639.5
45.16666667,7543469,4531750,4578721,4122468,4654542,5206181,6097733,4686767,9082930,5216101,6075446,5812461,8037377.5,4789624,5838866.5,5827161
45.33333333,7672587,4548361,4594045,4145635,4688942,5263044,6095939,4699948,9059558,5183906,6128427.5,5791803,8056191,4832913,5757112,5782982
45.5,7700253,4516715,4617730,4151458,4824593,5294956,6067162,4682555,9023735,5196472,6245203.5,5858927,8043878,4801039,5739679,5753853.5
45.66666667,7702086,4509333,4588176,4158195,4872099,5275268,6116139,4651420,9009463,5204095,6284460,5873177,8052367,4753338,5755675,5762647.5
45.83333333,7675339,4569792,4567277,4198732,4862568,5230381,6101735,4678502,9095797,5243331,6174495,5826197,8101178,4770421,5740825,5787137
46,7723892,4566207,4592879,4191315,4873169,5256092,6075487,4702191,9077961,5278799,6131347.5,5844629,8062291,4755638,5704493,5783237
46.16666667,7741564,4555377,4608297,4155282,4877738,5234830,6118853,4704247,8973836,5227122,6116220,5815716,7942199,4766320,5635846,5825829
46.33333333,7773134,4592369,4645769,4191269.25,4964231,5243237,6146008,4693330,8930135,5147194,6127109,5770233,7807434.5,4779128,5585225,5843116.5
46.5,7775097,4598853,4647825,4184888.25,5046282,5280320,6142360,4713556,8915887,5110382,6173716,5754353,7718289,4740824,5571866,5850735
46.66666667,7776645,4566688,4661158,4195097,5044237,5262559,6144870,4754924,8894265,5108112,6261754,5668198,7740907,4734669,5562752,5957690
46.83333333,7726067,4491397,4636446,4207798,5108768,5320740,6213614,4758750,8881314,5135033,6284542,5688755.5,7853820,4758566,5527596,6075862
47,7740892,4434871,4642530,4233595,5174274,5329013,6229626,4762539,8926489,5171973,6248521,5722246,7951349,4770979,5587280,6207042
47.16666667,7751455,4443271,4672016,4238057,5202658,5307883,6213952,4764822,8927832,5209892,6168979,5682940,8020911,4743472,5585375,6268852
47.33333333,7759699,4435231,4653288,4184992.75,5298129,5257572,6153615,4786336,8870881,5243294,6151444,5748522,8012955,4730961,5576684,6242285.5
47.5,7826211,4440132,4631171,4224605,5334958,5262036,6086952,4773015,8833772,5194119,6113272,5739020,7914885,4751407,5631627,6231785
47.66666667,7915475,4376057,4691769,4258860,5306655,5234242,6101226,4777181,8862352,5238596,6136316,5701892,7879347.5,4752370,5582833,6250770
47.83333333,7920589,4408058,4670439,4232005,5351436,5241299,6069341,4805459,8862336,5294375,6113064,5672400,7924548,4764639,5588143,6305391
48,7918559,4417356,4650076,4214152,5413905,5212900,6069801,4808782,8871701,5317119,6053139,5678152,7875952,4737977,5539063,6314590
48.16666667,7866243,4397148,4592440,4244095,5429652,5171329,6126207,4794255,8853889,5330441,6000719,5697094,7854734,4744751,5542958,6274040
48.33333333,7728301,4341893,4568360,4280250,5429080,5137509,6069427,4785368,8844384,5275421,6014296,5621711,7759070,4728698,5516669,6138603
48.5,7680895,4317820,4565848,4219436,5479513,5139976,6048363,4805432,8927607,5296109,6064396.5,5633588,7668669,4701036,5511812,6174810
48.66666667,7707784,4335222,4544651,4171513,5533599,5133594,6106879,4825517,8942300,5286046,6031651,5647081,7724904,4698197,5530402,6319599
48.83333333,7670242,4400041,4565692,4159908,5486465,5128032,5967802,4819907,8874044,5282647,6079489,5666014,7673105.5,4732154,5511918,6320607
49,7620921,4341106,4612048,4174544,5470113,5082518,5928104,4741131,8894983,5296893,6074572,5748053,7650417,4749241,5539988,6316483.5
49.16666667,7624138,4294548,4557102,4224361,5461566,5005231,5972063,4739565,8830273,5288814,6027186,5774726,7591948,4772813,5493323,6230509
49.33333333,7582325,4299153,4548854,4257409,5425660,4968428,5940318,4770761,8741178,5233782,6033493,5746107,7523511,4780296,5491487,6157233.5
49.5,7500786,4280246,4520046,4235247,5435542,4884935,5875059,4689482,8730328,5215742,6007946,5787041,7504220,4761182,5534636,6166853
49.66666667,7408628,4263039,4494183,4227853,5485429,4877988,5823925,4589804,8776925,5262709,5949734,5852359.5,7419110,4736785,5512100,6156237
49.83333333,7279724,4242862,4454129,4246795,5427680,4918098,5827036,4560317,8717704,5252528,5897585,5862600,7393479,4732234,5497957,6199236.5
50,7210459,4182057.75,4423133,4217033,5373207,4901732,5785845,4543655,8744074,5256940,5900266.5,5852426,7451183,4750747,5470371,6223447
50.16666667,7142695,4139261,4373466,4177820,5358843,4847088,5696478,4526417,8638431,5242642,5872151,5797884,7409581,4738686,5487774,6199346
50.33333333,7122809,4163707,4345604,4146394,5373869,4792733,5645538,4530922,8644023,5202108,5889818.5,5877162,7399019.5,4717132,5473953,6257854.5
50.5,7060811,4109599,4343735,4134826,5438680,4752143,5545598,4571220,8662015,5176485,5901164,5903391.5,7385245,4655191,5482461,6353816
50.66666667,6894547,4119754,4282960,4134280,5373828,4700671,5533274,4573279,8575978,5176499,5846303,5869615,7449715,4727519,5479367,6359524
50.83333333,6884789,4129947,4289884,4161767,5310415,4726673,5593877,4582442,8642504,5126846,5826399.5,5853537,7458059,4739388,5441087,6293310
51,6765997,4092775,4256253,4161511,5308333,4766224,5509864,4532852,8640479,5088240,5779489,5857362,7294527,4678516,5429411,6133801
51.16666667,6347109,4001270,4091700,4106415,5191837,4698754,5260481,4397143,8641472,5079292,5713040,5858218,7235334.5,4703598,5463857,6060216.5
51.33333333,6159717,3944590,4002799,4049758,5075707,4590349,5096244,4342462,8676889,5079109,5658691,5806930,7168312,4734020,5459662,6006607.5
51.5,6178354,3930535,3947444,4057709,5068236,4599213,5075715,4343260,8652353,5060559,5639810,5842546,7063579,4694627,5466796,6005707
51.66666667,6179569,3916297,3898002,4072682,5034326,4570592,5065485,4353569,8703793,5052926,5683299,5921576,7088084.5,4666231,5479286,6096198.5
51.83333333,6084132,3860474,3906718,4059379,4991850,4585145,5060284,4373033,8728836,5076835,5742926,5956516,7173836,4647660,5476651,6104384.5
52,6025075,3834960,3926520,4068527,4964761,4589022,5051207,4419645,8694771,5044784,5770061.5,5929694,7143853,4646863,5498513,6121767
52.16666667,5951268,3859646,3911505,4097189,4952571,4553849,5008937,4416036,8662549,5022944,5782652.5,5940934,7157064,4680008,5502140,6153381
52.33333333,5952236,3923798,3925947,4073574,4934021,4521575,4932076,4379986,8654914,4990721,5846699,5968833,7173935,4681353,5542624,6193610
52.5,5943959,3938952,3911892,4091839,4921361,4520114,4913170,4378176,8572734,5006213,5881465,6001353,7151645,4659438,5576973,6224685.5
52.66666667,5900241,3946100,3869607,4063372,4947454,4533056,4902550,4422143,8541120,5000229,5880821,5977311,7100834,4681172,5658314,6212200.5
52.83333333,5899534,3938883,3838892,4015786,4897668,4505612,4893041,4419593,8622230,5016728,5957157,6005733.5,7006349,4652281,5693959,6200265
53,5906262,3932068,3850544,4039958,4880699,4472259,4904956,4386555,8627647,5016049,5976788.5,6023409.5,6977775,4668324,5639645,6165399
53.16666667,5933672,3905016,3874357,4035156,4898076,4447199,4903643,4403383,8506065,5056653,6007639,5968511,6977232,4716931,5662032,6082433
53.33333333,5966983,3842010,3872595,4062471,4875033,4458776,4866755,4443654,8474604,5054616,6004649.5,5996235,7008271,4712665,5757436,6089087
53.5,5980216,3832869,3863039,4105558,4909068,4470942,4850984,4441848,8344172,5041163,5982711,6015142.5,7063089,4679139,5721571,6226134
53.66666667,5981040,3816830,3817632,4081622,4910826,4416488,4821836,4435165,8329157,5020101,5954186,6017247,7123462.5,4658411,5733340.5,6238481
53.83333333,5969835,3823402,3814880,4118216,4862148,4420651,4783470,4429964,8439270,5027045,5950496.5,6028227.5,7042714.5,4661090,5735157,6233852.5
54,5946439,3844157,3797290,4124821,4943686,4416818,4752290,4433144,8523957,5015453,6018338,6076353,7000472,4702872,5744105,6288118
54.16666667,5917199,3861728,3834127,4091574,4966483,4419396,4708191,4463935,8472791,4982207,5945085.5,6093833,7033374,4671632,5841667.5,6267566
54.33333333,5943764,3847847,3895350,4107463,4918923,4428593,4721497,4477713,8469206,4934833,5941544,6174921.5,7060331.5,4628407,5809837.5,6311320.5
54.5,6183647,3901249,4007916,4204873,5000656,4500219,4891729,4620154,8652302,4959732,6022408,6176002,7123668,4659963,5783793.5,6311425
54.66666667,6697366,4087372,4262094,4321084,5150537,4766131,5134821,4776336,8731140,5005671,6089327,6166411,7110077,4681880,5748942,6268978
54.83333333,6940496,4226957,4370713,4453582,5348115,4849137,5245432,4854540,8723323,4980962,6173542.5,6156470,7129296,4660188,5724186,6290132
55,7007734,4257008,4388029,4476736,5436705,4835711,5291369,4902926,8744703,4945035,6193041,6146095,7271225,4684495,5775010,6267133
55.16666667,7082053,4245205,4423820,4463727,5485328,4853630,5252560,4958077,8776331,4983860,6235091,6105972,7316511.5,4664296,5772033,6285734
55.33333333,7173031,4244729,4424634,4466117,5524263,4870143,5197676,5054070,8736247,4959748,6288510,6118111,7333767,4678869,5690320,6426507
55.5,7191209,4266469,4454928,4562534,5571833,4902979,5237581,5063723,8686316,4975269,6271010,6114895,7390349,4674592,5732998,6725617
55.66666667,7246040,4294904,4466197,4586864,5572742,4974392,5213860,5092559,8708621,4987118,6319961,6036203.5,7378589,4693741,5750001,6744708
55.83333333,7270919,4279052,4420860,4566523,5533202,4975594,5143143,5116356,8678125,5014483,6362106.5,5996587,7262733.5,4676687,5671657,6789759
56,7360215,4264869,4502849,4605154,5534486,5009097,5120891,5160574,8635436,5025219,6379223,6023043.5,7195028,4633614,5666524,6800620
56.16666667,7384259,4233676,4521786,4626713,5539768,5002064,5163475,5161776,8539172,4976017,6401513,6066338.5,7175840,4615942,5676432,6693334
56.33333333,7418550,4208190,4536408,4667874,5565877,4992443,5140400,5181062,8534923,5010051,6404935,6060342,7241965,4586095,5711894,6722311
56.5,7408378,4226362,4600304,4714495,5601938,4987138,5075819,5189678,8553238,5017640,6412632,6018759,7247128,4583570,5711976,6737584
56.66666667,7438617,4213186,4540627,4694219,5633458,4979241,5045144,5166400,8539025,5000854,6400558.5,5949119,7181491.5,4599401,5700529,6711977
56.83333333,7526702,4248794,4526828,4650961,5645960,4977224,5060415,5270632,8514258,5063325,6349227,5917666,7242569,4608578,5641557,6756636.5
57,7588553,4248844,4561142,4698603,5648570,4977709,5016838,5312213,8455952,5096727,6364378,5926171,7239885.5,4616566,5633176,6841336
57.16666667,7681126,4188534.75,4553596,4720248,5683430,4961253,4937124,5358172,8464946,5066698,6332782,5876330,7279654,4628390,5678627,7057762
57.33333333,7691728,4173981,4545991,4687529,5670172,4947164,4918671,5373937,8373473.5,5130074,6308828.5,5880970,7392640,4609348,5683225,7114552
57.5,7658938,4170164,4572633,4721238,5690286,4918562,4938626,5362537,8325754,5152050,6346140,5883493,7388474,4603001,5726747.5,7178654
57.66666667,7616099,4183165,4531817,4687471,5679995,4975007,4870719,5394300,8356164,5156610,6354356,5856127,7379889,4655688,5704266,7214799
57.83333333,7618526,4183037,4517405,4673886,5607851,4978540,4868788,5424164,8408800,5129122,6320908,5892903,7471225,4644485,5666481,7254335
58,7567851,4211334,4550121,4722813,5606183,4915180,4813667,5462282,8325264,5154980,6302864,5907967,7509549,4662109,5649674,7289410
58.16666667,7545710,4142405,4529926,4731386,5607206,4880940,4773003,5427954,8251540.5,5190828,6316403,5867127,7462954,4654072,5637357,7320298
58.33333333,7519139,4052968,4507223,4773656,5560143,4854858,4781698,5380046,8233693.5,5170842,6301072,5891631.5,7372959,4658068,5657596,7393998.5
58.5,7416536,4062200,4477382,4856271,5517520,4790525,4744022,5384885,8223000,5148023,6325843,5852403,7387592.5,4627417,5644694,7387708
58.66666667,7257859,4037289,4414086,4834350,5492238,4766336,4603314,5376284,8226268.5,5180852,6368386,5836567,7388443.5,4615361,5649904,7368101
58.83333333,7186173,4030736,4362813,4706705,5412066,4789691,4576037,5354145,8366370,5174977,6328792,5865118.5,7411127.5,4643984,5636359,7359619
59,7180193,4004784,4347247,4656104,5375396,4736472,4593751,5406672,8361880,5166296,6346870,5882930,7451752,4671610,5624349,7281175
59.16666667,7149141,3969666,4281106,4620148,5322298,4621349,4541233,5346098,8232023.5,5187277,6337071,5863207,7439247,4696254,5640753,7256003
59.33333333,7076598,3915892,4230025,4627316,5303012,4583956,4509432,5302902,8103196,5202201,6363402,5843450,7394039.5,4680284,5643748,7228925
59.5,6962133,3860132,4168389,4655269,5290908,4548218,4478759,5354306,8095324.5,5229839,6391130.5,5847022,7338974,4672650,5624642,7234155.5
59.66666667,6881707,3872537,4109281,4618665,5237576,4494936,4443301,5324303,8158459.5,5199732,6330329,5886500,7393463.5,4669492,5627064,7194898
59.83333333,6660742,3834717,4010703,4500983,5109912,4407319,4353515,5219554,8203414,5204188,6284967.5,5886920,7391020.5,4691103,5644355,7133676
60,6451522,3751813,3894439,4447971,5010299,4310166,4254819,5108921,8299266,5191006,6311011.5,5872327,7389901,4684551,5635201,7126407
60.16666667,6354839,3709510,3863966,4476859,4994948,4311823,4251529,5093924,8236455.5,5201634,6335629,5859890,7397510.5,4653444,5642119,7144739
60.33333333,6373717,3682374,3834132,4490778,5020232,4363472,4231700,5091621,8165339,5246708,6314164,5878651,7443684.5,4641460,5633392,7129952
60.5,6425850,3653740,3811957,4497405,5058451,4330799,4212067,5116706,8157449,5252080,6265223.5,5826327,7551318,4694046,5624671,7142169
60.66666667,6364999,3682361,3813481,4461894,4978980,4299728,4270468,5128328,8059534,5231399,6263200,5812733,7596948.5,4670984,5622897,7176771
60.83333333,6370747,3694772,3832236,4470245,4929973,4302573,4253097,5105202,8046164,5198811,6227929,5836145,7589956,4656040,5615465,7039305.5
61,6477828,3707061,3814942,4444266,5009697,4315774,4216587,5076488,7985240,5235619,6183253.5,5832341,7626705,4711681,5534216,6737926.5
61.16666667,6520152,3683070,3790506,4407534,5004624,4276378,4237938,5097991,7950086,5207252,6174811,5789432,7609285,4711366,5482040,6549455
61.33333333,6499335,3649119,3800536,4391408,4997603,4269537,4269007,5154774,7993407.5,5163746,6216378.5,5755792,7588240,4642883,5475714,6507627
61.5,6562751,3691760,3759162,4389764,5004519,4275670,4294952,5193703,8002859,5148375,6211088,5803234,7494802,4649556,5443349,6505590
61.66666667,6572653,3683094,3766480,4491949,4970939,4293466,4281820,5177415,8018333.5,5143469,6184789,5852071,7398349.5,4643439,5387314,6529919
61.83333333,6562155,3678872,3790077,4498742,4927642,4343492,4303957,5176949,7921726,5135070,6200142,5823497,7413495,4635350,5395272,6597524
62,6572659,3680224,3780508,4430595,4920737,4324242,4278191,5143462,7936925,5174659,6284596.5,5809020,7399226.5,4649642,5455585,6615672
62.16666667,6571930,3649673,3773925,4467405,4980793,4344877,4239927,5151020,7951602,5168441,6300248,5857690,7409298,4698241,5469793,6649877
62.33333333,6562696,3647494,3810229,4461131,4969260,4320519,4285965,5190536,8023858,5153970,6322175.5,5919419,7389240.5,4714241,5465411,6754676
62.5,6523637,3676766,3772618,4406052,4904474,4298438,4279516,5183019,8092490.5,5197412,6330705.5,5929305,7378835,4634315,5475295,6839473
62.66666667,6571356,3651888,3745015,4446430,4932666,4315396,4275367,5231560,8028411,5203785,6263941.5,5934122,7368007,4633351,5448333,6886419.5
62.83333333,6545006,3668130,3764870,4506773,4921606,4376454,4252193,5261365,7966974.5,5131199,6242621,5909255,7331222,4650440,5471344,6870835
63,6623438,3720732,3782182,4515302,4926020,4352394,4317659,5219687,7964371,5114883,6262064.5,5936471.5,7356370,4666505,5486464,6868303
63.16666667,6677785,3719230,3785244,4490720,4887111,4355953,4372191,5216437,8015953,5141726,6201916,5958323,7369681,4681219,5477808,6827659
63.33333333,6603911,3677335,3814021,4466317,4892502,4361548,4359206,5227555,7988406.5,5138107,6131757.5,5949683.5,7414258,4682813,5498423,6860300
63.5,6607698,3701170,3806525,4495510,4909559,4345545,4394999,5294251,7961021,5210556,6128660,5977861,7421738.5,4669256,5517773,6867894
63.66666667,6810991,3809973,3906767,4602604,5016227,4398481,4538623,5433692,8011996,5186096,6082736,6006284.5,7416410,4640675,5539158,6855137
63.83333333,7388770,3980448,4237150,4824410,5309164,4672425,4832775,5714125,8055126,5180242,6055372.5,5968048.5,7433684,4627031,5538441,6947836
64,7668335,4037614,4396399,4897413,5379209,4773886,4954564,5926717,8039910.5,5179746,6038605,5915956,7450634,4636108,5576315,6971297
64.16666667,7709216,4025026,4411460,4915331,5367338,4722815,4968478,5887258,7952096.5,5196169,6071783,5915147,7438315,4648846,5581462,6980702
64.33333333,7728468,3990985,4403431,4911019,5351922,4753228,5022225,5940395,7910749,5221196,6084867.5,5822805.5,7424428.5,4679779,5538234,7068169
64.5,7785593,3988397,4431468,4934354,5373701,4792251,5062423,6017272,7939746.5,5210102,6087348,5793678.5,7392723,4679970,5497608,7098597.5
64.66666667,7896243,3940186,4438860,4986278,5411335,4778316,5054692,6084621,8005470.5,5217904,6090396.5,5829480,7513821,4674591,5527067,7104766
64.83333333,7987538,3959863,4441210,5029926,5399386,4800387,5090983,6061571,7946100.5,5240502,6101772,5856755,7621754,4675091,5528729,7109007.5
65,8033354,4034764,4463038,5005185,5393054,4772512,5118502,6055372,7918495.5,5273364,6152940.5,5881801,7701168,4660087,5551787,7114449
65.16666667,8020797,4042986,4489558,5014486,5415381,4778150,5143373,6071280,7958130,5246504,6190827.5,5904783,7826048,4691367,5573147,7245538
65.33333333,8009553,4021519,4533877,5018410,5448403,4771165,5212160,6092417,7980198,5186935,6172095,5944941,7710029,4738160,5601301,7338156.5
65.5,8043427,4001625,4531513,5029018,5487896,4732347,5220596,6078547,8047216.5,5205035,6227296,5919961,7702071,4731658,5629710,7421586
65.66666667,8120271,3990990,4529671,5088160,5517595,4726605,5194202,6081974,8054387,5296841,6262829,5934816,7798833,4704778,5660242,7468856
65.83333333,8117347,3994460,4560644,5037893,5579828,4735376,5164757,6095399,8107484,5361782,6246740,5993047,7710887,4687208,5635702,7556211.5
66,8067681,3960494,4558926,4981869,5568433,4755464,5155752,6133305,8128901.5,5336450,6241536,6023499,7635745,4703679,5577885,7752851
66.16666667,8038344,3984261,4537948,5023002,5584457,4760731,5267220,6197469,8160899,5361779,6252538,6050807,7664774,4718929,5645768,7838797
66.33333333,7983622,4014673,4546349,5023590,5681072,4743494,5286219,6234892,8223116,5393247,6242862,6054577.5,7617848,4712065,5684801,7831494
66.5,7994012,4019958,4510216,5006100,5701459,4698885,5274767,6193159,8212378,5439255,6223640,6036595.5,7545060,4714677,5659042,7790374.5
66.66666667,7986928,4034617,4519020,5010753,5675999,4609894,5229668,6183557,8326976,5439593,6215721,6056725.5,7600833.5,4711066,5613411,7704781
66.83333333,7982487,3996992,4507763,4978566,5601839,4557602,5177888,6169174,8299931,5426637,6143806,6063482,7607675,4730498,5595661,7679578.5
67,7970440,3965915,4432987,4936816,5534591,4542491,5206740,6123956,8234849,5497204,6069192,6056430,7605742,4694999,5558498,7712929
67.16666667,7882198,3927403,4398446,4949524,5532576,4524732,5201322,6031177,8219860.5,5487108,6038427,6079984,7549917,4686142,5557240,7736292
67.33333333,7699414,3904542,4329655,4935817,5537638,4464749,5071759,6015495,8208866,5482712,6022489.5,6063108,7457364,4691052,5580701,7808194
67.5,7615070,3910937,4266052,4898099,5477071,4404472,5022736,5960187,8255763.5,5517756,6017849,5993951.5,7431249,4705229,5617717,7843522.5
67.66666667,7478724,3874921,4264304,4911812,5403943,4385409,4998480,5746449,8301032.5,5557339,5968767.5,5994978.5,7491371,4721428,5557988,7734155
67.83333333,7421261,3826577,4211747,4859243,5331295,4358538,4908050,5670019,8301895,5570517,5935245,6047928,7545723.5,4725503,5550273,7550079
68,7152624,3771621,4088770,4720979,5236627,4278328,4760889,5517701,8328926,5574736,5865755,5968536,7552695,4731131,5548263,7394105
68.16666667,6812878,3716027,3933447,4650807,5129623,4213626,4622102,5359698,8326400,5555192,5901631,5932223,7608116,4718467,5522016,7363443.5
68.33333333,6666722,3667181,3827533,4626300,5112662,4157236,4552985,5340087,8233429,5608468,5943927.5,5930532.5,7646481,4695330,5522306,7369185
68.5,6615905,3635775,3808671,4575264,5108651,4197475,4565668,5314780,8166342,5623076,5854023,5886789.5,7638978,4683012,5534972,7391890
68.66666667,6488802,3630250,3829510,4528470,5075488,4226085,4565562,5311818,8188541,5620359,5804193,5864161,7674524,4707557,5605574,7455135.5
68.83333333,6400917,3591647,3799879,4489399,5100613,4209942,4612212,5325792,8178035,5632314,5813773,5803800.5,7638018.5,4733944,5558112,7511928
69,6310686,3590750,3804878,4452957,5094129,4152307,4618369,5390688,8129788,5664241,5789573,5772181.5,7550344,4731335,5533413,7469303
69.16666667,6247503,3624247,3796354,4505189,5061361,4136221,4530832,5403110,8201528,5641728,5806798.5,5808845.5,7557599.5,4735379,5546534,7476056
69.33333333,6245982,3611752,3791155,4508461,4987884,4190275,4504771,5354955,8275256.5,5645773,5766129,5755142.5,7597665.5,4695686,5547151,7469760
69.5,6278491,3600014,3781967,4463226,4990725,4168938,4521534,5377143,8241345,5612991,5668867,5713700,7573450,4731009,5543839,7325656
69.66666667,6207865,3629679,3757240,4495654,5097478,4153057,4559110,5404422,8176607.5,5597495,5667262,5741329,7617454,4742872,5532160,7056367.5
69.83333333,6193952,3640448,3742306,4497104,5129630,4178124.25,4545934,5361537,8118576.5,5634372,5670747,5757900,7613655,4738700,5526450,6953704
70,6169503,3595927,3759843,4469225,5107053,4152264,4531568,5361550,8173690,5655160,5673715,5723931.5,7625733,4738079,5494441,6963103.5
70.16666667,6150744,3590912,3772198,4482406,5082401,4144868,4536012,5377587,8068909,5610012,5695739.5,5683856,7684664,4689146,5428108,6970183
70.33333333,6137089,3606590,3759850,4514917,5083265,4170706,4572921,5339926,8029155.5,5580999,5700394,5711669,7639127.5,4691359,5372501,7014273
70.5,6101073,3615635,3759354,4489128,5041299,4170755,4563256,5316472,8066779,5561417,5705845.5,5709179,7516009,4731063,5413137,7042908
70.66666667,6084316,3595609,3738412,4444776,5048651,4175368,4490061,5303327,8135830,5631620,5731269,5686298,7586762,4729110,5484230,7035661
70.83333333,6102144,3604180,3731516,4401000,5111436,4183123,4507273,5308196,8118775.5,5681982,5774288.5,5716374.5,7577622.5,4722669,5522575,6995738
71,6101827,3607397,3725050,4425852,5145397,4170872,4551309,5331418,8082352,5704978,5778267,5750444,7549249.5,4719623,5434131,7021389
71.16666667,6169997,3602431,3741296,4404576,5158779,4177921,4569719,5375169,8066359.5,5704013,5791587,5751246,7560693,4698462,5375401,6961638.5
71.33333333,6299245,3609081,3787807,4433300,5174902,4173690,4568327,5397854,8021096,5629710,5786244,5708980,7598738,4691912,5407754,6890705.5
71.5,6306478,3590568,3795512,4460168,5209711,4168768,4599114,5442434,8083700,5645210,5847025,5711323,7646545,4695188,5446647,6773533
71.66666667,6235961,3577697,3767200,4465679,5188955,4176822,4618532,5439723,8099865,5705994,5854703.5,5748430,7561299,4705249,5422957,6713055
71.83333333,6271313,3580769,3796673,4479577,5177012,4186957,4648458,5503124,8014497.5,5698003,5810111,5736270,7547551,4741113,5369457,6679307
72,6372347,3565740,3842423,4461290,5191506,4159234,4660582,5597718,7967786,5685851,5818018,5700923.5,7598110,4739565,5401126,6658661
72.16666667,6450220,3593813,3861836,4459043,5199993,4184387.25,4613093,5681168,7891044.5,5698476,5833257,5658214,7634869,4698130,5432579,6706426.5
72.33333333,6468533,3632771,3833858,4520820,5218616,4212587,4631972,5736056,7901067.5,5721605.5,5807177,5698189.5,7603929,4701941,5463428,6801019.5
72.5,6649338,3701411,3902987,4622625,5385530,4296863,4808650,5889222,7893976,5726123,5751789.5,5679583,7564610,4705419,5484305,6848219
72.66666667,7176659,3816019,4150050,4796967,5667342,4542832,5097827,6320749,7893218,5717550,5738272,5654978,7571003,4685346,5431602,6873637
72.83333333,7516326,3882594,4372806,4932538,5794293,4673795,5287558,6498362,7885184,5708192.5,5745117,5700651,7526575,4724977,5409379,6822521
73,7603558,3874582,4386626,4939625,5844550,4673758,5338010,6519632,7889409,5699483,5806076,5685235,7565450,4698476,5401834,6736695.5
73.16666667,7676502,3916292,4399393,4916687,5929712,4748050,5388899,6610391,7884700,5648538,5821488,5676722,7508476,4670803,5344077,6764338
73.33333333,7794517,3923367,4481448,4956414,6001981,4796620,5353029,6630344,7863367.5,5629481,5711243,5675323,7532491,4667834,5365554,6744491.5
73.5,7808870,3916665,4488240,4951704,6054920,4792159,5302221,6651109,7879265.5,5695827,5658492,5673043,7575542.5,4694136,5383862,6713374
73.66666667,7831463,3949257,4503342,4942686,6067418,4825310,5292024,6677949,7910814,5697610,5656326,5665395,7530791,4689431,5392220,6817739
73.83333333,7845490,3922734,4543505,4937829,6013978,4892428,5306765,6709467,7905983,5686550,5643478,5683740,7550669,4698686,5382169,6829206.5
74,7852484,3932970,4495283,4951981,6004758,4907374,5366370,6753744,7948888.5,5754613,5587023,5745941,7549292,4663005,5330340,6879471
74.16666667,7916623,3979956,4518481,4986948,6004370,4863048,5408640,6823509,7923670,5851868.5,5617273,5727329,7545620.5,4653849,5315999,7036550
74.33333333,8009296,4005202,4558154,4990130,5992116,4832005,5405696,6906740,7882585,5892052,5694224,5680471,7554253.5,4689332,5368171,6984078
74.5,8061727,4007741,4564638,4877832,5986170,4815845,5378966,6980788,7873922,5863044,5662102,5663351,7594589.5,4666493,5320331,6861327
74.66666667,8060854,4019878,4557443,4858761,6018990,4799108,5370962,7062745,7911374.5,5957126,5691348.5,5670706,7604894.5,4657720,5320086,6849337
74.83333333,8084595,3999838,4581405,4883207,6027258,4837077,5409421,6955505,7970091,5993777,5751503.5,5709355,7574675,4637140,5389129,6818915.5
75,8127413,4031086,4588124,4848760,6088909,4827505,5408372,6976868,7961204,5986606,5748981,5733793,7537843,4660286,5389975,6777881
75.16666667,8110400,4015432,4580990,4832904,6059491,4755689,5530470,7003055,7911702.5,6036313,5705283,5728159,7481449,4606729,5442355,6756986
75.33333333,8059758,4014410,4572848,4843266,6030175,4791100,5472886,7050858,8001019,6024570,5659336,5726738,7444161,4595491,5451970,6761148
75.5,8056566,4054507,4554876,4787403,5993765,4730214,5401053,7129248,8116162,6032733.5,5685902.5,5715645.5,7454783.5,4667939,5476234,6765209
75.66666667,7928008,4058618,4481089,4769077,5971839,4639787,5361231,7065510,8042023,5994215,5732392,5682830,7459753,4649908,5522758,6708227.5
75.83333333,7724888,4007384,4446048,4723897,5942732,4568590,5207964,7003151,8034629,5933749,5778703,5720023,7427078,4638152,5497139,6733532.5
76,7446105,4000198,4347895,4624862,5757434,4510772,5073609,6878008,8089651,5913439,5778412,5755072.5,7382901,4621476,5468046,6727979
76.16666667,7237767,3926905,4169853,4551878,5605966,4407031,4935721,6631443,8073719,5911712.5,5822064.5,5789527,7376095,4662495,5525459,6735129.5
76.33333333,6918539,3840068,3980767,4456595,5448435,4317498,4731238,6407547,8038532,5959927,5808564,5744737,7383928,4694899,5522840,6767522.5
76.5,6668290,3770745,3855548,4365360,5301419,4265344,4634907,6282120,7999107,5949822,5769354,5763538,7426196,4651147,5536899,6776224
76.66666667,6565564,3772558,3856785,4316821,5200229,4265201,4574547,6235360,8004217,5934947.5,5775386.5,5769872,7419211,4607214,5556834,6929930
76.83333333,6530464,3770981,3842147,4281373,5201223,4302913,4553788,6194735,7969307.5,6002082,5724101,5722524,7443109.5,4636656,5510764,7060655
77,6491003,3771382,3823649,4255973,5254331,4321972,4550542,6226416,7939499,6112662,5780622,5739355,7460474,4665049,5501730,7041116
77.16666667,6475019,3776166,3760356,4237708,5224168,4252057,4499588,6328011,8012024,6161107.5,5783898.5,5707843,7409057,4646793,5519938,6797047
77.33333333,6466531,3798217,3767369,4181333,5188370,4196736,4461535,6373455,7987782,6183424,5797807,5706202,7407088,4631067,5510639,6654131
77.5,6418215,3776666,3761387,4174481,5151954,4154712,4458282,6353167,7945480,6312336,5824437,5745041,7436231,4604890,5506298,6617575.5
77.66666667,6363820,3788624,3722196,4165026,5191246,4062918,4444705,6448025,7970888,6325380.5,5871340.5,5818336,7518263.5,4616859,5563120,6631095
77.83333333,6322814,3797014,3754319,4154628,5220799,4040444,4411073,6505653,7853985,6268201,5853932,5796539,7517166.5,4646955,5549138,6578695.5
78,6247555,3798431,3772201,4130362,5119376,4068846,4433369,6414938,7840217,6242577,5834036,5777512,7487200,4675727,5543585,6520601.5
78.16666667,6226710,3851502,3736085,4101856,5044328,4077549,4446424,6365391,7820074.5,6157168.5,5833199,5764600,7522878,4624547,5600284,6524246
78.33333333,6195471,3812107,3689200,4084208,5119536,4072676,4402442,6432762,7744603,6135621,5824830,5701115,7523921,4614700,5567171,6643353
78.5,6169702,3849739,3704626,4106430,5233351,4035941,4395370,6548459,7756426,6084215.5,5849925.5,5705695,7462937,4646661,5473525,6667176
78.66666667,6181092,3890719,3736150,4124281,5199699,4068498,4418452,6584482,7732051,6097364,5826204,5675916,7464204,4645929,5473066,6684814.5
78.83333333,6164372,3859632,3742666,4103102,5169858,4102637,4396341,6692619,7783904.5,6131026,5814998,5675172,7528310,4638540,5463118,6637336
79,6180888,3929800,3690597,4047484,5123988,4107706,4341351,6743118,7814961,6184225,5841419.5,5680587,7494784,4656366,5495759,6618739.5
79.16666667,6215008,3915134,3684338,4029276,5097302,4106176,4320081,6781250,7776961.5,6192312,5844168,5685620,7504966,4666766,5547562,6623965
79.33333333,6182010,3882278,3696865,4057434,5081056,4082495,4329406,6853971,7757548.5,6165336.5,5904178,5737086,7493194,4639960,5518526,6660697
79.5,6187336,3869350,3729810,4081039,5150493,4109288,4310065,6819665,7692981,6196721.5,5944875,5748772,7380028,4636512,5466055,6640152.5
79.66666667,6197952,3893105,3704303,4070044,5144038,4082149,4272588,6818910,7637165.5,6173490,5936387,5781756,7412225,4673068,5487440,6634141
79.83333333,6215568,3902366,3696966,4103278,5162468,4079238,4291243,6903094,7606616,6096933,5879361.5,5682247,7506234,4661717,5453648,6647695
80,6227351,3935497,3705221,4136011,5193527,4065218,4276515,6997311,7537803.5,6056149,5899358,5587057,7485490,4643252,5401651,6687756
80.16666667,6297079,3991605,3731768,4142319,5190379,4016078,4261828,7053010,7548047,6026107.5,5913155,5539198,7465187,4641119,5373689,6734607
80.33333333,6416863,3965271,3763711,4166133,5206485,4049991,4272129,7060210,7548433.5,6055223,5892613.5,5571676,7451459,4654390,5390386,6689586
80.5,6429081,3963270,3768552,4235227,5177517,4089673,4279845,7160824,7515196,6125896,5937483,5512556,7408368,4638293,5398704,6609446
80.66666667,6578117,4051432,3914073,4295307,5320140,4207363,4418928,7421972,7485279.5,6051244,5902249,5453996,7416258,4615754,5421436,6518254
80.83333333,7032120,4228417,4232517,4422868,5691115,4365001,4740873,8209143,7508308.5,6002283.5,5846826,5471572,7406307,4611961,5424528,6499942.5
81,7365379,4297396,4378185,4520064,5832482,4441231,4914861,8539071,7487805,6032538.5,5821192.5,5432160,7331456.5,4662286,5353897,6381092
81.16666667,7478238,4322071,4456499,4522900,5899865,4524114,4947510,8531185,7480035,6024757.5,5823741,5387854,7287907,4675786,5367249,6278620
81.33333333,7489974,4319377,4477548,4565238,5902062,4563179,4929604,8557310,7513607.5,5997624,5802967,5362197,7312351.5,4658269,5428117,6236704
81.5,7516650,4372459,4495691,4637880,5856603,4562359,4926216,8613071,7566642.5,5950465,5815409,5368255,7350071.5,4640415,5422351,6261342
81.66666667,7570293,4412031,4499010,4660379,5873559,4566186,4989723,8675138,7595041,5942497.5,5834343,5399553,7412175,4624341,5425982,6220983
81.83333333,7551728,4387096,4506720,4633070,5841850,4557880,5003982,8760198,7535056,5962370,5765235,5385090,7359477,4670899,5419094,6182028
82,7528287,4380865,4479267,4633021,5825737,4570361,5047063,8883475,7495875.5,5965832.5,5808618.5,5357742,7366311,4695206,5439574,6228465
82.16666667,7517854,4395364,4464940,4648865,5830580,4566787,5016887,8891262,7461613,6019933,5798897.5,5422205,7422450,4676212,5515142,6246435
82.33333333,7607967,4404438,4535709,4670979,5848781,4550346,5014650,8977073,7503047,6095582.5,5793842.5,5496787,7442418,4687813,5505389,6271467
82.5,7568421,4411990,4610889,4687029,5922390,4546351,5096976,9080699,7401668,6145887,5813880,5518291,7375116.5,4684108,5506456,6274827
82.66666667,7579523,4406268,4623439,4719999,5951129,4563810,5110844,9177207,7377142,6113959.5,5757799,5474983,7362655,4691538,5557369,6292340
82.83333333,7626782,4384013,4641636,4749167,5886732,4549516,5103783,9101520,7462512,6100790,5711677,5408679,7397725,4706070,5552410,6316918
83,7578271,4413205,4606450,4740310,5917765,4586541,5132357,9222865,7484546.5,6101431,5674874,5385760,7420442,4734771,5604781,6301754
83.16666667,7492361,4443970,4606610,4698278,5942116,4594581,5005326,9233101,7353881,6066826,5692038,5434810,7461230,4729437,5591149,6329134.5
83.33333333,7452199,4426148,4539290,4616228,5866738,4495946,4889339,9146197,7396548.5,6068221,5712665.5,5484488,7457091,4678576,5536619,6366875.5
83.5,7345794,4405162,4444356,4589271,5759254,4412282,4808997,9166745,7483766,6102574,5704642,5522238,7467307,4654827,5580239,6370378
83.66666667,7163165,4360451,4389741,4542076,5615430,4316797,4670122,8970500,7496691,6132364.5,5623649,5516906,7465008.5,4638772,5621284,6336396
83.83333333,6845330,4251777,4224998,4459571,5465888,4210416,4544715,8668916,7489433,6125431.5,5610133,5529938,7485224,4651601,5664408,6357693.5
84,6498757,4121527,4020518,4370357,5273487,4177172,4445622,8265701,7423737,6082858,5645754,5546192,7491833.5,4644288,5640463,6381149
84.16666667,6317415,4075364,3968707,4284940,5196221,4137057,4313828,8072037,7397184.5,6090930.5,5680960,5578111,7468858,4715706,5600704,6406028.5
84.33333333,6206636,4039685,3958050,4248171,5161249,4083424,4218725,8038425,7367826,6089971.5,5619986,5557645,7501959,4756179,5532378,6459903
84.5,6137711,4034596,3915000,4228925,5164056,4075216,4214202,8030860,7318389.5,6032237,5588148,5500350,7529006,4708951,5485835,6433251
84.66666667,6083409,4007082,3903565,4224758,5169007,4075439,4170485,8090343,7267970,5983173.5,5579685,5469492,7535788,4714912,5415487,6330255.5
84.83333333,6068069,3982276,3876840,4260346,5146680,4027868,4139409,8158716,7265157.5,5931146.5,5577770,5467793,7530519,4781778,5386253,6351616
85,6007123,3992690,3866642,4241330,5107257,4051143,4128037,8153794,7235384,5961722.5,5552770,5387762,7466844.5,4803575,5420565,6377208
85.16666667,5931394,3998177,3875650,4193773.75,5053895,4017552,4098187,8219114,7210207.5,6005700,5514362,5340159,7471757,4724620,5434668,6375447.5
85.33333333,5921649,3989704,3909269,4180853,5074130,4012011,4057143,8172665,7176742,5961994.5,5491208,5360874,7541329.5,4736148,5443314,6395517.5
85.5,5894921,3948214,3876765,4176531,5081991,4043161,4060994,8138732,7126739,5984134.5,5509997,5302802,7498952,4750138,5423855,6332924
85.66666667,5837608,3941396,3877652,4148716,5038808,4060499,4095451,8213401,7141638,5953131.5,5459937,5288141,7390831,4717131,5400795,6309884
85.83333333,5835082,3954605,3908844,4131485,5028744,4023064,4072365,8238106,7054670,5915490,5443824,5276533,7450292,4722647,5405575,6345460
86,5858583,3908268,3865809,4170189,5064557,4004385,4098922,8360827.5,7016698,5921946.5,5418104,5250509,7568753,4746366,5399676,6307930.5
86.16666667,5887476,3879436,3876372,4107196,5070737,4027560,4108135,8416435,6997297.5,5964240,5440262,5271648,7564465,4728296,5362543,6279329
86.33333333,5842438,3865052,3868332,4082942,5058289,3986706,4152952,8369656,7007580.5,5940684.5,5490684,5308969,7510108,4746108,5375124,6260499
86.5,5814316,3908802,3868928,4147202,5125169,3980785,4184923,8516869,7058863,5928711,5448324,5279799,7532034,4738008,5352593,6230633.5
86.66666667,5812098,3935669,3892997,4110115,5111597,4003004,4164313,8672115,7024137.5,5965105,5455100,5234475,7507627,4714651,5353441,6235803
86.83333333,5801660,3893617,3889485,4133256,5071169,3998040,4248945,8700569,6941237,6020115,5486957,5208648,7490169,4723702,5391314,6243973
87,5765966,3866865,3886037,4182322.25,5049463,3976739,4257342,8756713,6990455.5,6050450,5440941,5171583,7508199,4769758,5354786,6228217
87.16666667,5772699,3870059,3911135,4223449,5047966,4001697,4254047,8735344,7044642,6046655.5,5423742,5182193,7453945,4754978,5348455,6248783
87.33333333,5744131,3876039,3923132,4226716,5046909,4016210,4289272,8683405,7221386,6264627,5656163,5386088,7759080,4919848,5572454,6451682
