Hours,C1,C2,C3,C4,C5,C6,C7,C8
0,10459423,5176479,8422897,5013091,6307882,6708918,6255704,5881268
0.166666667,9572923,4703955,7597720,4538236,5772736,6164155,5731049,5262870
0.333333333,9200467,4558152,7078963,4361990,5546132,5930504,5444544,5014183
0.5,8969066,4424988,6807043,4236386,5347497,5729199,5219476,4926203
0.666666667,8669877,4288576,6444715,4158326,5175248,5677998,5095514,4795074
0.833333333,8495187,4221736,6192772,4130229,4997995,5578857,4982978,4696882
1,8348473,4149245,6082204,4048373,4969442,5379656,4865645,4643640
1.166666667,7984854,4108274,5930860,4005241,4687224,5232463,4711238,4595038
1.333333333,7984854,4108274,5930860,4005241,4687224,5249168,4711238,4595038
1.5,7826737,4080387,5801049,3980087,4644832,5198309,4635731,4538466
1.666666667,7805200,4100991,5776702,3961408,4597346,5230891,4612510,4537858
1.833333333,7786293,4044484,5830201,3963474,4545374,5228428,4531919,4523088
2,7786918,4087941,5792249,3985055,4527801,5232704,4576631,4476676
2.166666667,7786918,4087941,5792249,3985055,4527801,5232704,4576631,4476676
2.333333333,7836685,4065573,5801113,3974918,4544451,5228621,4587123,4424300
2.5,7955771,4118132,5800309,4023823,4555281,5263736,4587605,4439862
2.666666667,8024578,4134652,5844437,4027678,4548737,5260320,4568060,4508483
2.833333333,8046508,4174204,5853478,4037120,4625837,5257670,4542521,4506264
3,8091812,4211067,5869656,4035133,4558248,5292601,4599128,4486839
3.166666667,8099509,4220956,5917771,4038194,4563446,5267343,4649818,4544758
3.333333333,8124098,4226345,5995681,4096905,4620092,5215399,4646914,4577336
3.5,8149499,4240702,5991718,4102590,4633377,5166922,4668582,4596977
3.666666667,8186600,4287433,5983860,4078794,4682273,5145992,4692709,4628646
3.833333333,8229752,4294292,6041289,4083092,4664769,5125772,4685057,4636474
4,8300832,4339910,6046099,4134903,4703888,5112431,4746849,4649027
4.166666667,8304631,4377766,6050916,4118400,4740019,5089805,4786287,4708795
4.333333333,8366361.5,4376168,6067848,4107224,4724358,5074034,4813849,4804492
4.5,8452125,4404062,6084661,4109184,4731645,5029567,4837934,4804543
4.666666667,8413188,4460169,6064609,4060000,4801265,5057314,4883746,4854222
4.833333333,8413188,4460169,6064609,4060000,4801265,5057314,4883746,4854222
5,8453019,4484676,6085464,4017140,4807874,5066519,4930968,4890535
5.166666667,8496498,4427693,6117996,4047419,4867501,5026538,5006911,4857341
5.333333333,8448657,4464215,6126654,4074437,4856976,5012905,5016372,4884852
5.5,8388966,4428963,6134861,4054023,4886580,5004012,5021581,4910942
5.666666667,8204432,4343067,6006343,4051364,4907594,5022622,5051639,4824114
5.833333333,7874441,4319228,5875836,4036789,4921198,5074717,5056732,4737939
6,7874441,4319228,5875836,4036789,4921198,5074717,5056732,4737939
6.166666667,7790633,4310057,5774333,3998192,4910887,5046371,5041348,4681996
6.333333333,7694621,4223232,5725792,3985054,4866311,5041525,5057692,4649162
6.5,7600079,4152881,5712792,3994539,4879053,5059366,5038886,4617729
6.666666667,7634094,4195275,5612573,3971102,4898491,5048371,5019279,4589317
6.833333333,7547691,4141393,5637907,3930134,4840353,5043932,5038466,4535686
7,7453583,4120925,5667526,3913295,4800222,5008259,5045393,4558121
7.166666667,7401002,4078079,5556394,3923015,4813013,4982800,4920037,4507728
7.333333333,7401002,4078079,5556394,3923015,4813013,4982800,4920037,4507728
7.5,7285495,4094508,5485534,3921280,4832136,4993355,4911308,4503879
7.666666667,7196048,4079901,5525059,3937547,4846387,5000499,4970014,4503838
7.833333333,7196048,4079901,5525059,3937547,4846387,5000499,4970014,4503838
8,7157477,4071901,5513284,3955102,4861176,5056646,4994692,4514072
8.166666667,7120033,4048612,5518995,3947172,4917387,5103649,5034695,4498457
8.333333333,7121770,4068833,5539406,3938160,4968486,5169689,5038510,4577683
8.5,7173983,4106513,5564812,3987631,4948482,5182719,5059028,4561317
8.666666667,7198949,4131283,5619720,4004820,4968910,5191682,5056251,4591940
8.833333333,7250783,4154310,5698602,3995426,5036642,5263369,5102253,4659700
9,7401102,4170901,5718217,3996484,5128924,5351517,5183794,4658270
9.166666667,7433125,4233708,5773990,4024163,5206721,5408347,5212183,4736081
9.333333333,7413738,4246926,5831740,4062009,5185054,5434729,5202261,4823240
9.5,7551782,4262384,5864308,4062453,5183505,5453035,5273982,4819283
9.666666667,7651415,4399272,5998308,4127348,5366921,5627563,5410852,4942018
9.833333333,7654695,4399272,5998308,4127348,5366921,5627563,5410852,4942018
10,7901803,4463480,6237560,4185621.75,5501665,5780813,5614623,5079737
10.16666667,8113892,4523871,6418765,4241596,5648071,5932092,5794003,5250744
10.33333333,8211708,4620342,6454748,4230387,5691433,6016006,5872563,5347289
10.5,8231210,4619809,6456859,4225905,5690506,6125484,5955754,5389261
10.66666667,8239919,4643060,6500145,4272343,5732525,6203043,5984530,5469717
10.83333333,8265716,4677130,6467199,4274386,5760735,6252806,5985138,5512333
11,8360914,4667201,6444964,4252105,5890764,6221003,6025886,5577597
11.16666667,8360914,4667201,6444964,4252105,5890764,6221003,6025886,5577597
11.33333333,8286259,4634594,6328630,4318682,5922256,6265630,6047419,5567844
11.5,8321622,4607705,6277217,4312704,5964996,6320986,6070926,5538228
11.66666667,8271863,4636499,6293503,4314781,5977896,6344841,6106342,5579664
11.83333333,8194565,4647612,6257653,4239815,5995386,6265900,6008113,5593980
12,8180910,4619175,6215400,4194250,5978064,6215681,6041880,5569632
12.16666667,8184895,4588900,6231067,4231501,5992341,6199165,6076669,5517668
12.33333333,8175435,4574315,6206687,4219300,5993942,6155190,6043539,5468949
12.5,8128084,4566002,6193025,4235974,6042039,6108562,6023352,5458081
12.66666667,8140483,4570470,6172179,4212909,6064298,6091822,6041830,5447845
12.83333333,8129157,4515650,6103082,4192742.75,6037227,6070959,6046033,5457274
13,8012910,4502597,6094544,4157739,6104657,6019624,6034497,5445349
13.16666667,7929553,4448484,6071408,4182186.75,6181492,5971080,6011452,5443907
13.33333333,7882975,4412758,6021666,4201267,6181734,5963563,6044183,5509026
13.5,7768628,4402750,6002492,4180691.25,6099286,5943228,6036771,5478602
13.66666667,7720085,4427553,5948174,4145237,6060022,5885947,6041254,5443158
13.83333333,7787501,4409911,5941486,4165119,6111010,5859969,6039699,5439175
14,7786167,4422446,5994978,4187220,6151263,5847293,6060576,5456965
14.16666667,7675959,4442944,6008695,4163777,6161690,5842494,6108961,5470938
14.33333333,7643617,4414051,5940252,4155192,6192009,5859153,6066810,5464250
14.5,7604956,4393113,5926313,4142248,6167282,5863257,6040833,5432463
14.66666667,7497282,4435065,5919229,4132023,6110723,5850763,6006213,5420392
14.83333333,7480509,4411420,5962505,4152163,6095174,5862866,5997034,5503067
15,7455141,4399505,5940751,4171522,6129937,5872072,6074375,5444924
15.16666667,7455141,4399505,5940751,4171522,6129937,5872072,6074375,5444924
15.33333333,7419198,4385983,5884585,4185707,6078331,5841948,6061796,5504516
15.5,7460407,4374274,5864602,4164802,6071251,5836055,6019199,5526821
15.66666667,7469072,4398436,5883218,4170621,6103975,5846266,5994422,5471414
15.83333333,7486627,4378986,5873285,4161016,6142624,5829405,6041382,5493374
16,7566802,4351964,5833178,4146034,6113876,5829265,6075340,5583346
16.16666667,7523596,4399558,5753071,4143029,6046697,5816054,5997983,5550560
16.33333333,7523596,4399558,5753071,4143029,6046697,5816054,5997983,5550560
16.5,7593055,4386033,5723238,4138274,6016065,5852188,6012543,5559690
16.66666667,7492884,4387990,5748019,4142859,6019329,5843092,6076787,5537033
16.83333333,7520779,4361597,5740947,4142283,6098655,5799357,6003795,5550076
17,7507551,4334584,5716800,4135508,6104184,5794035,5982246,5578058
17.16666667,7545686,4369325,5720074,4111596,6046947,5809716,6032189,5605052
17.33333333,7571265,4390321,5707070,4110911,6092889,5839543,5989883,5574012
17.5,7688130,4419319,5662019,4118540,6038372,5801687,5912373,5568987
17.66666667,7657082,4432333,5705768,4083152,6063186,5796105,5992671,5629892
17.83333333,7657082,4432333,5705768,4083152,6063186,5796105,5992671,5629892
18,7612381,4444484,5673847,4075219,6039603,5705607,5970687,5612817
18.16666667,7612760,4447392,5618332,4086603,5995449,5731641,5887756,5671268
18.33333333,7729199,4432642,5594347,4077812,6022218,5721578,5896609,5604947
18.5,7754517,4435478,5572034,4098029,6065618,5685785,5887069,5604346
18.66666667,7727927,4442749,5532959,4130919,5987071,5764258,5895092,5606314
18.83333333,7736728,4476105,5500972,4088978,6009266,5787342,5909037,5602070
19,7786912,4521884,5485260,4086275,6026481,5751293,5922247,5617757
19.16666667,7848545,4514781,5538213,4107713,5981247,5747175,5941533,5607020
19.33333333,7898314,4498911,5562003,4141014,5961579,5755352,5879099,5617251
19.5,7919125,4520373,5560461,4094417,5985599,5820693,5811368,5614975
19.66666667,7988470,4471009,5446094,4073074,5913140,5730160,5806741,5575599
19.83333333,7877076,4410852,5231906,4066533,5691325,5493443,5619787,5414564
20,7493510,4286558,4947730,3994860,5476542,5280578,5305348,5205757
20.16666667,7373315,4225582,4847703,3944194,5393240,5215707,5213870,5147451
20.33333333,7596045,4313841,4929821,3958647,5492829,5285907,5290597,5197549
20.5,8004016,4429466,5056123,4026149,5667020,5421558,5468754,5295497
20.66666667,8260356,4512081,5214408,4066858,5803581,5513181,5662106,5376389
20.83333333,8331705,4545495,5221509,4118114,5836315,5605396,5718640,5350456
21,8277559,4495297,5221449,4116374,5882783,5656723,5654684,5375044
21.16666667,8370867,4511407,5281510,4122062,5989146,5662226,5675603,5413762
21.33333333,8514262,4559289,5313616,4131788,6029757,5739755,5763962,5487828
21.5,8590152,4557824,5308740,4168908,6068374,5665322,5781363,5448152
21.66666667,8590152,4557824,5308740,4168908,6068374,5665322,5781363,5448152
21.83333333,8611312,4555937,5299198,4187395.75,6112636,5691744,5800242,5410850
22,8583127,4585938,5296641,4152275,6153599,5695387,5821176,5433757
22.16666667,8632742,4563450,5295535,4156218,6194117,5657310,5817631,5532783
22.33333333,8632742,4563450,5295535,4156218,6194117,5657310,5817631,5532783
22.5,8680988,4560406,5280475,4160904,6207717,5653134,5838162,5551140
22.66666667,8693639,4544591,5244109,4169593,6296652,5686419,5752277,5485068
22.83333333,8664797,4617987,5227955,4193207,6221118,5709252,5741473,5457054
23,8695909,4551712,5258275,4130450,6221609,5675475,5785523,5431428
23.16666667,8735107,4463567,5230414,4117688,6263943,5667286,5771417,5444310
23.33333333,8707098,4515679,5218153,4101346,6222572,5704175,5741988,5486240
23.5,8637079,4505953,5169349,4068771,6113926,5617907,5797674,5459455
23.66666667,8379303,4420118,5034248,4029754,5859888,5433584,5689689,5326672
23.83333333,8027027,4296540,4806597,3966540,5677780,5262530,5488487,5215792
24,7729800,4220018,4719648,3902787,5660982,5162570,5305098,5150416
24.16666667,7663895,4171296,4684400,3903462,5636972,5174810,5294810,5113003
24.33333333,7858285,4182107,4756152,3991453,5765079,5269684,5409317,5183616
24.5,8305323,4332364,4943520,4080098,6087267,5413042,5653498,5269384
24.66666667,8502928,4406139,5055355,4090094,6229675,5525366,5840507,5321871
24.83333333,8493972,4391508,5063969,4081185,6226022,5601925,5817228,5335932
25,8404405,4364554,5128572,4085672,6224019,5580213,5781278,5321506
25.16666667,8412778,4366018,5113990,4079496,6269573,5588501,5785565,5320080
25.33333333,8501447,4329666,5106062,4107739,6338055,5643829,5857146,5293828
25.5,8546131,4334978,5199733,4116348,6418345,5684089,5951224,5271962
25.66666667,8525252,4337431,5211756,4129014,6563695,5727381,5955060,5305475
25.83333333,8556324,4305857,5140316,4103143,6552503,5668678,5901485,5341335
26,8284829,4225807,4900536,4043136,6311347,5329893,5613099,5179054
26.16666667,8284829,4225807,4900536,4043136,6311347,5353710,5613099,5179054
26.33333333,8224368,4196363,4898771,4041196,6368342,5334543,5575494,5146336
26.5,8175353,4201219,4847143,4015611,6417542,5311371,5566734,5070810
26.66666667,8122417,4225265,4765623,3977526,6396563,5234612,5530054,5027747
26.83333333,7904102,4224643,4661737,3939707,6379839,5165616,5534697,5063683
27,7775426,4114910,4617589,3924176,6267308,5155910,5435570,5058065
27.16666667,7717051,4021804,4628560,3922264,6227888,5134435,5323238,5022860
27.33333333,7787546,4080706,4637891,3963427,6327314,5158367,5328568,5009368
27.5,7903094,4172390,4639537,3998473,6340653,5155895,5450608,5041022
27.66666667,7976234,4154672,4602007,4023430,6371624,5157693,5450390,5066974
27.83333333,8084763,4156453,4656840,4047353,6502478,5237951,5549869,5095940
28,8384478.5,4239473,4859841,4099509,6747198,5436594,5788182,5194572
28.16666667,8470994,4258000,4962961,4132872,6926743,5581555,5913575,5276249
28.33333333,8447921,4220011,4928081,4137457,6903238,5568568,5883547,5272658
28.5,8467918,4217230,4916035,4128172,6874627,5503223,5878369,5270650
28.66666667,8425285,4214352,4933392,4095985,6902003,5489243,5912261,5248072
28.83333333,8430401,4259825,4960137,4084283,6959260,5541543,5929355,5257215
29,8395019,4259035,4931818,4118302,6974241,5506059,5969719,5249148
29.16666667,8236185,4217070,4945291,4163441,6956400,5517806,5944742,5290143
29.33333333,7957134,4121124,4834411,4058892,6933748,5436092,5843671,5184769
29.5,7957134,4121124,4834411,4058892,6933748,5436092,5843671,5184769
29.66666667,7283263,3994218,4472869,3970752,6635045,5148471,5433277,5002114
29.83333333,6985009,3896372,4289474,3855146,6465754,4993888,5264987,4828368
30,6933021,3863915,4312704,3848781,6406037,5006752,5206929,4839300
30.16666667,6956452,3856692,4309212,3912433,6355798,4976200,5198771,4812277
30.33333333,6992604,3880574,4304882,3888829,6339503,5013758,5232548,4790593
30.5,6967310,3902090,4234277,3880393,6375326,4982841,5197983,4801187
30.66666667,6995836,3856935,4246175,3885683,6400639,4946468,5160975,4780923
30.83333333,6909615,3860306,4291576,3864339,6361749,4973736,5200566,4771415
31,6854236,3910669,4301257,3888072,6324718,4929248,5194244,4779638
31.16666667,6962209,3864565,4242629,3868353,6289978,4930739,5175899,4781197
31.33333333,6960298,3849639,4240908,3858414,6291705,4903297,5185284,4773865
31.5,6973243,3859370,4225344,3874969,6299560,4891595,5207019,4763848
31.66666667,7006560,3852716,4210655,3868450,6293097,4889705,5165553,4731102
31.83333333,6959879,3843135,4203055,3909244,6189577,4869430,5171031,4715627
32,6849969,3818065,4204541,3901014,6105042,4897502,5133500,4734043
32.16666667,7003368,3848948,4266285,3911723,6212773,4929272,5175645,4747792
32.33333333,7535180,4042184,4513229,4001231,6497822,5107833,5454403,4868465
32.5,7925730,4218399,4758412,4121505,6741583,5343175,5827185,5074448
32.66666667,7889491,4223875,4770317,4098027,6785401,5399283,5876670,5066958
32.83333333,7998075,4234182,4804110,4136111,6842630,5437545,5941027,5088314
33,8116938,4247444,4838452,4127699,6911337,5469319,5914852,5077757
33.16666667,8091953,4269845,4840083,4135272,6913246,5529520,5973416,5110545
33.33333333,8080031,4308494,4860660,4182855.25,6915728,5594410,5997191,5107132
33.5,8120645,4326044,4867107,4232481,6958381,5617807,6014031,5086212
33.66666667,8140470,4419845,4882503,4258771,7021322,5593059,6008886,5085182
33.83333333,8143280,4439986,4943406,4248762,6977152,5555228,5913047,5100047
34,8155104,4436394,4919502,4255343,6981284,5548820,5926570,5128671
34.16666667,8283322,4452946,4922540,4260904,7078971,5647446,6017870,5121467
34.33333333,8254053,4470307,4915781,4236172,7065362,5679587,6111448,5134420
34.5,8196206,4469765,4899098,4252529,7014877,5631738,6151106,5140377
34.66666667,8186535,4465263,4904825,4215265,7031895,5611346,6100310,5128660
34.83333333,8169675,4474284,4944840,4266589,7114723,5621585,6015555,5148681
35,8210192,4489293,4935533,4329010,7105546,5676108,6023310,5151711
35.16666667,8264951,4514710,4912413,4281690,7053772,5684167,6052784,5145146
35.33333333,8239198,4515165,4940386,4286865,7001199,5641192,6061408,5113623
35.5,8135253,4512974,4935532,4314399,7043886,5616283,6034895,5125977
35.66666667,8064389,4513123,4894147,4271573,7121018,5653430,6002473,5078609
35.83333333,8125110,4505002,4879946,4267683,7144009,5657170,6066487,5061683
36,8038806,4572686,4887965,4282976,7142151,5653187,6127611,5060546
36.16666667,7955092,4596694,4890741,4270361,7159336,5598157,6048953,5017520
36.33333333,7943042,4583389,4880091,4310042,7075469,5624087,6056423,5019673
36.5,7811171,4591444,4864347,4348958,7056996,5656415,6008937,5024975
36.66666667,7768021,4604000,4814268,4346349,6981425,5592106,6019985,5026224
36.83333333,7813552,4662494,4794107,4303645,6993938,5581170,5965839,4985142
37,7771273,4640160,4829064,4284131,7039153,5568262,5988101,4979279
37.16666667,7706040,4606307,4869494,4307209,6910849,5467907,5999992,4985414
37.33333333,7684683,4592487,4885398,4330318,6846816,5417781,6004736,4960357
37.5,7633826,4581971,4862266,4314269,6857376,5420443,6013719,4931548
37.66666667,7529033,4555441,4832545,4271553,6887504,5409334,5959301,4871844
37.83333333,7462950,4571138,4840358,4242334,6852647,5382356,5979932,4831183
38,7490899,4596274,4816797,4210501,6813672,5410038,6007155,4834849
38.16666667,7416708,4575033,4796079,4221711,6770163,5361963,5955172,4869766
38.33333333,7426654,4551643,4798052,4231318,6842666,5325741,6017848,4848718
38.5,7501638,4557061,4802192,4248489,6880741,5425705,6003561,4854682
38.66666667,7434831,4540661,4833694,4241817,6773563,5460209,5965332,4870142
38.83333333,7310933,4543455,4844538,4181777,6780585,5460950,6107177,4853702
39,7214988,4516076,4881065,4142679,6737395,5417823,6043193,4842757
39.16666667,7214988,4516076,4881065,4142679,6737395,5417823,6043193,4842757
39.33333333,7223490,4542789,4850254,4127570,6611616,5393216,6015988,4836180
39.5,7266353,4514732,4792088,4116599,6536704,5390551,6051497,4863257
39.66666667,7200224,4459232,4785446,4084510,6534760,5370069,6068594,4885381
39.83333333,7188568,4447446,4795421,4077762,6415330,5368740,6074975,4854585
40,7045221,4445007,4745892,4058693,6184477,5235189,5942024,4831187
40.16666667,6826953,4380326,4614749,4005230,5976187,5097682,5719572,4733942
40.33333333,6827567,4323390,4542449,4042027,5810681,5027609,5648019,4678764
40.5,6856403,4315609,4494960,4044456,5717979,5020625,5646754,4660448
40.66666667,6910461,4295906,4441894,3990776,5590559,5018714,5583805,4682770
40.83333333,6760493,4285922,4421830,3929159,5537358,4964333,5549728,4653156
41,6559131,4266659,4406511,3924681,5463706,4920793,5524400,4590973
41.16666667,6551696,4218480,4387476,3947052,5338029,4920573,5467425,4533722
41.33333333,6583421,4210191,4355840,3924630,5245975,4943205,5445757,4526958
41.5,6614385,4214741,4357622,3928780,5145399,4912600,5393549,4533516
41.66666667,6538778,4161736,4294509,3941966,5059709,4910874,5320553,4451850
41.83333333,6329105,4088401,4130540,3941823,4956679,4881282,5219282,4372973
42,6224974,4030413,4071372,3926042,4936999,4868346,5174094,4333514
42.16666667,6217787,3992355,4063213,3908417,4840847,4845381,5146335,4337879
42.33333333,6263834,3991222,4010677,3920629,4739129,4792459,5132722,4364301
42.5,6277484,3997868,3960605,3854467,4704702,4787499,5177665,4368276
42.66666667,6266195,3987020,4015233,3850688,4667044,4821894,5148729,4390786
42.83333333,6304528,3962355,4017247,3895847,4597756,4796479,5150465,4362934
43,6321000,4016120,4003634,3912428,4538862,4753958,5113465,4378510
43.16666667,6335826,4015648,3993404,3894328,4485718,4704221,5157475,4389053
43.33333333,6326132,4050813,3954425,3920201,4500965,4684081,5178149,4412197
43.5,6340940,4032822,3952107,3951139,4497645,4681670,5155242,4356754
43.66666667,6376399,4021162,3952182,3926938,4421372,4693284,5145608,4301840
43.83333333,6335423,4048742,3963724,3929247,4378355,4672844,5112521,4346073
44,6287477,4011297,3936497,3905358,4379801,4630748,5127943,4396743
44.16666667,6264362,4031272,3924920,3887050,4347514,4655033,5081338,4341095
44.33333333,6324439,4079993,3966981,3925421,4327070,4725614,5121864,4319313
44.5,6646179,4205623,4152408,3994884,4423324,4816705,5442394,4436991
44.66666667,7243325,4431989,4514365,4115185,4619963,5045216,5974537,4660030
44.83333333,7379547,4472046,4500408,4144873,4622634,5118251,5981084,4701851
45,7457849,4478259,4533930,4150996,4644123,5195515,6001759,4667400
45.16666667,7543469,4531750,4578721,4122468,4654542,5206181,6097733,4686767
45.33333333,7672587,4548361,4594045,4145635,4688942,5263044,6095939,4699948
45.5,7700253,4516715,4617730,4151458,4824593,5294956,6067162,4682555
45.66666667,7702086,4509333,4588176,4158195,4872099,5275268,6116139,4651420
45.83333333,7675339,4569792,4567277,4198732,4862568,5230381,6101735,4678502
46,7723892,4566207,4592879,4191315,4873169,5256092,6075487,4702191
46.16666667,7741564,4555377,4608297,4155282,4877738,5234830,6118853,4704247
46.33333333,7773134,4592369,4645769,4191269.25,4964231,5243237,6146008,4693330
46.5,7775097,4598853,4647825,4184888.25,5046282,5280320,6142360,4713556
46.66666667,7776645,4566688,4661158,4195097,5044237,5262559,6144870,4754924
46.83333333,7726067,4491397,4636446,4207798,5108768,5320740,6213614,4758750
47,7740892,4434871,4642530,4233595,5174274,5329013,6229626,4762539
47.16666667,7751455,4443271,4672016,4238057,5202658,5307883,6213952,4764822
47.33333333,7759699,4435231,4653288,4184992.75,5298129,5257572,6153615,4786336
47.5,7826211,4440132,4631171,4224605,5334958,5262036,6086952,4773015
47.66666667,7915475,4376057,4691769,4258860,5306655,5234242,6101226,4777181
47.83333333,7920589,4408058,4670439,4232005,5351436,5241299,6069341,4805459
48,7918559,4417356,4650076,4214152,5413905,5212900,6069801,4808782
48.16666667,7866243,4397148,4592440,4244095,5429652,5171329,6126207,4794255
48.33333333,7728301,4341893,4568360,4280250,5429080,5137509,6069427,4785368
48.5,7680895,4317820,4565848,4219436,5479513,5139976,6048363,4805432
48.66666667,7707784,4335222,4544651,4171513,5533599,5133594,6106879,4825517
48.83333333,7670242,4400041,4565692,4159908,5486465,5128032,5967802,4819907
49,7620921,4341106,4612048,4174544,5470113,5082518,5928104,4741131
49.16666667,7624138,4294548,4557102,4224361,5461566,5005231,5972063,4739565
49.33333333,7582325,4299153,4548854,4257409,5425660,4968428,5940318,4770761
49.5,7500786,4280246,4520046,4235247,5435542,4884935,5875059,4689482
49.66666667,7408628,4263039,4494183,4227853,5485429,4877988,5823925,4589804
49.83333333,7279724,4242862,4454129,4246795,5427680,4918098,5827036,4560317
50,7210459,4182057.75,4423133,4217033,5373207,4901732,5785845,4543655
50.16666667,7142695,4139261,4373466,4177820,5358843,4847088,5696478,4526417
50.33333333,7122809,4163707,4345604,4146394,5373869,4792733,5645538,4530922
50.5,7060811,4109599,4343735,4134826,5438680,4752143,5545598,4571220
50.66666667,6894547,4119754,4282960,4134280,5373828,4700671,5533274,4573279
50.83333333,6884789,4129947,4289884,4161767,5310415,4726673,5593877,4582442
51,6765997,4092775,4256253,4161511,5308333,4766224,5509864,4532852
51.16666667,6347109,4001270,4091700,4106415,5191837,4698754,5260481,4397143
51.33333333,6159717,3944590,4002799,4049758,5075707,4590349,5096244,4342462
51.5,6178354,3930535,3947444,4057709,5068236,4599213,5075715,4343260
51.66666667,6179569,3916297,3898002,4072682,5034326,4570592,5065485,4353569
51.83333333,6084132,3860474,3906718,4059379,4991850,4585145,5060284,4373033
52,6025075,3834960,3926520,4068527,4964761,4589022,5051207,4419645
52.16666667,5951268,3859646,3911505,4097189,4952571,4553849,5008937,4416036
52.33333333,5952236,3923798,3925947,4073574,4934021,4521575,4932076,4379986
52.5,5943959,3938952,3911892,4091839,4921361,4520114,4913170,4378176
52.66666667,5900241,3946100,3869607,4063372,4947454,4533056,4902550,4422143
52.83333333,5899534,3938883,3838892,4015786,4897668,4505612,4893041,4419593
53,5906262,3932068,3850544,4039958,4880699,4472259,4904956,4386555
53.16666667,5933672,3905016,3874357,4035156,4898076,4447199,4903643,4403383
53.33333333,5966983,3842010,3872595,4062471,4875033,4458776,4866755,4443654
53.5,5980216,3832869,3863039,4105558,4909068,4470942,4850984,4441848
53.66666667,5981040,3816830,3817632,4081622,4910826,4416488,4821836,4435165
53.83333333,5969835,3823402,3814880,4118216,4862148,4420651,4783470,4429964
54,5946439,3844157,3797290,4124821,4943686,4416818,4752290,4433144
54.16666667,5917199,3861728,3834127,4091574,4966483,4419396,4708191,4463935
54.33333333,5943764,3847847,3895350,4107463,4918923,4428593,4721497,4477713
54.5,6183647,3901249,4007916,4204873,5000656,4500219,4891729,4620154
54.66666667,6697366,4087372,4262094,4321084,5150537,4766131,5134821,4776336
54.83333333,6940496,4226957,4370713,4453582,5348115,4849137,5245432,4854540
55,7007734,4257008,4388029,4476736,5436705,4835711,5291369,4902926
55.16666667,7082053,4245205,4423820,4463727,5485328,4853630,5252560,4958077
55.33333333,7173031,4244729,4424634,4466117,5524263,4870143,5197676,5054070
55.5,7191209,4266469,4454928,4562534,5571833,4902979,5237581,5063723
55.66666667,7246040,4294904,4466197,4586864,5572742,4974392,5213860,5092559
55.83333333,7270919,4279052,4420860,4566523,5533202,4975594,5143143,5116356
56,7360215,4264869,4502849,4605154,5534486,5009097,5120891,5160574
56.16666667,7384259,4233676,4521786,4626713,5539768,5002064,5163475,5161776
56.33333333,7418550,4208190,4536408,4667874,5565877,4992443,5140400,5181062
56.5,7408378,4226362,4600304,4714495,5601938,4987138,5075819,5189678
56.66666667,7438617,4213186,4540627,4694219,5633458,4979241,5045144,5166400
56.83333333,7526702,4248794,4526828,4650961,5645960,4977224,5060415,5270632
57,7588553,4248844,4561142,4698603,5648570,4977709,5016838,5312213
57.16666667,7681126,4188534.75,4553596,4720248,5683430,4961253,4937124,5358172
57.33333333,7691728,4173981,4545991,4687529,5670172,4947164,4918671,5373937
57.5,7658938,4170164,4572633,4721238,5690286,4918562,4938626,5362537
57.66666667,7616099,4183165,4531817,4687471,5679995,4975007,4870719,5394300
57.83333333,7618526,4183037,4517405,4673886,5607851,4978540,4868788,5424164
58,7567851,4211334,4550121,4722813,5606183,4915180,4813667,5462282
58.16666667,7545710,4142405,4529926,4731386,5607206,4880940,4773003,5427954
58.33333333,7519139,4052968,4507223,4773656,5560143,4854858,4781698,5380046
58.5,7416536,4062200,4477382,4856271,5517520,4790525,4744022,5384885
58.66666667,7257859,4037289,4414086,4834350,5492238,4766336,4603314,5376284
58.83333333,7186173,4030736,4362813,4706705,5412066,4789691,4576037,5354145
59,7180193,4004784,4347247,4656104,5375396,4736472,4593751,5406672
59.16666667,7149141,3969666,4281106,4620148,5322298,4621349,4541233,5346098
59.33333333,7076598,3915892,4230025,4627316,5303012,4583956,4509432,5302902
59.5,6962133,3860132,4168389,4655269,5290908,4548218,4478759,5354306
59.66666667,6881707,3872537,4109281,4618665,5237576,4494936,4443301,5324303
59.83333333,6660742,3834717,4010703,4500983,5109912,4407319,4353515,5219554
60,6451522,3751813,3894439,4447971,5010299,4310166,4254819,5108921
60.16666667,6354839,3709510,3863966,4476859,4994948,4311823,4251529,5093924
60.33333333,6373717,3682374,3834132,4490778,5020232,4363472,4231700,5091621
60.5,6425850,3653740,3811957,4497405,5058451,4330799,4212067,5116706
60.66666667,6364999,3682361,3813481,4461894,4978980,4299728,4270468,5128328
60.83333333,6370747,3694772,3832236,4470245,4929973,4302573,4253097,5105202
61,6477828,3707061,3814942,4444266,5009697,4315774,4216587,5076488
61.16666667,6520152,3683070,3790506,4407534,5004624,4276378,4237938,5097991
61.33333333,6499335,3649119,3800536,4391408,4997603,4269537,4269007,5154774
61.5,6562751,3691760,3759162,4389764,5004519,4275670,4294952,5193703
61.66666667,6572653,3683094,3766480,4491949,4970939,4293466,4281820,5177415
61.83333333,6562155,3678872,3790077,4498742,4927642,4343492,4303957,5176949
62,6572659,3680224,3780508,4430595,4920737,4324242,4278191,5143462
62.16666667,6571930,3649673,3773925,4467405,4980793,4344877,4239927,5151020
62.33333333,6562696,3647494,3810229,4461131,4969260,4320519,4285965,5190536
62.5,6523637,3676766,3772618,4406052,4904474,4298438,4279516,5183019
62.66666667,6571356,3651888,3745015,4446430,4932666,4315396,4275367,5231560
62.83333333,6545006,3668130,3764870,4506773,4921606,4376454,4252193,5261365
63,6623438,3720732,3782182,4515302,4926020,4352394,4317659,5219687
63.16666667,6677785,3719230,3785244,4490720,4887111,4355953,4372191,5216437
63.33333333,6603911,3677335,3814021,4466317,4892502,4361548,4359206,5227555
63.5,6607698,3701170,3806525,4495510,4909559,4345545,4394999,5294251
63.66666667,6810991,3809973,3906767,4602604,5016227,4398481,4538623,5433692
63.83333333,7388770,3980448,4237150,4824410,5309164,4672425,4832775,5714125
64,7668335,4037614,4396399,4897413,5379209,4773886,4954564,5926717
64.16666667,7709216,4025026,4411460,4915331,5367338,4722815,4968478,5887258
64.33333333,7728468,3990985,4403431,4911019,5351922,4753228,5022225,5940395
64.5,7785593,3988397,4431468,4934354,5373701,4792251,5062423,6017272
64.66666667,7896243,3940186,4438860,4986278,5411335,4778316,5054692,6084621
64.83333333,7987538,3959863,4441210,5029926,5399386,4800387,5090983,6061571
65,8033354,4034764,4463038,5005185,5393054,4772512,5118502,6055372
65.16666667,8020797,4042986,4489558,5014486,5415381,4778150,5143373,6071280
65.33333333,8009553,4021519,4533877,5018410,5448403,4771165,5212160,6092417
65.5,8043427,4001625,4531513,5029018,5487896,4732347,5220596,6078547
65.66666667,8120271,3990990,4529671,5088160,5517595,4726605,5194202,6081974
65.83333333,8117347,3994460,4560644,5037893,5579828,4735376,5164757,6095399
66,8067681,3960494,4558926,4981869,5568433,4755464,5155752,6133305
66.16666667,8038344,3984261,4537948,5023002,5584457,4760731,5267220,6197469
66.33333333,7983622,4014673,4546349,5023590,5681072,4743494,5286219,6234892
66.5,7994012,4019958,4510216,5006100,5701459,4698885,5274767,6193159
66.66666667,7986928,4034617,4519020,5010753,5675999,4609894,5229668,6183557
66.83333333,7982487,3996992,4507763,4978566,5601839,4557602,5177888,6169174
67,7970440,3965915,4432987,4936816,5534591,4542491,5206740,6123956
67.16666667,7882198,3927403,4398446,4949524,5532576,4524732,5201322,6031177
67.33333333,7699414,3904542,4329655,4935817,5537638,4464749,5071759,6015495
67.5,7615070,3910937,4266052,4898099,5477071,4404472,5022736,5960187
67.66666667,7478724,3874921,4264304,4911812,5403943,4385409,4998480,5746449
67.83333333,7421261,3826577,4211747,4859243,5331295,4358538,4908050,5670019
68,7152624,3771621,4088770,4720979,5236627,4278328,4760889,5517701
68.16666667,6812878,3716027,3933447,4650807,5129623,4213626,4622102,5359698
68.33333333,6666722,3667181,3827533,4626300,5112662,4157236,4552985,5340087
68.5,6615905,3635775,3808671,4575264,5108651,4197475,4565668,5314780
68.66666667,6488802,3630250,3829510,4528470,5075488,4226085,4565562,5311818
68.83333333,6400917,3591647,3799879,4489399,5100613,4209942,4612212,5325792
69,6310686,3590750,3804878,4452957,5094129,4152307,4618369,5390688
69.16666667,6247503,3624247,3796354,4505189,5061361,4136221,4530832,5403110
69.33333333,6245982,3611752,3791155,4508461,4987884,4190275,4504771,5354955
69.5,6278491,3600014,3781967,4463226,4990725,4168938,4521534,5377143
69.66666667,6207865,3629679,3757240,4495654,5097478,4153057,4559110,5404422
69.83333333,6193952,3640448,3742306,4497104,5129630,4178124.25,4545934,5361537
70,6169503,3595927,3759843,4469225,5107053,4152264,4531568,5361550
70.16666667,6150744,3590912,3772198,4482406,5082401,4144868,4536012,5377587
70.33333333,6137089,3606590,3759850,4514917,5083265,4170706,4572921,5339926
70.5,6101073,3615635,3759354,4489128,5041299,4170755,4563256,5316472
70.66666667,6084316,3595609,3738412,4444776,5048651,4175368,4490061,5303327
70.83333333,6102144,3604180,3731516,4401000,5111436,4183123,4507273,5308196
71,6101827,3607397,3725050,4425852,5145397,4170872,4551309,5331418
71.16666667,6169997,3602431,3741296,4404576,5158779,4177921,4569719,5375169
71.33333333,6299245,3609081,3787807,4433300,5174902,4173690,4568327,5397854
71.5,6306478,3590568,3795512,4460168,5209711,4168768,4599114,5442434
71.66666667,6235961,3577697,3767200,4465679,5188955,4176822,4618532,5439723
71.83333333,6271313,3580769,3796673,4479577,5177012,4186957,4648458,5503124
72,6372347,3565740,3842423,4461290,5191506,4159234,4660582,5597718
72.16666667,6450220,3593813,3861836,4459043,5199993,4184387.25,4613093,5681168
72.33333333,6468533,3632771,3833858,4520820,5218616,4212587,4631972,5736056
72.5,6649338,3701411,3902987,4622625,5385530,4296863,4808650,5889222
72.66666667,7176659,3816019,4150050,4796967,5667342,4542832,5097827,6320749
72.83333333,7516326,3882594,4372806,4932538,5794293,4673795,5287558,6498362
73,7603558,3874582,4386626,4939625,5844550,4673758,5338010,6519632
73.16666667,7676502,3916292,4399393,4916687,5929712,4748050,5388899,6610391
73.33333333,7794517,3923367,4481448,4956414,6001981,4796620,5353029,6630344
73.5,7808870,3916665,4488240,4951704,6054920,4792159,5302221,6651109
73.66666667,7831463,3949257,4503342,4942686,6067418,4825310,5292024,6677949
73.83333333,7845490,3922734,4543505,4937829,6013978,4892428,5306765,6709467
74,7852484,3932970,4495283,4951981,6004758,4907374,5366370,6753744
74.16666667,7916623,3979956,4518481,4986948,6004370,4863048,5408640,6823509
74.33333333,8009296,4005202,4558154,4990130,5992116,4832005,5405696,6906740
74.5,8061727,4007741,4564638,4877832,5986170,4815845,5378966,6980788
74.66666667,8060854,4019878,4557443,4858761,6018990,4799108,5370962,7062745
74.83333333,8084595,3999838,4581405,4883207,6027258,4837077,5409421,6955505
75,8127413,4031086,4588124,4848760,6088909,4827505,5408372,6976868
75.16666667,8110400,4015432,4580990,4832904,6059491,4755689,5530470,7003055
75.33333333,8059758,4014410,4572848,4843266,6030175,4791100,5472886,7050858
75.5,8056566,4054507,4554876,4787403,5993765,4730214,5401053,7129248
75.66666667,7928008,4058618,4481089,4769077,5971839,4639787,5361231,7065510
75.83333333,7724888,4007384,4446048,4723897,5942732,4568590,5207964,7003151
76,7446105,4000198,4347895,4624862,5757434,4510772,5073609,6878008
76.16666667,7237767,3926905,4169853,4551878,5605966,4407031,4935721,6631443
76.33333333,6918539,3840068,3980767,4456595,5448435,4317498,4731238,6407547
76.5,6668290,3770745,3855548,4365360,5301419,4265344,4634907,6282120
76.66666667,6565564,3772558,3856785,4316821,5200229,4265201,4574547,6235360
76.83333333,6530464,3770981,3842147,4281373,5201223,4302913,4553788,6194735
77,6491003,3771382,3823649,4255973,5254331,4321972,4550542,6226416
77.16666667,6475019,3776166,3760356,4237708,5224168,4252057,4499588,6328011
77.33333333,6466531,3798217,3767369,4181333,5188370,4196736,4461535,6373455
77.5,6418215,3776666,3761387,4174481,5151954,4154712,4458282,6353167
77.66666667,6363820,3788624,3722196,4165026,5191246,4062918,4444705,6448025
77.83333333,6322814,3797014,3754319,4154628,5220799,4040444,4411073,6505653
78,6247555,3798431,3772201,4130362,5119376,4068846,4433369,6414938
78.16666667,6226710,3851502,3736085,4101856,5044328,4077549,4446424,6365391
78.33333333,6195471,3812107,3689200,4084208,5119536,4072676,4402442,6432762
78.5,6169702,3849739,3704626,4106430,5233351,4035941,4395370,6548459
78.66666667,6181092,3890719,3736150,4124281,5199699,4068498,4418452,6584482
78.83333333,6164372,3859632,3742666,4103102,5169858,4102637,4396341,6692619
79,6180888,3929800,3690597,4047484,5123988,4107706,4341351,6743118
79.16666667,6215008,3915134,3684338,4029276,5097302,4106176,4320081,6781250
79.33333333,6182010,3882278,3696865,4057434,5081056,4082495,4329406,6853971
79.5,6187336,3869350,3729810,4081039,5150493,4109288,4310065,6819665
79.66666667,6197952,3893105,3704303,4070044,5144038,4082149,4272588,6818910
79.83333333,6215568,3902366,3696966,4103278,5162468,4079238,4291243,6903094
80,6227351,3935497,3705221,4136011,5193527,4065218,4276515,6997311
80.16666667,6297079,3991605,3731768,4142319,5190379,4016078,4261828,7053010
80.33333333,6416863,3965271,3763711,4166133,5206485,4049991,4272129,7060210
80.5,6429081,3963270,3768552,4235227,5177517,4089673,4279845,7160824
80.66666667,6578117,4051432,3914073,4295307,5320140,4207363,4418928,7421972
80.83333333,7032120,4228417,4232517,4422868,5691115,4365001,4740873,8209143
81,7365379,4297396,4378185,4520064,5832482,4441231,4914861,8539071
81.16666667,7478238,4322071,4456499,4522900,5899865,4524114,4947510,8531185
81.33333333,7489974,4319377,4477548,4565238,5902062,4563179,4929604,8557310
81.5,7516650,4372459,4495691,4637880,5856603,4562359,4926216,8613071
81.66666667,7570293,4412031,4499010,4660379,5873559,4566186,4989723,8675138
81.83333333,7551728,4387096,4506720,4633070,5841850,4557880,5003982,8760198
82,7528287,4380865,4479267,4633021,5825737,4570361,5047063,8883475
82.16666667,7517854,4395364,4464940,4648865,5830580,4566787,5016887,8891262
82.33333333,7607967,4404438,4535709,4670979,5848781,4550346,5014650,8977073
82.5,7568421,4411990,4610889,4687029,5922390,4546351,5096976,9080699
82.66666667,7579523,4406268,4623439,4719999,5951129,4563810,5110844,9177207
82.83333333,7626782,4384013,4641636,4749167,5886732,4549516,5103783,9101520
83,7578271,4413205,4606450,4740310,5917765,4586541,5132357,9222865
83.16666667,7492361,4443970,4606610,4698278,5942116,4594581,5005326,9233101
83.33333333,7452199,4426148,4539290,4616228,5866738,4495946,4889339,9146197
83.5,7345794,4405162,4444356,4589271,5759254,4412282,4808997,9166745
83.66666667,7163165,4360451,4389741,4542076,5615430,4316797,4670122,8970500
83.83333333,6845330,4251777,4224998,4459571,5465888,4210416,4544715,8668916
84,6498757,4121527,4020518,4370357,5273487,4177172,4445622,8265701
84.16666667,6317415,4075364,3968707,4284940,5196221,4137057,4313828,8072037
84.33333333,6206636,4039685,3958050,4248171,5161249,4083424,4218725,8038425
84.5,6137711,4034596,3915000,4228925,5164056,4075216,4214202,8030860
84.66666667,6083409,4007082,3903565,4224758,5169007,4075439,4170485,8090343
84.83333333,6068069,3982276,3876840,4260346,5146680,4027868,4139409,8158716
85,6007123,3992690,3866642,4241330,5107257,4051143,4128037,8153794
85.16666667,5931394,3998177,3875650,4193773.75,5053895,4017552,4098187,8219114
85.33333333,5921649,3989704,3909269,4180853,5074130,4012011,4057143,8172665
85.5,5894921,3948214,3876765,4176531,5081991,4043161,4060994,8138732
85.66666667,5837608,3941396,3877652,4148716,5038808,4060499,4095451,8213401
85.83333333,5835082,3954605,3908844,4131485,5028744,4023064,4072365,8238106
86,5858583,3908268,3865809,4170189,5064557,4004385,4098922,8360827.5
86.16666667,5887476,3879436,3876372,4107196,5070737,4027560,4108135,8416435
86.33333333,5842438,3865052,3868332,4082942,5058289,3986706,4152952,8369656
86.5,5814316,3908802,3868928,4147202,5125169,3980785,4184923,8516869
86.66666667,5812098,3935669,3892997,4110115,5111597,4003004,4164313,8672115
86.83333333,5801660,3893617,3889485,4133256,5071169,3998040,4248945,8700569
87,5765966,3866865,3886037,4182322.25,5049463,3976739,4257342,8756713
87.16666667,5772699,3870059,3911135,4223449,5047966,4001697,4254047,8735344
87.33333333,5744131,3876039,3923132,4226716,5046909,4016210,4289272,8683405
87.5,5702395,3859889,3929575,4231493,5092229,3975188,4250281,8598464
87.66666667,5626765,3882550,3907590,4212059,5128563,4013452,4243638,8636183
87.83333333,5625920,3922275,3877825,4220496,5082829,4046778,4320845,8728771
88,5673875,3922543,3849099,4258340,5057658,4041912,4363804,8783976
88.16666667,5708188,3893181,3880653,4226428,5024297,4004119,4331930,8828881
88.33333333,5708956,3834295,3912141,4194482,5000519,3988497,4320306,8850957
88.5,5678793,3826588,3918732,4211435,4993799,4023557,4372366,8941636
88.66666667,5661183,3819190,3935730,4226803,5006848,4017682,4412129,9000960
88.83333333,5703284,3815382,3933718,4263146,5019816,4050494,4500240,9089306
89,5713725,3872506,3918875,4251297,5031180,4070706,4543539,9186273
89.16666667,5748370,3872026,3953550,4211263,5060855,4105207,4495168,9327493
89.33333333,5435956,3864557,3991766,4288606,5098753,4109346,4500510,9316354
89.5,5604416,3966552,4163458,4430816,5286441,4231493,4729845,9595625
89.66666667,6035273,4188388,4538793,4572668,5679563,4448687,5217457,10621766
89.83333333,6536185,4265138,4636166,4686332,5690385,4442505,5267628,10803296
90,6582628,4267728,4717368,4613973,5702488,4480910,5358760,10864265
90.16666667,6597414,4240759,4753226,4632790,5769066,4492883,5440170,10806693
90.33333333,6611220,4288712,4768649,4661749,5783041,4496324,5463511,10809136
90.5,6692258,4276637,4785724,4690720,5766910,4498022,5471048,10833430
90.66666667,6769388,4254497,4843587,4670539,5760855,4535187,5543002,10990431
90.83333333,6750702,4248225,4843666,4682967,5773873,4576182,5570255,11201282
91,6718521,4258720,4871825,4708629,5796364,4562404,5563475,11236339
91.16666667,6759686,4316961,4872975,4693480,5831230,4533138,5642694,11296313
91.33333333,6763824,4301650,4870232,4632533,5846603,4512321,5670234,11279957
91.5,6827804,4278725,4919188,4654102,5827210,4507542,5683023,11282247
91.66666667,6927347,4307423,4935391,4648454,5809090,4530600,5666819,11246788
91.83333333,6855748,4286614,4930239,4617264,5848062,4537033,5678572,11164673
92,6816594,4289096,4954216,4650810,5780647,4555308,5682380,11200529
92.16666667,6813884,4307012,5002057,4665571,5703848,4556547,5731945,11391881
92.33333333,6562919,4144447,4673728,4500792,5585774,4375222,5264184,11060691
92.5,6059639,3982864,4290356,4304545,5293159,4190203.75,4864870,10445220
92.66666667,5798076,3943308,4123139,4215967,5147611,4086357,4720557,10133657
92.83333333,5796025,3868294,4099485,4207598,5175918,4062432,4675815,9993872
93,5792623,3832884,4080877,4164250,5172845,4004324,4685081,9851348
93.16666667,5745321,3826041,4056285,4105989,5082573,4011770,4656439,9628519
93.33333333,5778457,3847157,4061037,4081622,5008852,4031651,4621016,9476868
93.5,5803863,3840104,4047199,4063194,5022084,4017521,4639103,9494082
93.66666667,5784148,3834953,4014753,4044315,5064607,3998287,4625385,9526092
93.83333333,5755598,3818967,4039544,4045326,5080317,3962276,4609569,9424023
94,5726294,3818775,4039585,4050363,5059833,3993658,4634719,9400401
94.16666667,5717048,3827446,4019233,4042863,5010490,4002785,4620347,9491103
94.33333333,5704341,3790179,4021429,4051667,4983050,4007972,4601876,9552263
94.5,5661194,3793411,4022537,4011919,4999451,3964405,4624602,9498226
94.66666667,5663095,3834378,3998346,4025891,4993519,3942248,4619967,9399288
94.83333333,5713992,3845662,3983676,4035766,5025994,3964349,4636922,9363984
95,5723651,3821208,3936255,4004074,5058825,4002677,4655482,9382845
95.16666667,5709955,3836535,3977308,3954772,5078787,4002520,4655417,9536482
95.33333333,5737231,3837341,3996259,3966525,5060431,3954565,4652409,9619174
95.5,5737195,3845199,3975580,3991300,5038834,3960570,4644961,9664872
95.66666667,5748566,3861695,3955320,4020801,5060318,3968847,4659006,9691917
95.83333333,5803027,3841545,3998358,4036619,5071609,3951081,4647165,9698333
96,5888105,3827106,4017115,4011249,5064013,3931962,4646730,9609674
96.16666667,5888586,3870559,4000482,4003937,5021626,3927919,4709776,9478289
96.33333333,5867191,3907343,4043769,3994704,5032877,3955547,4741007,9384247
96.5,5880698,3917275,4054625,4016224,5102229,3968413,4726311,9415447
96.66666667,5924250,3937961,4036256,4044861,5087793,3953865,4727707,9585286
96.83333333,5971380,3922073,4067153,4073986,5110674,3951723,4680095,9760372
97,6015704,3917314,4068443,4051993,5144615,3974263,4672705,9816313
97.16666667,6027681,3929078,4040147,4050053,5152369,4006937,4755896,9846469
97.33333333,6029029,3976394,4035937,4073155,5222369,3987250,4767357,9738948
97.5,6105028,3968436,4129617,4096466,5277505,3975612,4714833,9669807
97.66666667,6112488,3946297,4172514,4073660,5214538,3999358,4680705,9677418
97.83333333,6130392,3954147,4166177,4084499,5166216,3994934,4699500,9569771
98,6127920,4009896,4198416,4064249,5119045,4020841,4681114,9530696
98.16666667,6182666,4045327,4170446,4080721,5190570,3999765,4747489,9533400
98.33333333,6228128,3986640,4210776,4115262,5192573,3976347,4774643,9659253
98.5,6328942,3996597,4252450,4137333,5215607,4058391,4779765,9799192
98.66666667,6393380,4050330,4260511,4151392,5219797,4082680,4772690,9860392
98.83333333,6472657,4035418,4337766,4121394,5281380,4078613,4822092,9942088
99,6943820,4167913,4570662,4204025,5455870,4204130,5037780,10381758
99.16666667,7781123,4396400,5038525,4393805,5692348,4394151,5573751,11346424
99.33333333,7855526,4439781,5127334,4518311,5727579,4435493,5636600,11345230
99.5,7817435,4521682,5146430,4475254,5718305,4464337,5658335,11389555
99.66666667,7781852,4495690,5178408,4442905,5744082,4466324,5673008,11464588
99.83333333,7789759,4480581,5243033,4477807,5771468,4444013,5716752,11542506
100,7778822,4524737,5264786,4479541,5786468,4385556,5764833,11531476
100.1666667,7709546,4508752,5313174,4475609,5791966,4418778,5760332,11438775
100.3333333,7718922,4519411,5312932,4478582,5768830,4488477,5769645,11509335
100.5,7845012,4548700,5352914,4502401,5749695,4493054,5761544,11601355
100.6666667,7858306,4526635,5433309,4478013,5708164,4433082,5764040,11653767
100.8333333,7796877,4496750,5457435,4493517,5716895,4454574,5792491,11760723
101,7836819,4469947,5404943,4489489,5686423,4431322,5757327,11624075
101.1666667,7843957,4469967,5429074,4489868,5650497,4416848,5773889,11358275
101.3333333,7774065,4463959,5438659,4468801,5682717,4427339,5705326,11353568
101.5,7331920,4323354,5095597,4403452,5473926,4252933,5314314,11020220
101.6666667,6601799,4105498,4578672,4214856,5141736,4085273,4902373,10175981
101.8333333,6501757,3979740,4397759,4141139,5034503,4019903,4755035,9717314
102,6476725,3936298,4332883,4130587,4969750,3991916,4687023,9394519
102.1666667,6382615,3947366,4324973,4099254,4911443,3952408,4587754,9041077
102.3333333,6317343,3913067,4320701,4041797,4839769,3956329,4577895,8958175
102.5,6284727,3922410,4269781,4009472,4869265,3917709,4560847,9072401
102.6666667,6248307,3901577,4277505,4019601,4859471,3858954,4525151,9152927
102.8333333,6116130,3878083,4269207,3994553,4817888,3886426,4463135,9169504
103,6080615,3875869,4252104,3919318,4791555,3903488,4511161,9157129
103.1666667,6136226,3897704,4231623,3904040,4775933,3905954,4488437,9098498
103.3333333,6157577,3919442,4168987,3918954,4755090,3880826,4492924,9027680
103.5,6175455,3910158,4125462,3921019,4723938,3853074,4499737,8972768
103.6666667,6192579,3919549,4174854,3896308,4685190,3846354,4447145,8945994
103.8333333,6191482,3914826,4181148.75,3882815,4697586,3854719,4483704,8986699
104,6204644,3877079,4176161,3837767,4702036,3844534,4531564,9008098
104.1666667,6186131,3877892,4136561,3834863,4707294,3837990,4559073,9046214
104.3333333,6159250,3913441,4112197,3842164,4705112,3836854,4523312,9107826
104.5,6168735,3910374,4148132,3863635,4641613,3817205,4429522,9210734
104.6666667,6153876,3904166,4155059,3870056,4630601,3854682,4445602,9225160
104.8333333,6197077,3919650,4174077,3848972,4673275,3844489,4488377,9200701
105,6217090,3913100,4228244,3808057,4729758,3800060,4462473,9221849
105.1666667,6233553,3891538,4217871,3809040,4702865,3829815,4441624,9291617
105.3333333,6238936,3852760,4184446,3828085,4686549,3828687,4446403,9225915
105.5,6277598,3892924,4213718,3879961,4670116,3841162,4441775,9048383
105.6666667,6336586,3922807,4255595,3867113,4686170,3869703,4425760,9080474
105.8333333,6384181,3941311,4224967,3868795,4693012,3828947,4432141,9159331
106,6378847,3942543,4224159,3878974,4666923,3835230,4501850,9320212
106.1666667,6334503,3908906,4265637,3871806,4729500,3854872,4465674,9464413
106.3333333,6397093,3911360,4261593,3891813,4705696,3818221,4485604,9507306
106.5,6444033,3956673,4234861,3922650,4662462,3782174,4531599,9502204
106.6666667,6424183,3948476,4269269,3915858,4730392,3790775,4546347,9429299
106.8333333,6457287,3970997,4304919,3890128,4713517,3835894,4536274,9345649
107,6504532,4001874,4286474,3907110,4709844,3827487,4513144,9361700
107.1666667,6545640,3976200,4316575,3961112,4728603,3850504,4510959,9438607
107.3333333,6567623,3965302,4338317,3959338,4727404,3862126,4478680,9539631
107.5,6478511,3960156,4356633,3942309,4735340,3830461,4497237,9504666
107.6666667,6499109,3953221,4371704,3979182,4790927,3878254,4491396,9323302
107.8333333,6508297,3969250,4356291,3973621,4837379,3901920,4488066,9346899
108,6604811,3994661,4360407,3977618,4813375,3868632,4531243,9526735
108.1666667,6624840,3975877,4370901,3995513,4760700,3863164,4545704,9701652
108.3333333,6600958,3967448,4399896,3991211,4744027,3844631,4527941,9687932
108.5,6629192,3997953,4416028,3991517,4813449,3817101,4541131,9672558
108.6666667,6605750,4019606,4421197,3993464,4845626,3867984,4526336,9662414
108.8333333,6783319,4112875,4570845,4052336,4928748,3925816,4629794,10054667
109,7205739,4260910,4923639,4204208,5207411,4050047,5006102,10807932
109.1666667,7680561,4428875,5238804,4286092,5306416,4140283,5222642,11208172
109.3333333,7763599,4460409,5326208,4335294,5315480,4198073,5290493,11235067
109.5,7729881,4483182,5389809,4282066,5387277,4249181,5353716,11332815
109.6666667,7780816,4451062,5402788,4243492,5382527,4241542,5353786,11346068
109.8333333,7839835,4424234,5478317,4314578,5337723,4194008,5369821,11300949
110,7862137,4429371,5503352,4353152,5435287,4198705,5371739,11374417
110.1666667,7853003,4459390,5529323,4341352,5462112,4221413,5325183,11396695
110.3333333,7799082,4454454,5580795,4349109,5432430,4256643,5349943,11257671
110.5,7860766,4456665,5588696,4406998,5442625,4226117,5384826,11140469
110.6666667,7976716,4465483,5626829,4373931,5441603,4187181.25,5445469,11113692
110.8333333,7965885,4470569,5614314,4355357,5465801,4222149,5428345,11192330
111,7964373,4528373,5628597,4380595,5477841,4218271,5402277,11390846
111.1666667,7869064,4480921,5676535,4354437,5435365,4245826,5478524,11597393
111.3333333,7832135,4467858,5651187,4391235,5401298,4250217,5449350,11650007
111.5,7212743,4209934,5077991,4181993,5127354,4029000,4905456,10942816
111.6666667,6678865,3994390,4694473,4023924,4941014,3945042,4595852,10261482
111.8333333,6464362,3953646,4542119,3918580,4845598,3897485,4493697,9968708
112,6462156,3947226,4468668,3879688,4786301,3838236,4459653,9824340
112.1666667,6460392,3909881,4427370,3879730,4730254,3846007,4460111,9660556
112.3333333,6351004,3873655,4396779,3854165,4731374,3872266,4432712,9558481
112.5,6294758,3863407,4377144,3868409,4704916,3847405,4372889,9558638
112.6666667,6216453,3831529,4314017,3866801,4691689,3803237,4377604,9443410
112.8333333,6206252,3820873,4316868,3773512,4664604,3762339,4369370,9434911
113,6165443,3818700,4292600,3758142,4660394,3780114,4323627,9539559
113.1666667,6118865,3787252,4252244,3757696,4678895,3805741,4292373,9548714
113.3333333,6088149,3769457,4262028,3718248,4689001,3800706,4289476,9433729
113.5,6048719,3776327,4251359,3702186,4695363,3828199,4334618,9357453
113.6666667,6007609,3785836,4264267,3689799,4684403,3826725,4329952,9330300
113.8333333,5971779,3771540,4258665,3701488,4663308,3818276,4290295,9295739
114,5982413,3809487,4257854,3696743,4623303,3813608,4291392,9299171
114.1666667,5886598,3807624,4263581,3696545,4570681,3801603,4263816,9323768
114.3333333,5861479,3757488,4270305,3679624,4591963,3777995,4283514,9247889
114.5,5877029,3722336,4255518,3705845,4630281,3804568,4300342,9302087
114.6666667,5862652,3735449,4252413,3703414,4646948,3844695,4253481,9401966
114.8333333,5898764,3761245,4239321,3712049,4641394,3864637,4221053,9468649
115,5915196,3721611,4196061,3709475,4635679,3814303,4237662,9518383
115.1666667,5925386,3709294,4259225,3689943,4617362,3830955,4270507,9341429
115.3333333,5928736,3720800,4347201,3731857,4634378,3832200,4215232,9117506
115.5,5929962,3715666,4338206,3758828,4647235,3815247,4210531,9115098
115.6666667,5914686,3751689,4337081,3766657,4602106,3821818,4264228,9081821
115.8333333,5967832,3755646,4383984,3750185,4580268,3818097,4234578,9093504
116,5995929,3748487,4391246,3753782,4639997,3841748,4266043,9201657
116.1666667,6058444,3757634,4373862,3736999,4620216,3860310,4305649,9307558
116.3333333,6058989,3729608,4383058,3701802,4526687,3848346,4255807,9183579
116.5,6050859,3759353,4389614,3742932,4539687,3841459,4255729,9131572
116.6666667,6046933,3770114,4423702,3747491,4560313,3829920,4273600,9139364
116.8333333,6066136,3743430,4434446,3744523,4542644,3850661,4253144,9125338
117,6022398,3736311,4430048,3745397,4501685,3831004,4271187,9076745
117.1666667,6023972,3749156,4462673,3756732,4479054,3798563,4284322,9047893
117.3333333,6046820,3742462,4465039,3787843,4483676,3827463,4288868,9070233
117.5,5983409,3749516,4449635,3745467,4472871,3842683,4327834,9081972
117.6666667,6031683,3770782,4462316,3727953,4469739,3828487,4297866,9046661
117.8333333,6047521,3807507,4465439,3692491,4412167,3869361,4301666,9019256
118,6047105,3833434,4444296,3691333,4314356,3852686,4320346,8932775
118.1666667,6018003,3843590,4464155,3710694,4337530,3831368,4301927,8765869
118.3333333,6024006,3792616,4448677,3668613,4346100,3833739,4285106,8741768
118.5,6024696,3789966,4435917,3663244,4265823,3809806,4291570,8766838
118.6666667,6041146,3834053,4433501,3706499,4251643,3846256,4290477,8788161
118.8333333,6050992,3796910,4397205,3749008,4188112.75,3856484,4261888,8657490
119,6076736,3819632,4390466,3732663,4178980.75,3817059,4243507,8696394
119.1666667,6060900,3841608,4431166,3691078,4178665,3831814,4261137,8783158
119.3333333,6010139,3874751,4455149,3694581,4170118.25,3839799,4268966,8851817
119.5,5999844,3915792,4468781,3697141,4154979,3835077,4238569,8927463
119.6666667,5999123,3858107,4466379,3698768,4112428,3845119,4236945,8772787
119.8333333,6043947,3847986,4487271,3722442,4089581.75,3807848,4263986,8764694
120,6028028,3861191,4496249,3744252,4105606.75,3786757,4280175,8881882
120.1666667,6198239,3899882,4618933,3775703,4145570.25,3869535,4365981,9063690
120.3333333,6559296,4081913,4988930,3867896,4288094,4003890,4642088,9728343
120.5,6886928,4282724,5359043,3955314,4434831,4134911,4935425,10396154
120.6666667,6936966,4308212,5501230,3995874,4414028,4192230,4978447,10525471
120.8333333,6980059,4311292,5563676,4032399,4438496,4149343,4984382,10626378
121,6963957,4308988,5517944,4017335,4474251,4156440,5006314,10698161
121.1666667,6936853,4366442,5553693,4049929,4521356,4232833,5087324,10770741
121.3333333,6963703,4355112,5638103,4091895,4552665,4205861,5090099,10821060
121.5,7001825,4371152,5623516,4066663,4565247,4203187,5071117,10799821
121.6666667,7056707,4398310,5655907,4047953,4546234,4188169.75,5055329,10876991
121.8333333,7020950,4337775,5741227,4031278,4527177,4236226,5116505,10902161
122,6969966,4391506,5695651,4028977,4555231,4271184,5151258,10846009
122.1666667,7022609,4478163,5705052,4081078,4543210,4277059,5064789,10811508
122.3333333,7107311,4445394,5733612,4051168,4534016,4268789,5078723,10784388
122.5,7106908,4401318,5716889,4118420,4555227,4285301,5132847,10849577
122.6666667,7085545,4400045,5746364,4095615,4566782,4311894,5132164,10764159
122.8333333,6235967,4058679,5056312,3864389,4314311,4120855,4611679,9696182
123,5809753,3924504,4647078,3771113,4198834,3905352,4324298,9377485
123.1666667,5684442,3884790,4537443,3680153,4188246,3830199,4234665,9116512
123.3333333,5614079,3843211,4584638,3651233,4163837.75,3852051,4233278,8998632
123.5,5595807,3832836,4545973,3693973,4128478,3869312,4203944,8951405
123.6666667,5527748,3852569,4505066,3695939,4096339.25,3862603,4177244,8859013
123.8333333,5464521,3883247,4477557,3668259,4108572,3845303,4147545,8803095
124,5443504,3889627,4439723,3649071,4136579,3822428,4124198,8662281
124.1666667,5398526,3872118,4453248,3612331,4101842.75,3824336,4145705,8591825
124.3333333,5318192,3883349,4418142,3621162,4097707,3822911,4188104,8595090
124.5,5317641,3887161,4389887,3633911,4109815.25,3805701,4151001,8571084
124.6666667,5294436,3853297,4366595,3596146,4101120.25,3844526,4173862,8634234
124.8333333,5224787,3854871,4373183,3604327,4069685,3875990,4166558,8623489
125,5137666,3842417,4351841,3597810,4035228,3817970,4158903,8626992
125.1666667,5103839,3851762,4361673,3596520,4048699,3809588,4155146,8627432
125.3333333,5108076,3860160,4359564,3599863,4113259,3862210,4128440,8547045
125.5,5091539,3855628,4363413,3588259,4067318,3910578,4124350,8520040
125.6666667,5081092,3895515,4377348,3598036,4077847,3885289,4116101,8422072
125.8333333,5066096,3902126,4323113,3608677,4085481,3872011,4085066,8272589
126,4972119,3872282,4289507,3595416,4052300,3850758,4113217,8310883
126.1666667,4945744,3867863,4297149,3594512,4074199,3836520,4122002,8329844
126.3333333,4893730,3888567,4321820,3582380,4035287,3839472,4079441,8287086
126.5,4881940,3881754,4344970,3595548,4004786,3794135,4067252,8366053
126.6666667,4952440,3865397,4337361,3609720,3991641,3817662,4112537,8404566
126.8333333,4978671,3874042,4338866,3618808,3978706,3831267,4125696,8348494
127,4969607,3860314,4279825,3635755,4006660,3876545,4088572,8373989
127.1666667,4908460,3863476,4256454,3663046,4026904,3881154,4095671,8318275
127.3333333,4888127,3874784,4253447,3648971,4006834,3862131,4090497,8252432
127.5,4903989,3921500,4260096,3635775,4042523,3878690,4127918,8272889
127.6666667,4942298,3910278,4282590,3646349,4035419,3892076,4137364,8369255.5
127.8333333,4959803,3889468,4261287,3628010,4010950,3885836,4080616,8284044
128,4959192,3851192,4266357,3633253,3999696,3902012,4056562,8208215
128.1666667,4980464,3904296,4315008,3663196,4031150,3861769,4091803,8270653
128.3333333,4960633,3953894,4341167,3699429,3999147,3872013,4093675,8384326.5
128.5,4935125,3956091,4398909,3672184,3999603,3864701,4090344,8390355
128.6666667,4904992,3947986,4363943,3675634,3969115,3839896,4107066,8392587
128.8333333,4922294,3972148,4323131,3675087,3980269,3832221,4166713,8381058
129,4917016,4027415,4294090,3649855,3998314,3877551,4171828,8391236
129.1666667,4972173,4152368,4315913,3672110,4029772,3909099,4176721,8455147
129.3333333,5005380,4174309,4352808,3691049,4070188,3899118,4179637.75,8494568
129.5,4952277,4070981,4352206,3669080,4059410,3873978,4156883,8510903
129.6666667,4940974,4027905,4370549,3661978,4066226,3899080,4104236,8500668
129.8333333,4981491,4023343,4354809,3666917,4059817,3892085,4104521,8405725
130,5008467,4063665,4380090,3676535,4067531,3843693,4164518,8448654
130.1666667,5001762,4089851,4370171,3681559,4065550,3853755,4187321.25,8535475
130.3333333,5006155,4128627,4368687,3680804,4053548,3920913,4136707,8548653
130.5,5019016,4104037,4382361,3673991,4064852,3918519,4104894,8541042
130.6666667,5066563,4086534,4299157,3638251,4081082,3913412,4101839,8496711
130.8333333,5102870,4113944,4232776,3637579,4097530.25,3902429,4107015,8560753
131,5281901,4248699,4421765,3700406,4222988,3988500,4281702,8854257
131.1666667,5636134,4540286,5035711,3789396,4358336,4139164,4598855,9653635
131.3333333,5824004,4663278,5347125,3824929,4368258,4225747,4803105,10004096
131.5,5945408,4701946,5418040,3836054,4380312,4281889,4880648,10202900
131.6666667,6003578,4739294,5483158,3844112,4381125,4265800,4865834,10287938
131.8333333,5992032,4772394,5565064,3861429,4411868,4266025,4866765,10376717
132,6034208,4797420,5569896,3905847,4452546,4328345,4854343,10406810
132.1666667,6090149,4792379,5634941,3922936,4428196,4349069,4873683,10465092
132.3333333,6089220,4790703,5700569,3945370,4370966,4312227,4917220,10488507
132.5,6140406,4754409,5694209,3936252,4357316,4349003,5003381,10364166
132.6666667,6172107,4733688,5678226,3919217,4369392,4345329,5007647,10316732
132.8333333,6274636,4737610,5675447,3943205,4380503,4342801,4990756,10297528
133,6343416,4755666,5703695,3917204,4378231,4364459,5004547,10237444
133.1666667,6105470,4638999,5556275,3822013,4316707,4312422,4831078,10024573
133.3333333,5524846,4302297,4922358,3706351,4084828,4054561,4380962,9324909
133.5,5337212,4164838,4657925,3642126,3976148,3920087,4214593,8956365
133.6666667,5353318,4139466,4625911,3638002,3951268,3895272,4202265,8793127
133.8333333,5362977,4102203,4582939,3618664,3929366,3879761,4210358,8640038
134,5311589,4088409,4543444,3568598,3925540,3878503,4177411,8552273
134.1666667,5283423,4072701,4532751,3570688,3925970,3859891,4133033,8515348
134.3333333,5284674,4073355,4454132,3555246,3924862,3870747,4120323,8432159
134.5,5305014,4118100,4426042,3543449,3903899,3884694,4128753,8331802
134.6666667,5232894,4110121,4464040,3553841,3880065,3857892,4113978,8301256
134.8333333,5175823,4112412,4442681,3514324,3859897,3847593,4097120,8128821
135,5206490,4109298,4427135,3492991,3866890,3859809,4089816,7957938
135.1666667,5194797,4101710,4433398,3516201,3877211,3847134,4108366,7911343
135.3333333,5198539,4064444,4439324,3514188,3850878,3822036,4120734,7921394
135.5,5196923,4057825,4410873,3486353,3845574,3816747,4084314,7932856
135.6666667,5181357,4126750,4417158,3492114,3865799,3833127,4057014,7941977
135.8333333,5187209,4134119,4424738,3489617,3862466,3810365,4055036,7959224
136,5170754,4102661,4369495,3488799,3847567,3805284,4098384,7903027
136.1666667,5174025,4097178,4353654,3477056,3838711,3818513,4117655,7846029
136.3333333,5175400,4105675,4402530,3495950,3833214,3795606,4085045,7855990
136.5,5163527,4125683,4393331,3508980,3850481,3795378,4057546,7906711
136.6666667,5164656,4176443,4371376,3496871,3851530,3806370,4076531,7975758
136.8333333,5231345,4158632,4365809,3513664,3854011,3831745,4074483,7841648
137,5223633,4130777,4375566,3506753,3849794,3846537,4088917,7784074
137.1666667,5172639,4151759,4382685,3510014,3850267,3827643,4062677,7779693
137.3333333,5210342,4132353,4402500,3518067,3826940,3832173,4065249,7848649
137.5,5250474,4148096,4400948,3516831,3822329,3852746,4102832,7829574
137.6666667,5285095,4146373,4366409,3509629,3830169,3853673,4071999,7720608
137.8333333,5294680,4147226,4354754,3516984,3809432,3853230,4054435,7681997
138,5296528,4119923,4403858,3524489,3844237,3855335,4050051,7670581
138.1666667,5291831,4154743,4415399,3496856,3851691,3856206,4065318,7736012
138.3333333,5340571,4207145,4420802,3509850,3829516,3853097,4046214,7770908
138.5,5367760,4199191,4410294,3534415,3854858,3843960,4046997,7722895
138.6666667,5393134,4173030,4361463,3524469,3838666,3877419,4038029,7710203
138.8333333,5373690,4181861,4373528,3515361,3864826,3885092,4089830,7827459
139,5367222,4150467,4373237,3521827,3845535,3895470,4099141,7937056
139.1666667,5357333,4148576,4387440,3522447,3808948,3914275,4074076,7845154
139.3333333,5356274,4221660,4400910,3513979,3812007,3878584,4104947,7770634
139.5,5438433,4202559,4406761,3486458,3786646,3881895,4068579,7816205
139.6666667,5463353,4166362,4415290,3495284,3749241,3889951,4061202,7908383
139.8333333,5533229,4163192,4362818,3509988,3751395,3903926,4023935,7849999
140,5513620,4153174,4351755,3523594,3786210,3922139,4038547,7767711
140.1666667,5540862,4156497,4428135,3506688,3830662,3899530,4035413,7787145
140.3333333,5589544,4136296,4483556,3496686,3785666,3888403,4017428,7804953
140.5,5601913,4143323,4413274,3495400,3770763,3868570,3998618,7764739
140.6666667,5606046,4145198,4388705,3519033,3773518,3890648,4028856,7710887
140.8333333,5577988,4150825,4387827,3514583,3751808,3867175,4044210,7737694
141,5623941,4184316,4390180,3494563,3763122,3900040,4041833,7763789
141.1666667,5681102,4240229,4386872,3492932,3783900,3964251,4069156,7750841
141.3333333,5674129,4250865,4423743,3485478,3834493,3939635,4073602,7749412
141.5,5650026,4239075,4456321,3513786,3814996,3914674,4076706,7811909
141.6666667,5664687,4226056,4410881,3513694,3755059,3936134,4056346,7761917
141.8333333,5666637,4176363,4390816,3514000,3769017,3928551,4037135,7702601
142,5682969,4188174.75,4433276,3520901,3807878,3882855,4057468,7691631
142.1666667,5694577,4230537,4400085,3511882,3757427,3858168,4055524,7711213
142.3333333,5682174,4274528,4340693,3479690,3744700,3821515,4041874,7701540
142.5,5696392,4241371,4325349,3474342,3806913,3829953,4010573,7745534
142.6666667,5731927,4247955,4342829,3484280,3791902,3854873,4025850,7841112
142.8333333,5723864,4248627,4405096,3470103,3774647,3851239,4035151,7831908
143,5758746,4248768,4388218,3457490,3784387,3846717,4035462,7761201
143.1666667,5823587,4257441,4417683,3475975,3806088,3872328,4061807,7705195
143.3333333,5793075,4257728,4433120,3475914,3809316,3883070,4106511,7685062
143.5,5820138,4295288,4425530,3467826,3810891,3838752,4132637,7660852
143.6666667,5822227,4281745,4434500,3486349,3803100,3829294,4074727,7770301
143.8333333,5815611,4317848,4440421,3455243,3779032,3836071,4055487,7752729
144,5784901,4318996,4504383,3415340,3773577,3824294,4054463,7646294
144.1666667,5933134,4427502,4729675,3480321,3827442,3921837,4221309,7806652
144.3333333,6369214,4745929,5304243,3576385,3921952,4104524,4577065,8317349
144.5,6608379,4916173,5530746,3633290,3987138,4184548,4747300,8528265
144.6666667,6639449,4943918,5616803,3663361,4006059,4183878.25,4825139,8659977
144.8333333,6701143,4965955,5804023,3676316,4014690,4203465,4883873,8746899
145,6793600,5030667,5810990,3702372,4063460,4218736,4891728,8854741
145.1666667,6786806,5023601,5842165,3717163,4072761,4219173,4909600,8872471
145.3333333,6758076,5020543,5913725,3701046,4045239,4247015,4882467,8858070
145.5,6766356,5043612,5937410,3701804,4035729,4196356,4936401,8943246
145.6666667,6797002,5074685,5954976,3732468,4076274,4208835,4944779,8933610
145.8333333,6800234,5061048,6002617,3711374,4091408.25,4210821,4948745,8906771
146,6809995,5035155,6014578,3728253,4047682,4205011,4959489,8884859
146.1666667,6805886,5045765,6040787,3724457,4015695,4244824,4993958,8946085
146.3333333,6768131,5038281,6051074,3754590,4044426,4224560,4970217,8936534
146.5,6786454,5022718,6082152,3721066,4045204,4218433,4977176,8877161
146.6666667,6418256,4842739,5748700,3649028,3928837,4174648,4763521,8562146
146.8333333,5855207,4523369,5052550,3559290,3782419,4000253,4358177,8082764
147,5643952,4405101,4839641,3496777,3746080,3870117,4208316,7853819
147.1666667,5573979,4388745,4873038,3462118,3730493,3836757,4168117,7770439
147.3333333,5504231,4316944,4826026,3426610,3695515,3839583,4149114,7693647
147.5,5496315,4295745,4754220,3421567,3725674,3842549,4098731,7532023
147.6666667,5509004,4261919,4727157,3415318,3723220,3843293,4077002,7452340
147.8333333,5457010,4258917,4704250,3392299,3694360,3797699,4042052,7530418
148,5408528,4301831,4698389,3415319,3687555,3770341,4036716,7354680
148.1666667,5368276,4290957,4712317,3377217,3723086,3774747,4037049,7300429
148.3333333,NaN,NaN,NaN,NaN,NaN,NaN,NaN,NaN
