0,8108860,6207616,8430565,5691077,12136316,5734204,6753354.5,NaN,NaN,NaN,NaN,NaN
0.007,7982773,6193598.5,8291776,5609615,12650652,5693288,6725898.5,NaN,NaN,NaN,NaN,NaN
0.014,7918260,6166318,8217883,5573686,13744568,5696310,6764176,NaN,NaN,NaN,NaN,NaN
0.021,7759517,6134069,7969774.5,5539385,13849811,5615835,6657067,NaN,NaN,NaN,NaN,NaN
0.028,7698692,6036906,7834619,5468758,13438712,5492242,6549595,NaN,NaN,NaN,NaN,NaN
0.035,7602095,6001179.5,7678007.5,5366196,12915732,5414055,6489062,NaN,NaN,NaN,NaN,NaN
0.042,7516245,5991068,7581706,5341155,12377920,5409274,6401208,NaN,NaN,NaN,NaN,NaN
0.049,7519042.5,5938564,7605443,5367134,11995400,5427975,6343075.5,NaN,NaN,NaN,NaN,NaN
0.056,7437427,5852990,7615800,5375446,11979871,5386095,6171292.5,NaN,NaN,NaN,NaN,NaN
0.062,7454916,5779786,7506878.5,5376723,12162971,5382731,6071299,NaN,NaN,NaN,NaN,NaN
0.069,7556680.5,5721925,7522776.5,5361695,12361927,5468799,6071742.5,NaN,NaN,NaN,NaN,NaN
0.076,7685039,5712710,7600357.5,5371232,12483947,5468569,6177891,NaN,NaN,NaN,NaN,NaN
0.083,7642052,5669032,7670224,5478856,12777817,5460242,6216088,NaN,NaN,NaN,NaN,NaN
0.09,7607914,5665221,7723957.5,5554866,12998880,5430993,6232802,NaN,NaN,NaN,NaN,NaN
0.097,7402236,5643751,7771250.5,5604289,13034937,5392264,6304764.5,NaN,NaN,NaN,NaN,NaN
0.104,7101900,5604280,7909526,5618434,13255067,5380325,6381126,NaN,NaN,NaN,NaN,NaN
0.111,6999337,5608419,8057269,5710578.5,13325959,5451706,6371424,NaN,NaN,NaN,NaN,NaN
0.118,7019878,5615928,8109685,5728688,13058158,5457957,6371704,NaN,NaN,NaN,NaN,NaN
0.125,7031629.5,5626238,8302618,5702128.5,12917215,5465328,6458600,NaN,NaN,NaN,NaN,NaN
0.132,7080434.5,5628720,8488567,5724583.5,12598095,5478501,6451904,NaN,NaN,NaN,NaN,NaN
0.139,7103783.5,5633991,8620556,5762574,12263662,5474826,6411800.5,NaN,NaN,NaN,NaN,NaN
0.146,7110601.5,5674120,8700234,5797723,12099435,5487459,6379589,NaN,NaN,NaN,NaN,NaN
0.153,7080929,5677593,8725627,5849219,11769032,5588391,6427188,NaN,NaN,NaN,NaN,NaN
0.16,7139189,5701074,8850591,5918530.5,11379378,5662758,6500100,NaN,NaN,NaN,NaN,NaN
0.167,7170196,5732663,8968599,5839093,11249358,5707756,6580998,NaN,NaN,NaN,NaN,NaN
0.174,7201891,5783922,9082299,5813953,11099093,5747536,6607976,NaN,NaN,NaN,NaN,NaN
0.181,7259835.5,5814892,9125513,5821706,10983791,5816635,6507873,NaN,NaN,NaN,NaN,NaN
0.187,7276914,5806721.5,9245831,5842509,10882980,5846521,6503631,NaN,NaN,NaN,NaN,NaN
0.194,7217243,5841623,9258853,5898207.5,10832766,5866642,6528862,NaN,NaN,NaN,NaN,NaN
0.201,7178126.5,5920451,9201284,5814114,10742877,5930084.5,6463038.5,NaN,NaN,NaN,NaN,NaN
0.208,7114024,5892651,9249712,5786187,10825024,5992181,6556931,NaN,NaN,NaN,NaN,NaN
0.215,7069839,5862797,9248193,5812372.5,11098139,5997916,6613408,NaN,NaN,NaN,NaN,NaN
0.222,7109813,5934202,9203338,5801270,11195703,6000813.5,6647109,NaN,NaN,NaN,NaN,NaN
0.229,7111542,5948232,9150747,5789209,11306712,6107517,6614058,NaN,NaN,NaN,NaN,NaN
0.236,7128881,5929015,9068225,5796233,11462071,6102384.5,6600711.5,NaN,NaN,NaN,NaN,NaN
0.243,7154282.5,5847886,9019019,5779213,11507024,6179326,6571174,NaN,NaN,NaN,NaN,NaN
0.25,7146850,5791240,8885568,5761680,11429964,6274999,6552311,NaN,NaN,NaN,NaN,NaN
0.257,7160143,5814908,8801575,5721601.5,11451468,6306163,6589391.5,NaN,NaN,NaN,NaN,NaN
0.264,7197002.5,5846553,8773511,5734789,11765870,6296125,6607854,NaN,NaN,NaN,NaN,NaN
0.271,7192072,5803730,8678056,5707224,11665607,6286104.5,6553143,NaN,NaN,NaN,NaN,NaN
0.278,7229343,5747052,8535498,5693953,11530081,6334866,6600716,NaN,NaN,NaN,NaN,NaN
0.285,7229752,5650920,8462069,5713587,11544681,6402796,6663249,NaN,NaN,NaN,NaN,NaN
0.292,7279441,5567502,8438702,5711312.5,11643805,6467273,6716256,NaN,NaN,NaN,NaN,NaN
0.299,7240502.5,5490129,8357438.5,5690523,11657080,6449378,6710953,NaN,NaN,NaN,NaN,NaN
0.306,7265406,5489125,8356348.5,5610524,11625559,6433456,6596254,NaN,NaN,NaN,NaN,NaN
0.312,7312571,5535584,8360830,5631664,11501726,6478982,6503558,NaN,NaN,NaN,NaN,NaN
0.319,7464861,5503694,8292513,5700316,11554453,6454946,6592230,NaN,NaN,NaN,NaN,NaN
0.326,7855742,5505787,8245389,5701294.5,11999436,6396964,6719969,NaN,NaN,NaN,NaN,NaN
0.333,8068336,5559251,8200222.5,5651853,12606511,6470000,6801881,NaN,NaN,NaN,NaN,NaN
0.34,8053329,5490507,8171484,5615479,12543069,6501585,6746098,5760181.5,NaN,NaN,NaN,NaN
0.347,8111161,5520097,8193894,5624075,12696559,6455594,6732675,5763799,NaN,NaN,NaN,NaN
0.354,8130201,5537481,8236102,5667595,12710844,6446877,6694826,5781034,NaN,NaN,NaN,NaN
0.361,8137578.5,5472626,8206386.5,5637813,12596334,6504106.5,6665708.5,5741250,NaN,NaN,NaN,NaN
0.368,8204230,5505635,8138552,5612447,12537443,6602992,6673907.5,5689402,NaN,NaN,NaN,NaN
0.375,8221918.5,5516571,8140039,5655379,12334158,6569748.5,6655685.5,5649094,NaN,NaN,NaN,NaN
0.382,8216016,5507815,8123225.5,5659246,12193294,6461127,6667077,5615673,NaN,NaN,NaN,NaN
0.389,8354809,5500317,8161040,5641184,12188352,6506355.5,6688406.5,5623432,NaN,NaN,NaN,NaN
0.396,8405145,5464664,8181982,5641425,12293122,6514923,6693645,5586189,NaN,NaN,NaN,NaN
0.403,8360607,5486477,8343179,5598747,12550903,6578029,6668629.5,5627858,NaN,NaN,NaN,NaN
0.41,8382857,5416170,8431241,5560142,12622099,6609088.5,6656657,5694920,NaN,NaN,NaN,NaN
0.417,8482993,5398551,8474290,5554596,12490440,6553517,6689524.5,5662457,NaN,NaN,NaN,NaN
0.424,8579337,5397659,8414044,5519692,12427718,6482762,6717854.5,5689833,NaN,NaN,NaN,NaN
0.431,8555140,5407691,8395130,5561245,12340417,6465890,6722290,5660067,NaN,NaN,NaN,NaN
0.437,8627530,5416271,8426482,5585714,12147636,6560344.5,6707887,5631578,NaN,NaN,NaN,NaN
0.444,8676435,5458824,8444360,5653776,12130271,6585392,6628733,5593960,NaN,NaN,NaN,NaN
0.451,8626357,5548968,8494009,5701412,12207804,6543418.5,6651026.5,5585537,NaN,NaN,NaN,NaN
0.458,8613753,5539477,8549228,5704640,12181603,6580910,6671614,5615826,NaN,NaN,NaN,NaN
0.465,8679045,5489410,8489601,5769756.5,12044503,6565711,6630947,5587295,NaN,5646304,NaN,NaN
0.472,8832459,5510783,8527888,5786049,12061128,6555936,6637685,5591426,NaN,5649599,NaN,5628293
0.479,8948202,5493455,8554138,5846779,12110566,6569692,6661502.5,5661056,NaN,5711601.5,NaN,5650976
0.486,9051761,5534091,8504948,5862857,12022093,6531348,6632171.5,5610532,NaN,5685780,NaN,5702274
0.493,9100274,5492844,8461396,5844647.5,12041476,6491249,6566243.5,5629474,NaN,5675894,NaN,5633847
0.5,9167832,5469341,8450438,5862392,11999396,6474683,6610851,5640784,NaN,5730705.5,NaN,5570485
0.507,9128644,5539613,8491564,5848474,11788941,6450350,6625149,5655338,NaN,5732297.5,NaN,5616914
0.514,9108681,5482139,8456187,5908306,11688421,6476772,6579606,5651531,NaN,5771205,NaN,5555278
0.521,9096219,5482949,8434020,5863076,11815803,6446335,6666359.5,5678285,NaN,5769822,NaN,5535000
0.528,9085208,5492796,8402903,5803224,11678568,6430097,6677105,5696216,NaN,5740961,NaN,5542535
0.535,9160788,5482178,8292179,5809223,11520906,6447108,6666810.5,5666769,NaN,5732004,NaN,5548687
0.542,9173111,5489752,8234710,5875465.5,11529678,6473049,6666421.5,5654017,NaN,5738653,NaN,5618777
0.549,9213754,5515896,8239923,5850997,11575006,6444698,6684617,5623272,NaN,5761871.5,NaN,5719298
0.556,9229603,5477080,8173095,5818225,11552521,6357999.5,6722227,5691957,NaN,5712949,NaN,5650413
0.562,9216450,5515349,8157309,5806316,11509850,6380583,6693966,5679292,NaN,5707214.5,NaN,5624502
0.569,9232834,5570323,8135076,5806871,11724489,6372040.5,6754505,5617714,NaN,5759624,NaN,5670616
0.576,9286590,5562187,8048640,5812057,11825700,6358341,6784338,5628174,NaN,5809687,NaN,5707188.5
0.583,9262180,5542362,8067958.5,5732131,11491003,6360346,6680442,5671352,NaN,5786250,NaN,5760040.5
0.59,9270080,5565674,8046907,5700343,11145553,6391965.5,6553254.5,5677647,NaN,5791095,NaN,5763030
0.597,9326845,5585868,7963865,5710199,10904726,6379687,6526749,5716991.5,NaN,5774410.5,NaN,5832959
0.604,9314771,5602403,7971398,5718414.5,11269177,6288366,6646223,5822763,NaN,5722294.5,NaN,5936303
0.611,9309540,5666175,8111323,5700600,12098963,6245371.5,6829963.5,5929345,NaN,5725176.5,NaN,5980110
0.618,9384508,5685801.5,8129506,5666197,12092467,6331889.5,6857832,5954820,NaN,5743267,NaN,6073609
0.625,9384508,5685801.5,8129506,5665905,12092467,6331889.5,6857832,5950919,NaN,5743267,NaN,6073609
0.632,9431531,5706719.5,8136383,5719464,12071912,6334258,6873107,5978625,NaN,5719533,NaN,6070176.5
0.639,9371536,5700636,8097064,5710823,11975488,6342834.5,6886175.5,6053551,NaN,5799432.5,NaN,6109380.5
0.646,9392181,5716244,8126185,5712814,12026584,6313845.5,6855618.5,6110194,NaN,5828420,NaN,6208878
0.653,9362888,5739164,8152969,5686390,12009732,6350801,6920396,6155422,NaN,5789045.5,NaN,6376383
0.66,9343181,5749405.5,8179719,5628573,11892956,6327120,7000395,6138196,NaN,5800296,NaN,6347424.5
0.667,9422523,5677064,8245590,5612040,11803913,6306611,6935443,6160743.5,NaN,5830711,NaN,6361877
0.674,9469721,5693970,8256025.5,5573093,11843847,6315452,6985040,6204076.5,NaN,5835429,NaN,6385042
0.681,9539443,5681433,8283306,5565580,11888914,6285314,7024435,6150415.5,NaN,5830183,NaN,6372623
0.687,9560404,5642312,8302947,5565418,11736281,6265554,7009876,6168476,NaN,5802393,NaN,6367431
0.694,9561142,5566216,8402444,5580256,11613785,6232146,7001815,6261482,NaN,5816117,NaN,6433644.5
0.701,9562546,5591995,8484752,5602070,11561746,6215403.5,6990788.5,6270918.5,NaN,5846936,NaN,6477995.5
0.708,9547381,5626379,8543457,5576795,11504485,6248429.5,6961020,6403071.5,NaN,5804054,NaN,6591387
0.715,9614067,5590321,8642218,5564614,11337375,6264553,6921569,6412276.5,NaN,5773580,NaN,6742976
0.722,9625893,5473035,8723564,5583443,11157635,6261190.5,6907281,6428383,NaN,5775896.5,NaN,6721540
0.729,9556243,5426250,8690646,5546122,11152167,6274994,6909479,6474116,NaN,5720059,NaN,6620405
0.736,9523360,5410284,8721878,5548096,11144927,6218455,6863121,6492234,NaN,5656823,NaN,6579562
0.743,9535067,5374080,8771502,5590594,11139449,6142260,6819234,6522452,NaN,5678953,NaN,6722527
0.75,9592134,5340920,8742534,5554135,11066129,6131280,6786147,6560529,NaN,5662012,NaN,6737972
0.757,9595098,5248859,8750031,5593095,11014152,6147425,6859744,6534031,NaN,5621343,NaN,6705591.5
0.764,9595831,5207613,8724072,5684896,11027548,6151900,6862081,6549301,NaN,5608177,NaN,6766035
0.771,9528465,5213977,8636807,5629783,11021331,6178619,6828692.5,6621387,NaN,5609303,NaN,6967552
0.778,9472255,5209700,8605833,5538294,10996776,6115370,6917571.5,6644972.5,NaN,5672726,NaN,7048657
0.785,9500855,5139973,8518574,5567794,11027238,6096113,6911839,6688604,NaN,5644646,8479733,7093005.5
0.792,9517956,5145131,8453188,5586021,11052448,6108428.5,6893388,6701743,NaN,5650272,8533423,7165571.5
0.799,9546352,5156341,8436065,5586961,11165350,6104738,7013653,6692485.5,NaN,5687139,8632430,7054074
0.806,9530190,5119131,8390634,5598963,11150571,6094028,7055330,6749160,NaN,5703695.5,8718510,6969168.5
0.812,9582239,5093896,8316612,5637653,11504644,6083683.5,7088646,6589034,NaN,5783512,8823629,7020746
0.819,9620523,5161136,8250576.5,5674307,11837313,6109017,7242952,6468069,NaN,5828464,8886564,7076442
0.826,9632678,5164373,8159290,5681757,12004450,6112578,7348951.5,6468242,NaN,5786473.5,8936158,7102796
0.833,9674519,5149125,8110569.5,5662157,12006207,6086176.5,7390471.5,6501839.5,NaN,5823998,9028472,7199338
0.84,9713404,5151469,7997022.5,5640756,11913204,6059261,7404910,6501335.5,NaN,5853808.5,9123688,7385353
0.847,9644647,5168056,7855872,5654665,11892616,6062835,7482701,6524453.5,NaN,5894590,9080334,7388141.5
0.854,9674974,5176098,7762973,5671045,11741739,6040181,7473105,6634482,NaN,5903273,9081508,7244551
0.861,9703453,5220413,7709690,5612887,11659403,6042943.5,7396877,6746927,NaN,5901828,9109876,7160466.5
0.868,9703653,5258021,7584869.5,5569906,11576136,6055819,7369039.5,6879401,NaN,5904524,9057836,7099109.5
0.875,9650271,5300516,7570572,5581605,11705645,6015733,7346858,6894656,NaN,5898474,9092699,7178269.5
0.882,9591772,5337670,7543014,5576175,11588932,5953084,7320358,6882909.5,NaN,5842136.5,9206004,7344654
0.889,9545237,5293160,7481707,5559905,11526634,5901269,7358627.5,6860823,NaN,5883120,9209886,7235852.5
0.896,9560153,5255223,7373063,5552441,11452875,5907713,7383210,6834348.5,NaN,5932703,9236031,7054343.5
0.903,9590080,5329407,7288952,5531968,11538562,5917594.5,7355368,6826638,NaN,5917548,9322208,6933479
0.91,9546969,5333584,7278878,5521581,11568853,5854572,7327952,6841899.5,NaN,5862999,9307011,6838339
0.917,9483901,5300530,7237217.5,5531997,11612041,5799956,7347790.5,6838155,NaN,5890579,9180363,6832389.5
0.924,9418988,5341888,7248975,5541928,11603694,5859892,7320616.5,6859506,NaN,5924086.5,9175591,6963582
0.931,9341306,5385691,7260452,5528162,11551775,5824147,7285635,6868529,NaN,5887956.5,9193237,7199880
0.937,9314967,5312846,7251675,5520140,11426143,5853602,7290694.5,6770742,NaN,5911287.5,9057203,7039711
0.944,9281938,5350853,7285445.5,5543864,11367602,5847714,7340435.5,6772494,NaN,5928877,9040248,6718162
0.951,9232552,5420110,7238451,5510609,11281824,5782092,7283590.5,6730466,NaN,5919116,9039800,6599420
0.958,9238999,5409842,7275019.5,5515607,11198197,5767927,7185817,6703702,NaN,5920314.5,9043724,6537078
0.965,9287456,5376992,7301547,5492806,11140308,5726667.5,7102602.5,6724837,NaN,5897959,9000574,6517497
0.972,9250521,5389743,7254910,5467478,11070761,5739069,7080329,6683642,NaN,5836965,8989359,6407566
0.979,9255193,5402163,7266039.5,5474588,10951809,5766901,7020189,6661504,NaN,5842336.5,8970708,6438470
0.986,9276927,5375463,7302891,5525581,10983834,5719620,7011416.5,6670089,NaN,5863512,9028439,6625259
0.993,9321372,5368140,7327736,5515740,11006513,5692472,7021499,6691344.5,NaN,5826097,9040147,6576287
1,9368718,5323532,7354819,5474463,11064076,5701161,6955329,6654655,NaN,5791531,8967014,6264788
1.007,9317332,5290896,7315838.5,5529737,11106707,5688781.5,6942660,6581471,5189412,5776048,8926794,6169832
1.014,9186356,5319608,7338505,5564899,11052296,5647399,6924183.5,6629283,5180279,5830866,8942214,6093598
1.021,9141011,5285461,7320896,5462982,11006629,5613410,6863199,6684484,5148020,5822608,8875806,6028401
1.028,9182472,5283910,7344081,5429741,10957455,5577047,6882501.5,6777951,5198179,5774851.5,8785590,6070880
1.035,9175005,5265309,7312704,5472371,10799939,5589952,6870327,6712832,5179004,5701474.5,8755738,6163993
1.042,9187775,5258894,7305294,5532418,10808615,5547889,6879816,6409202,5180176,5687158,8695371,6181992
1.049,9184566,5304679,7252180,5539674,10888863,5500424,6949103.5,6277495.5,5173540,5675298,8667556,6193762.5
1.056,9202855,5219784,7228066.5,5525968,10767358,5488648,6861083.5,6289897,5208610,5649925,8661348,6190958
1.062,9245894,5194625,7311718.5,5519541,10693803,5468239,6872604,6400337.5,5234426,5613888,8661246,6184904.5
1.069,9193632,5199040,7272486.5,5523232,10681564,5487230,6907620,6637172,5240123,5605914,8635858,6183643
1.076,9149511,5158936,7205552,5513644,10524337,5455453,6863807.5,6662341,5244955,5628142,8662772,6154182
1.083,9194013,5126513,7249431,5485896,10585127,5424346,6857742.5,6681485,5242360,5607463,8679935,6267150
1.09,9211483,5123811,7363199,5518116,10488044,5432066,6835471.5,6639584,5231247,5555735,8662676,6352161.5
1.097,9225179,5125802,7356009,5505489,10404375,5423435,6844930,6628101,5228132,5551821,8554096,6336740
1.104,9223347,5193672,7312141,5481341,10449011,5391346,6863549,6634566,5249334,5598140,8493047,6344697
1.111,9238724,5231919,7259565.5,5474112,10490290,5349941,6908783,6651790.5,5256627,5622465,8404485,6397932
1.118,9305366,5144867,7224765,5493071,10445020,5306741,6928270,6681893.5,5247903,5639753,8451275,6384218
1.125,9388193,5079700,7245364,5530056,10493689,5303746,6904966,6723385,5205586,5635725,8476361,6348814.5
1.132,9408145,5034958,7218947.5,5532606,10511617,5344957,6925167,6711060,5162195,5621738,8448010,6410046.5
1.139,9376789,5057345,7246719,5498575,10490294,5310484,7005457,6684324.5,5186390,5650432,8521369,6464825
1.146,9321366,5118318,7298739,5499552,10534789,5302010,7107251.5,6690705,5220488,5664122,8411370,6529335
1.153,9236267,5132349,7287303,5526930,10506022,5307322,7158959.5,6731807,5253373,5680156,8329657,6517839.5
1.16,9264047,5055639,7291300,5560098,10421705,5237599,7092806,6731753,5278176,5693256,8305443,6525178
1.167,9294516,5062907,7341183,5543705,10253344,5245793,7068853,6657056.5,5265098,5676435,8284295,6563756
1.174,9337157,5061315,7284274,5607146,10091988,5243224,7054822,6636144,5216940,5689745,8353808,6621364
1.181,9392503,5040602,7234167,5540459,10000986,5223311,7040158.5,6692393,5248508,5692232.5,8340014,6634450
1.187,9386536,5022284,7201776.5,5489064,9970400,5207849,7043774.5,6762298.5,5234320,5694716,8205301,6604024.5
1.194,9304989,5029488,7168363.5,5517241,9912562,5205453,6952907,6738437,5253906,5673375,8197780,6645634
1.201,9250589,5043754,7169012,5490402,9871027,5201172,6959280,6693094,5233488,5675847,8339144,6701081.5
1.208,9300501,5009662,7178589,5490137,9813875,5218837,6876029.5,6683046,5233404,5731530,8274063,6750702.5
1.215,9260815,4992133,7113600.5,5512092,9748532,5200478,6818981,6690337,5203441,5689715,8209448,6729429.5
1.222,9304416,4998440,6981473.5,5490364,9815223,5184423,6846502,6732527,5213310,5709205,8312577,6628047
1.229,9401989,4984809,6939387.5,5467108,9771129,5190612,6808883,6764950,5262093,5752356,8213100.5,6682019
1.236,9482988,5018784,6964405,5394240,9805684,5144542,6811394,6744751,5284218,5763550.5,8188909.5,6702544
1.243,9488478,5005617,6890825,5391239,9763399,5127985,6836080.5,6785074.5,5233797,5823958,8215382,6728105.5
1.25,9537580,4957596,6860566,5414370,9565778,5166688,6732249.5,6821555,5289016,5821259,8145324,6766584
1.257,9517595,4900384,6922030,5374411,9467975,5175511,6708084,6855631,5306843,5834895,8115281,6734634.5
1.264,9547664,4848807,6824451.5,5359871,9531685,5123017,6700932,6866668,5270365,5845922,8154778,6689761
1.271,9486724,4975216,6748071,5420036,9480024,5146360,6662411,6897981,5236616,5866778,8206359,6714063
1.278,9398294,4723311,6773388,5457515,9408522,5100090,6595076,6880292.5,5237960,5847480.5,8248696.5,6726252
1.285,9407865,4998347,6740803.5,5391487,9315956,5122575,6568861,6898988.5,5247434,5830336,8277410,6639428
1.292,9411556,4923465,6730889,5390293,9367068,5198722,6538008,7056293,5248648,5887530,8187955.5,6607763
1.299,9427815,4852239,6781124,5422161,9305152,5244613,6515459.5,7192759,5270340,5944086.5,8189195.5,6698044
1.306,9490516,4856373,6791902,5399897,9188718,5216354,6503504,6989355.5,5317802,5911614.5,8195831,6761324
1.312,9548602,4823928,6740132,5407186,9055033,5183769,6453087,6879567,5316749,5868064,8212647,6699306
1.319,9516970,4828571,6747454.5,5434362,8998921,5157507,6375753,6842527,5292181,5912920,8222493.5,6646220
1.326,9586174,4835555,6732513,5487194,9031197,5146880,6323439.5,6797676,5348842,5932592,8202477,6602064.5
1.333,9670233,4817112,6709764,5451010,8983928,5168356,6292002,6790853,5417997,5914836,8216737,6579127
1.34,9717651,4798518,6663187,5391840,9036972,5183695,6334298,6815949,5413407,5926617.5,8236745,6606818.5
1.347,9762717,4806429,6605681,5424002,8937687,5197602,6388272.5,6862877,5389455,5951997,8227937.5,6632698.5
1.354,9776104,4837921,6586735,5452525,8898000,5156279,6371900.5,6875648,5344671,5981262,8221620,6730303
1.361,9803047,4817549,6544098,5421294,8906321,5151421,6364453.5,6768805,5357952,6042103,8261818,6698499
1.368,9814355,4813406,6522096,5376907,8905445,5180893,6345803,6724006.5,5439883,6064214,8354721.5,6676332
1.375,9843000,4811541,6497818.5,5395458,8921335,5100303,6267577,6747745,5410071,6060330,8397366,6676131
1.382,9761888,4864725,6420574,5418411,8898221,5087201,6340470,6820012,5415252,6032435,8372406,6647962
1.389,9806657,4835537,6394994,5412308,8878918,5149346,6325556,6857387,5469586,5962027.5,8430173,6674130
1.396,9782565,4799143,6470244.5,5385849,8754773,5179710,6252650,6811263.5,5491178,5969272,8484642,6661193
1.403,9643973,4834514,6487148,5331752,8690258,5172214,6303810.5,6850023.5,5476764,6015371.5,8479843,6644423
1.41,9627564,4850111,6422930.5,5342626,8761547,5115544,6296106.5,6881957,5457729,6037378,8465370,6616373
1.417,9681838,4821785,6370992,5303898,8746276,5099855,6253821.5,6918462.5,5436394,6057759.5,8482300,6648053.5
1.424,9664625,4840837,6362991,5349729,8702049,5115144,6211677,6961331,5409716,6043630,8451701,6615279
1.431,9553559,4873592,6282374,5404900,8672457,5092279,6205567.5,6859102,5479958,6066990.5,8423566,6562551
1.437,9617944,4903154,6212926,5431494,8631686,5073223,6276017,6893428,5452295,6077354,8426052,6596003.5
1.444,9698781,4911048,6248806,5426900,8579398,5099201,6341867,6955726,5378338,6121280,8464846,6603090
1.451,9600370,4871577,6304288,5380970,8434738,5117788,6317428,6934201.5,5441953,6128174,8479143,6568731
1.458,9587061,4853637,6325461,5378150,8330748,5098262,6325770,6920462.5,5421192,6109574,8501569,6590996
1.465,9576077,4825817,6324497,5395548,8314638,5056930,6338866,6926164.5,5412735,6118735,8488999,6674852.5
1.472,9501150,4839256,6305806.5,5429529,8328290,5058877,6259336,6911037,5466123,6107162,8514180,6745261
1.479,9492318,4854184,6330628,5449253,8330091,5088488,6206254.5,6904606,5536714,6139067.5,8536880,6717014
1.486,9616213,4849113,6344617,5512665,8290818,5136275,6166356.5,6954822.5,5545428,6214378.5,8638081,6777125
1.493,9461744,4855462,6358718.5,5509388,8334110,5111275,6179035,7076068.5,5527636,6244035,8616894,6892360.5
1.5,9359590,4846360,6358622,5460504,8383302,5050451,6167929,7075688,5525757,6251324.5,8584894,6929865
1.507,9293759,4853049,6372213,5452131,8412931,5062176,6136284.5,6994966.5,5535752,6290334.5,8577180,6994020
1.514,9287495,4846957,6344402.5,5455424,8358748,5102300,6087415,6844798,5555079,6300181,8431248,7106560.5
1.521,9328792,4769129,6322174,5434666,8308027,5067371,6095614,6773911.5,5579942,6254923,8447438,7067126.5
1.528,9288195,4801803,6388317,5425967,8300924,5017899,6072092,6754283,5546586,6216810,8591315,7047139
1.535,9187480,4836772,6461777,5443643,8351575,5061489,6078620,6754290,5518851,6260897.5,8642678,7139257.5
1.542,9238488,4794383,6451744,5422983,8356597,5066548,6164789,6790443.5,5511830,6295791,8674737,7285206
1.549,9247183,4789428,6378854,5393123,8185193,5093416,6112697,6821744,5503756,6317002,8733248,7315625
1.556,9192316,4784496,6363917,5384589,8224847,5037385,6112597,6756607,5564216,6322405,8712868,7379443
1.562,9143145,4780365,6456727.5,5401192,8319009,5004628,6175172.5,6805671,5595614,6308702,8654470,7437339
1.569,9330402,4770009,6449011.5,5444872,8374765,5074770,6154216,6889729.5,5617392,6334243.5,8706301,7355748.5
1.576,9389388,4775044,6443037.5,5460668,8343558.5,5043630,6115170,6863984,5616265,6337272,8709943,7291806
1.583,9362671,4786525,6435674,5453194,8205019,5015224,6142095,6801575,5594672,6323997,8673437,7330707
1.59,9376197,4775868,6483690.5,5506918,8139896,5059562,6135987,6824257,5557478,6362720,8677166,7399533.5
1.597,9441007,4791319,6507201,5552170,8215766,5028635,6166693,6882072.5,5568042,6545514,8706507,7454656
1.604,9486880,4814563,6475190,5471263,8405772,4998856,6285881.5,6946612,5598271,6697908,8795197,7444545
1.611,9533654,4769849,6415865.5,5465943,8324660,5010347,6338742,6977429,5568236,6708166.5,8815195,7399998
1.618,9562236,4734775,6400919,5555710,8147133,4998316,6282199,6907680,5560661,6543438,8827205,7414689
1.625,9500838,4735360,6439925,5573489,8123213.5,5022874,6252056,6739711,5556264,6503825.5,8894295,7427868
1.632,9494421,4755513,6414183,5541527,7944527,5026942,6201610,6533822.5,5582929,6523872,8799072,7334877
1.639,9460693,4726880,6496016,5527941,7494315,4982358,6125074,6336002,5605607,6554338,8718568,7237093
1.646,9427421,4704145,6473519,5573741,7258617,4993567,6029611,6300964.5,5605933,6556552,8695237,7225503.5
1.653,9404014,4690198,6399271,5528484,7263938,4978756,5964221,6305776,5633665,6587998.5,8626146,7138381
1.66,9427063,4703816,6420667.5,5489277,7381140.5,4967693,6064429,6321005,5607835,6624203,8668222,7077260
1.667,9436277,4733561,6469201,5539263,7703484,5042518,6203679,6498705,5601083,6603519,8747391,7115813
1.674,9399430,4772443,6478917,5575272,8088747,5032555,6257887,6645752,5612934,6570824,8717895,7097514.5
1.681,9396275,4780083,6406987.5,5574559,8037908.5,5000104,6295379,6683172,5542468,6610037,8715403,7074589
1.687,9373244,4762260,6411597,5584650,7980861.5,5002632,6231216,6597269,5523521,6613658,8758410,7030100
1.694,9366085,4775024,6442522,5582601,7905724,4969121,6155637,6553778,5568894,6651407,8753751,7003480
1.701,9387326,4754479,6499932,5516993,7935671,4954416,6133606,6622131.5,5552772,6715577,8624363,6978519.5
1.708,9409851,4770395,6434461,5549027,7950293,4951198,6172632,6594287,5552765,6748464,8689692,6923096
1.715,9322245,4794032,6429136.5,5572449,7884309.5,4921967,6150392,6640749,5544409,6755356,8703802,6849955
1.722,9276233,4832643,6399868.5,5526078,7885924.5,4937572,6120137.5,6708708,5517982,6761591,8733646,6889424
1.729,9258899,4856825,6408525,5462856,7895370.5,4924445,6161130,6716414,5526491,6809720,8736064,6903910
1.736,9203881,4879609,6505563,5414136,7920230.5,4895456,6108860,6789526.5,5532101,6770142,8678715,6804970
1.743,9182666,4855024,6609358,5437265,7865217,4876738,6046717,6815957,5540221,6733566,8639747,6781059
1.75,9225294,4822247,6603248,5436947,7860034,4889962,6062931,6827652,5517616,6895400.5,8625381,6741554
1.757,9225773,4856743,6564168,5350019,7853669.5,4911258,6063202,6798457,5475157,6939020,8587711,6672871
1.764,9244012,4876237,6559533,5342617,7881774.5,4879748,6066073.5,6795793,5509733,6852663,8555701,6677758
1.771,9207119,4884359,6583299,5410734,7955354,4888110,6050018,6784504,5512910,6781442.5,8646442,6704161.5
1.778,9149204,4912062,6588172,5392731,7862427,4871907,6069150,6718311,5502417,6775518,8734579,6738468
1.785,9113183,4897667,6560520.5,5329496,7866010,4863077,6072138,6654644.5,5526545,6798813,8730121,6710690
1.792,9095722,4925205,6554784,5337983,7861796,4881140,6103293,6703803,5561787,6862255,8728651,6676944
1.799,9057213,4946729,6558771.5,5313574,7871396,4870319,5995594,6727407,5578611,6951315,8707033,6677068
1.806,9096224,4956890,6597408.5,5324539,7839447.5,4867992,5922665,6636354.5,5531243,6798213,8724504,6711416
1.812,9128991,4931748,6524359,5319272,7680346,4860097,5875185,6500848,5502706,6798228,8810954,6787095.5
1.819,9178877,4941242,6434980,5359578,7391171,4874487,5807089.5,6451264.5,5570315,6909828,8892215,6851343
1.826,9127614,4975315,6507442,5374759,7322251.5,4866598,5783946,6517070,5606483,6910418,8925442,6850057
1.833,9165600,4992044,6562096,5360747,7554487,4878680,5821089.5,6663855,5588537,6913710.5,8930005,6885910.5
1.84,9160542,5090144,6557108,5346550,7968800,4913999,5926523,6755367,5601782,7009383.5,9030008,6905527
1.847,9148621,5074278,6628247,5401981,8090778.5,4926772,6027869,6721993,5627423,7055778,9035362,6991196
1.854,9130964,5044401,6600977,5464304,8099155,4890514,5966860,6754941,5658890,7067275,9047017,6983104
1.861,9112374,5072672,6571019,5422968,8060831,4885731,5945592,6790185,5697909,7114567,8989660,6927508.5
1.868,9132260,5096496,6576365.5,5422676,8062000,4838990,5855510,6704298,5714002,7192050,8936443,6938021
1.875,9115279,5114096,6581654.5,5458643,8034517.5,4892596,5824687,6550817,5700552,7219913,9020885,6966323
1.882,9096357,5163472,6468435,5451162,8009269,4945706,5850037,6431520.5,5716087,7161346,9095400,6957790
1.889,9048882,5201167,6390404,5468440,7941827,4949529,5770630.5,6430318.5,5742707,7056924,9188207,6980296
1.896,9029791,5189469,6375187,5506452,7751731.5,4932622,5686143.5,6444097.5,5731530,6980946,9251266,6975743.5
1.903,9035169,5129461,6281592,5529912,7637608.5,4904370,5596902,6440969.5,5788168.5,6968991,9243366,6963059
1.91,9009902,5121831,6282551,5544931,7685093.5,4920496,5640057,6433684.5,5742726,6927111,9255786,6952567
1.917,9028744,5138093,6390169.5,5566416,7869374,4957539,5796308.5,6405657.5,5696937,6914696,9264444,6978202
1.924,9175438,5105514,6330418,5578787,7811437,4936434,5713756,6387613.5,5709569,6878558,9309396,6979964
1.931,9202149,5149385,6411769,5625230,7573404,4908829,5624237,6334517,5729121,6950778,9350695,6954287.5
1.937,9044508,5210127,6393388,5604243,7476081,4941235,5622657,6368498,5704323,6927018.5,9413539,6991393.5
1.944,8995908,5217189,6407828.5,5555015,7479642,4963853,5538588,6435079,5694268,6899758,9402628,6999320
1.951,8949411,5225341,6445317,5537039,7526668,4915818,5568701,6518852,5726074.5,6883071,9473823,6994641
1.958,8864923,5269703,6386136,5558569,7567366,4863248,5685391,6808796.5,5743281,6830521,9534925,7061937.5
1.965,8940649,5164953,6353310,5550629,7607642,4894662,5694429.5,6826071,5712820.5,6830158,9472169,7145693
1.972,8961898,5126811,6343167,5545342,7637058,4928331,5671909,6805175,5728007,6826866,9387273,7161451.5
1.979,8896683,5149937,6330113,5647288,7573780,4876290,5709349,6784396.5,5710297.5,6766723,9448011,7090200
1.986,8879529,5170710,6348242.5,5695967.5,7552288.5,4881333,5785548,6780146,5676303,6760418.5,9520367,7040238.5
1.993,8875162,5152079,6372516.5,5572157,7516424,4876819,5811298,6844060,5645680,6703785,9532845,7057845
2,8906518,5168055,6367940,5596785,7532619.5,4878949,5755728.5,6882315.5,5622949,6653698,9531144,7026672.5
2.007,8875197,5167674,6393355,5691697.5,7537651,4872889,5740141,6895975,5627599,6667328,9513948,7004380.5
2.014,8951657,5180690,6354205,5687356,7577125,4867292,5760810,6877504,5580313,6659599,9497855,6934902
2.021,9004508,5224866,6324573,5646442,7517814,4840096,5730530,6814357,5568823,6651859,9516134,6941158
2.028,9034154,5209283,6255680,5667322,7510470.5,4861521,5713493.5,6704131,5541699,6683196.5,9514967,6951387.5
2.035,9073217,5220344,6211230,5679457,7513227,4850436,5697473,6667109,5470305,6744832,9517167,6948899.5
2.042,9064966,5200012,6143521,5678870,7504566.5,4807890,5737901,6714660,5465342,6722227.5,9561170,6904859
2.049,9072158,5166024,6162139,5667502,7547411.5,4873659,5660074,6678564,5444747,6710694.5,9633148,6881580
2.056,9099245,5161929,6222383,5651360,7592940,4872049,5647823,6569572,5411431,6695627.5,9664445,6895045
2.062,9092191,5166862,6262060.5,5631570,7540370.5,4817191,5637457,6609393.5,5415192,6622368.5,9595148,6848924
2.069,9034412,5131118,6254389,5655592,7480274.5,4786327,5651494,6619106.5,5418608,6644818,9586088,6751902.5
2.076,9014243,5081826,6270298,5704875,7417390,4817972,5622522,6575542,5393392,6647225,9661854,6668835
2.083,9034290,5087956,6242750.5,5708245,7360360.5,4794642,5578507,6476696,5368427,6717516.5,9696173,6631143
2.09,9083522,5091749,6131831,5709941.5,7406562,4788219,5555143,6448545.5,5425765,6755417,9767261,6651483.5
2.097,9103715,5048846,6088350,5757777,7426366,4775354,5545214,6432946,5380198,6702602,9818579,6595835
2.104,8993376,5025039,6077942,5730735,7444729,4785748,5570033,6452176.5,5323731,6675947,9801850,6462017
2.111,8980393,5029929,6097562,5761493,7450380,4814977,5588156,6427437,5375379,6773266,9819395,6505054
2.118,8958745,5014101,6084239.5,5710907,7431277,4805865,5549592,6338716,5389323,6850433.5,9889082,6571688
2.125,8906782,5022036,6098519,5726661,7533114,4793772,5522206,6335572,5364137,6853071,9923477,6521215.5
2.132,8920468,5047619,6095875.5,5861173,7467414,4763408,5521494,6257424,5420606,6854992,9906561,6419288
2.139,8910025,5050572,6093556,5840523,7456770,4759039,5565689,6240332,5488940,6798689,9958991,6402361
2.146,8934909,5038873,6069741,5800555.5,7555765.5,4831466,5597830,6341278,5464789,6892423.5,10149491,6408579.5
2.153,8929544,5048205,6025418,5857794,7618131,4858005,5590690,6320183,5398227,6942452,10294061,6470790.5
2.16,8906247,5080204,6059209,5872376,7655314,4829986,5593519,6316717,5402869,6857005.5,10331417,6476820
2.167,8952477,5132147,6124377,5809743,7683388,4800048,5594231,6333444,5443864,6887537.5,10438909,6439754
2.174,8996497,5185065,6158417.5,5786164,7612898.5,4756385,5574130,6125216,5407285,7057429,10497602,6470387
2.181,9005749,5135566,6117176,5869930,7536350.5,4767091,5518742,5987702,5401793,7153691.5,10534948,6505115
2.187,9031718,5137179,6058229,5869465,7518823,4796279,5487921,5929819.5,5418483,7043829,10525658,6507512
2.194,9057372,5193212,6086300,5854996,7621963,4808968,5563818,5936459.5,5396685,6985631,10474247,6559779
2.201,9026568,5205130,6185955,5875862,7756085,4805687,5661780,5928694.5,5412782,7010945,10461577,6568194
2.208,9019567,5181325,6094290,5859421,7962478,4791821,5726102,5924399,5389653,7075965.5,10477577,6484344.5
2.215,9044582,5165148,6070204,5834627,8023254.5,4782721,5807598.5,5831639.5,5395830,7089639,10537380,6544559
2.222,9082930,5216101,6075446,5812461,8037377.5,4789624,5838866.5,5827161,5406365,7062856.5,10440241,6626947
2.229,9059558,5183906,6128427.5,5791803,8056191,4832913,5757112,5782982,5387189,6981909,10705056,6494046.5
2.236,9023735,5196472,6245203.5,5858927,8043878,4801039,5739679,5753853.5,5377334,6939941,10693870,6497390
2.243,9009463,5204095,6284460,5873177,8052367,4753338,5755675,5762647.5,5410398,6969675.5,10662732,6561259
2.25,9095797,5243331,6174495,5826197,8101178,4770421,5740825,5787137,5462449,7006380,10600836,6453750
2.257,9077961,5278799,6131347.5,5844629,8062291,4755638,5704493,5783237,5391217,6994071,10589511,6386982.5
2.264,8973836,5227122,6116220,5815716,7942199,4766320,5635846,5825829,5353752,6996500,10555804,6492454
2.271,8930135,5147194,6127109,5770233,7807434.5,4779128,5585225,5843116.5,5419103,6992594,10555292,6552588.5
2.278,8915887,5110382,6173716,5754353,7718289,4740824,5571866,5850735,5413430,7059426.5,10675995,6543325
2.285,8894265,5108112,6261754,5668198,7740907,4734669,5562752,5957690,5384244,7086494.5,10662340,6687395
2.292,8881314,5135033,6284542,5688755.5,7853820,4758566,5527596,6075862,5369432,7011866.5,10670133,6912043
2.299,8926489,5171973,6248521,5722246,7951349,4770979,5587280,6207042,5402285,7016933,10620883,6874808
2.306,8927832,5209892,6168979,5682940,8020911,4743472,5585375,6268852,5446828,7071340,10636390,6827006
2.312,8870881,5243294,6151444,5748522,8012955,4730961,5576684,6242285.5,5410143,6981572,10729817,6714443
2.319,8833772,5194119,6113272,5739020,7914885,4751407,5631627,6231785,5350162,6960571.5,10734566,6592869
2.326,8862352,5238596,6136316,5701892,7879347.5,4752370,5582833,6250770,5392585,6953769,10819402,6522452
2.333,8862336,5294375,6113064,5672400,7924548,4764639,5588143,6305391,5485678,6936955,10790958,6463367
2.34,8871701,5317119,6053139,5678152,7875952,4737977,5539063,6314590,5408892,6947676.5,10792666,6464446
2.347,8853889,5330441,6000719,5697094,7854734,4744751,5542958,6274040,5378996,6884627,10912513,6525404
2.354,8844384,5275421,6014296,5621711,7759070,4728698,5516669,6138603,5406831,6918737,10929923,6497652.5
2.361,8927607,5296109,6064396.5,5633588,7668669,4701036,5511812,6174810,5418905,6942428.5,10958839,6482609.5
2.368,8942300,5286046,6031651,5647081,7724904,4698197,5530402,6319599,5487120,6986628,10927370,6457219.5
2.375,8874044,5282647,6079489,5666014,7673105.5,4732154,5511918,6320607,5482162,6980568,10962577,6479071
2.382,8894983,5296893,6074572,5748053,7650417,4749241,5539988,6316483.5,5449163,6944100.5,11105364,6560895
2.389,8830273,5288814,6027186,5774726,7591948,4772813,5493323,6230509,5455122,6946805,11215517,6593694
2.396,8741178,5233782,6033493,5746107,7523511,4780296,5491487,6157233.5,5463811,6957230.5,11134610,6574905
2.403,8730328,5215742,6007946,5787041,7504220,4761182,5534636,6166853,5428846,6915407.5,10961392,6516719
2.41,8776925,5262709,5949734,5852359.5,7419110,4736785,5512100,6156237,5402708,6852821.5,10873747,6528600.5
2.417,8717704,5252528,5897585,5862600,7393479,4732234,5497957,6199236.5,5390247,6821387.5,10817391,6601276
2.424,8744074,5256940,5900266.5,5852426,7451183,4750747,5470371,6223447,5346921,6841527,10715114,6663899
2.431,8638431,5242642,5872151,5797884,7409581,4738686,5487774,6199346,5339699,6876684,10729058,6763447
2.437,8644023,5202108,5889818.5,5877162,7399019.5,4717132,5473953,6257854.5,5389949,6938776.5,10812337,6760346
2.444,8662015,5176485,5901164,5903391.5,7385245,4655191,5482461,6353816,5390204,6885328,10826281,6705506
2.451,8575978,5176499,5846303,5869615,7449715,4727519,5479367,6359524,5394207,6824535,10693796,6661302
2.458,8642504,5126846,5826399.5,5853537,7458059,4739388,5441087,6293310,5403885,6820689,10676727,6709275
2.465,8640479,5088240,5779489,5857362,7294527,4678516,5429411,6133801,5361790,6831491.5,10526309,6746730
2.472,8641472,5079292,5713040,5858218,7235334.5,4703598,5463857,6060216.5,5367159,6854560.5,10417839,6784655
2.479,8676889,5079109,5658691,5806930,7168312,4734020,5459662,6006607.5,5356338,6823911,10444165,6759635
2.486,8652353,5060559,5639810,5842546,7063579,4694627,5466796,6005707,5319871,6814668,10287681,6706997
2.493,8703793,5052926,5683299,5921576,7088084.5,4666231,5479286,6096198.5,5352030,6858383,10114134,6679904
2.5,8728836,5076835,5742926,5956516,7173836,4647660,5476651,6104384.5,5365584,6981310,10128387,6651322
2.507,8694771,5044784,5770061.5,5929694,7143853,4646863,5498513,6121767,5345359,6979955,10018890,6654724
2.514,8662549,5022944,5782652.5,5940934,7157064,4680008,5502140,6153381,5324629,7167957.5,9958517,6702343
2.521,8654914,4990721,5846699,5968833,7173935,4681353,5542624,6193610,5323182,7156976,9941827,6709273
2.528,8572734,5006213,5881465,6001353,7151645,4659438,5576973,6224685.5,5310398,7046871.5,10047101,6759553
2.535,8541120,5000229,5880821,5977311,7100834,4681172,5658314,6212200.5,5326040,7099927,10018535,6713706
2.542,8622230,5016728,5957157,6005733.5,7006349,4652281,5693959,6200265,5370757,7080041,9961473,6684928
2.549,8627647,5016049,5976788.5,6023409.5,6977775,4668324,5639645,6165399,5425199,7106294.5,10092807,6738758.5
2.556,8506065,5056653,6007639,5968511,6977232,4716931,5662032,6082433,5396151,7094161,10098112,6721894
2.562,8474604,5054616,6004649.5,5996235,7008271,4712665,5757436,6089087,5308836,7063132,10053654,6699385.5
2.569,8344172,5041163,5982711,6015142.5,7063089,4679139,5721571,6226134,5358474,7079252,9992625,6699663
2.576,8329157,5020101,5954186,6017247,7123462.5,4658411,5733340.5,6238481,5315699,7046716,10036591,6690750.5
2.583,8439270,5027045,5950496.5,6028227.5,7042714.5,4661090,5735157,6233852.5,5234239,6917327,10019781,6681725
2.59,8523957,5015453,6018338,6076353,7000472,4702872,5744105,6288118,5282800,6896778,10066185,6670383.5
2.597,8472791,4982207,5945085.5,6093833,7033374,4671632,5841667.5,6267566,5275832,6947024.5,10111397,6683224.5
2.604,8469206,4934833,5941544,6174921.5,7060331.5,4628407,5809837.5,6311320.5,5256350,6947593.5,10091997,6633167.5
2.611,8652302,4959732,6022408,6176002,7123668,4659963,5783793.5,6311425,5289816,6975230,10132954,6700965
2.618,8731140,5005671,6089327,6166411,7110077,4681880,5748942,6268978,5265517,6963282,10215433,6776851.5
2.625,8723323,4980962,6173542.5,6156470,7129296,4660188,5724186,6290132,5263130,6966387,10236283,6812319
2.632,8744703,4945035,6193041,6146095,7271225,4684495,5775010,6267133,5256131,6858241,10342269,6835241
2.639,8776331,4983860,6235091,6105972,7316511.5,4664296,5772033,6285734,5281581,6802800,10224135,6802161.5
2.646,8736247,4959748,6288510,6118111,7333767,4678869,5690320,6426507,5324910,6804605,10170800,6781657
2.653,8686316,4975269,6271010,6114895,7390349,4674592,5732998,6725617,5300117,6777215,10288322,6808489
2.66,8708621,4987118,6319961,6036203.5,7378589,4693741,5750001,6744708,5324598,6730759.5,10484349,6849069.5
2.667,8678125,5014483,6362106.5,5996587,7262733.5,4676687,5671657,6789759,5338945,6780014.5,10409775,6901619
2.674,8635436,5025219,6379223,6023043.5,7195028,4633614,5666524,6800620,5289314,6785258.5,10430040,7008818
2.681,8539172,4976017,6401513,6066338.5,7175840,4615942,5676432,6693334,5282184,6756940,10544637,7075096
2.687,8534923,5010051,6404935,6060342,7241965,4586095,5711894,6722311,5339324,6799666.5,10658393,7065799
2.694,8553238,5017640,6412632,6018759,7247128,4583570,5711976,6737584,5362478,6832733,10756734,7125461.5
2.701,8539025,5000854,6400558.5,5949119,7181491.5,4599401,5700529,6711977,5341547,6862753,10807213,7188799.5
2.708,8514258,5063325,6349227,5917666,7242569,4608578,5641557,6756636.5,5384638,6884108,10882913,7264293
2.715,8455952,5096727,6364378,5926171,7239885.5,4616566,5633176,6841336,5382643,6823563,10909990,7323551
2.722,8464946,5066698,6332782,5876330,7279654,4628390,5678627,7057762,5360669,6799220.5,10888451,7290988
2.729,8373473.5,5130074,6308828.5,5880970,7392640,4609348,5683225,7114552,5410996,6862555.5,10931050,7261415
2.736,8325754,5152050,6346140,5883493,7388474,4603001,5726747.5,7178654,5424891,6935853,11016852,7258832
2.743,8356164,5156610,6354356,5856127,7379889,4655688,5704266,7214799,5339577,6961942.5,11052512,7335796
2.75,8408800,5129122,6320908,5892903,7471225,4644485,5666481,7254335,5283013,6962578.5,11141605,7371827.5
2.757,8325264,5154980,6302864,5907967,7509549,4662109,5649674,7289410,5265055,6970953,11242569,7480977.5
2.764,8251540.5,5190828,6316403,5867127,7462954,4654072,5637357,7320298,5217211,6889249,11457880,7591644.5
2.771,8233693.5,5170842,6301072,5891631.5,7372959,4658068,5657596,7393998.5,5263553,6879616,11480248,7739301
2.778,8223000,5148023,6325843,5852403,7387592.5,4627417,5644694,7387708,5320988,6891889.5,11452095,7758331.5
2.785,8226268.5,5180852,6368386,5836567,7388443.5,4615361,5649904,7368101,5324087,6881633,11536567,7667314.5
2.792,8366370,5174977,6328792,5865118.5,7411127.5,4643984,5636359,7359619,5319510,6935453,11546115,7715612
2.799,8361880,5166296,6346870,5882930,7451752,4671610,5624349,7281175,5284488,6902268,11584154,7754629.5
2.806,8232023.5,5187277,6337071,5863207,7439247,4696254,5640753,7256003,5259413,6944622,11571440,7681091
2.812,8103196,5202201,6363402,5843450,7394039.5,4680284,5643748,7228925,5263966,7020352,11469325,7666381
2.819,8095324.5,5229839,6391130.5,5847022,7338974,4672650,5624642,7234155.5,5247962,7028321.5,11348682,7657021.5
2.826,8158459.5,5199732,6330329,5886500,7393463.5,4669492,5627064,7194898,5288632,6964155,11210827,7564549
2.833,8203414,5204188,6284967.5,5886920,7391020.5,4691103,5644355,7133676,5319906,7091036,11059165,7539756.5
2.84,8299266,5191006,6311011.5,5872327,7389901,4684551,5635201,7126407,5333620,7260952,11010674,7523428.5
2.847,8236455.5,5201634,6335629,5859890,7397510.5,4653444,5642119,7144739,5324667,7158802,10974916,7516716.5
2.854,8165339,5246708,6314164,5878651,7443684.5,4641460,5633392,7129952,5311676,7089018,10954602,7541101
2.861,8157449,5252080,6265223.5,5826327,7551318,4694046,5624671,7142169,5318156,7132907,10891405,7509572
2.868,8059534,5231399,6263200,5812733,7596948.5,4670984,5622897,7176771,5372432,7163144.5,10798092,7402772
2.875,8046164,5198811,6227929,5836145,7589956,4656040,5615465,7039305.5,5360529,7178372,10826759,7361843
2.882,7985240,5235619,6183253.5,5832341,7626705,4711681,5534216,6737926.5,5318743,7192642,11063693,7367468
2.889,7950086,5207252,6174811,5789432,7609285,4711366,5482040,6549455,5357754,7242268,11595063,7312345
2.896,7993407.5,5163746,6216378.5,5755792,7588240,4642883,5475714,6507627,5435033,7205731,11877369,7256948
2.903,8002859,5148375,6211088,5803234,7494802,4649556,5443349,6505590,5421213,7155994,11875939,7221897
2.91,8018333.5,5143469,6184789,5852071,7398349.5,4643439,5387314,6529919,5386379,7224937,12021751,7277238
2.917,7921726,5135070,6200142,5823497,7413495,4635350,5395272,6597524,5381765,7198755,12153872,7285862
2.924,7936925,5174659,6284596.5,5809020,7399226.5,4649642,5455585,6615672,5435958,7233545,11943632,7176441
2.931,7951602,5168441,6300248,5857690,7409298,4698241,5469793,6649877,5466174,7341132.5,11625925,7119274.5
2.937,8023858,5153970,6322175.5,5919419,7389240.5,4714241,5465411,6754676,5437304,7411150,11326759,6962538.5
2.944,8092490.5,5197412,6330705.5,5929305,7378835,4634315,5475295,6839473,5443516,7477295,11095080,6908059.5
2.951,8028411,5203785,6263941.5,5934122,7368007,4633351,5448333,6886419.5,5431707,7523193,11059593,6972153
2.958,7966974.5,5131199,6242621,5909255,7331222,4650440,5471344,6870835,5423703,7545761,11218819,6903323
2.965,7964371,5114883,6262064.5,5936471.5,7356370,4666505,5486464,6868303,5409028,7584369,11446192,6859053
2.972,8015953,5141726,6201916,5958323,7369681,4681219,5477808,6827659,5331437,7576183,11509772,6934232
2.979,7988406.5,5138107,6131757.5,5949683.5,7414258,4682813,5498423,6860300,5322881,7472762,11575189,6842434
2.986,7961021,5210556,6128660,5977861,7421738.5,4669256,5517773,6867894,5383493,7388729.5,11637515,6772844.5
2.993,8011996,5186096,6082736,6006284.5,7416410,4640675,5539158,6855137,5380496,7442969.5,11447853,6750268.5
3,8055126,5180242,6055372.5,5968048.5,7433684,4627031,5538441,6947836,5401405,7415073,11211961,6766039
3.007,8039910.5,5179746,6038605,5915956,7450634,4636108,5576315,6971297,5361517,7430597.5,10927982,6695383.5
3.014,7952096.5,5196169,6071783,5915147,7438315,4648846,5581462,6980702,5293211,7476048,10973643,6634893
3.021,7910749,5221196,6084867.5,5822805.5,7424428.5,4679779,5538234,7068169,5283903,7412887,11246855,6668925
3.028,7939746.5,5210102,6087348,5793678.5,7392723,4679970,5497608,7098597.5,5287517,7493279.5,11255877,6753554
3.035,8005470.5,5217904,6090396.5,5829480,7513821,4674591,5527067,7104766,5289125,7523673,11080007,6725154
3.042,7946100.5,5240502,6101772,5856755,7621754,4675091,5528729,7109007.5,5301798,7560680.5,10938955,6685037
3.049,7918495.5,5273364,6152940.5,5881801,7701168,4660087,5551787,7114449,5274627,7644403,10848492,6619822.5
3.056,7958130,5246504,6190827.5,5904783,7826048,4691367,5573147,7245538,5258823,7792384,10690763,6675658
3.062,7980198,5186935,6172095,5944941,7710029,4738160,5601301,7338156.5,5295371,7749434,10879634,6774600.5
3.069,8047216.5,5205035,6227296,5919961,7702071,4731658,5629710,7421586,5342179,7697186,11065123,6817344.5
3.076,8054387,5296841,6262829,5934816,7798833,4704778,5660242,7468856,5350350,7849522,11085339,6849889
3.083,8107484,5361782,6246740,5993047,7710887,4687208,5635702,7556211.5,5368634,7834911,11155332,6891255.5
3.09,8128901.5,5336450,6241536,6023499,7635745,4703679,5577885,7752851,5399430,7845964,11313660,6909280.5
3.097,8160899,5361779,6252538,6050807,7664774,4718929,5645768,7838797,5372193,7856627,11452536,6942934
3.104,8223116,5393247,6242862,6054577.5,7617848,4712065,5684801,7831494,5372162,7825891.5,11497444,6992090.5
3.111,8212378,5439255,6223640,6036595.5,7545060,4714677,5659042,7790374.5,5412663,7807024,11549548,7032229
3.118,8326976,5439593,6215721,6056725.5,7600833.5,4711066,5613411,7704781,5376476,7790137,11659796,7106724
3.125,8299931,5426637,6143806,6063482,7607675,4730498,5595661,7679578.5,5359208,7762777.5,11688673,7168896
3.132,8234849,5497204,6069192,6056430,7605742,4694999,5558498,7712929,5337851,7707660,11709016,7163852.5
3.139,8219860.5,5487108,6038427,6079984,7549917,4686142,5557240,7736292,5348123,7666281,11650816,7234189
3.146,8208866,5482712,6022489.5,6063108,7457364,4691052,5580701,7808194,5352126,7674483,11554714,7276744
3.153,8255763.5,5517756,6017849,5993951.5,7431249,4705229,5617717,7843522.5,5341788,7708837,11506380,7225911.5
3.16,8301032.5,5557339,5968767.5,5994978.5,7491371,4721428,5557988,7734155,5351002,7739429,11557928,7261167
3.167,8301895,5570517,5935245,6047928,7545723.5,4725503,5550273,7550079,5360097,7801335.5,11541145,7363323
3.174,8328926,5574736,5865755,5968536,7552695,4731131,5548263,7394105,5335388,7766744,11521432,7417863
3.181,8326400,5555192,5901631,5932223,7608116,4718467,5522016,7363443.5,5347652,7778078,11536239,7434475.5
3.187,8233429,5608468,5943927.5,5930532.5,7646481,4695330,5522306,7369185,5361755,7747926,11612354,7376097
3.194,8166342,5623076,5854023,5886789.5,7638978,4683012,5534972,7391890,5387247,7734828,11609572,7395423.5
3.201,8188541,5620359,5804193,5864161,7674524,4707557,5605574,7455135.5,5337525,7765993,11549922,7475156.5
3.208,8178035,5632314,5813773,5803800.5,7638018.5,4733944,5558112,7511928,5309107,7801126,11438023,7447754
3.215,8129788,5664241,5789573,5772181.5,7550344,4731335,5533413,7469303,5350275,7680791,11276519,7423336
3.222,8201528,5641728,5806798.5,5808845.5,7557599.5,4735379,5546534,7476056,5307226,7620789,11194838,7430264
3.229,8275256.5,5645773,5766129,5755142.5,7597665.5,4695686,5547151,7469760,5266395,7596563.5,11018612,7320804.5
3.236,8241345,5612991,5668867,5713700,7573450,4731009,5543839,7325656,5276324,7572194,10921546,7321267
3.243,8176607.5,5597495,5667262,5741329,7617454,4742872,5532160,7056367.5,5253039,7561552,10864443,7325397.5
3.25,8118576.5,5634372,5670747,5757900,7613655,4738700,5526450,6953704,5238763,7571163,10741434,7349136
3.257,8173690,5655160,5673715,5723931.5,7625733,4738079,5494441,6963103.5,5276125,7632423,10732622,7393384
3.264,8068909,5610012,5695739.5,5683856,7684664,4689146,5428108,6970183,5324959,7679049,10773317,7376808
3.271,8029155.5,5580999,5700394,5711669,7639127.5,4691359,5372501,7014273,5347316,7812381,10700889,7305846
3.278,8066779,5561417,5705845.5,5709179,7516009,4731063,5413137,7042908,5352203,7918868.5,10611284,7366356
3.285,8135830,5631620,5731269,5686298,7586762,4729110,5484230,7035661,5273437,7860046,10572898,7500727
3.292,8118775.5,5681982,5774288.5,5716374.5,7577622.5,4722669,5522575,6995738,5248033,7825783,10736377,7562707
3.299,8082352,5704978,5778267,5750444,7549249.5,4719623,5434131,7021389,5256364,7750336,10946463,7504681
3.306,8066359.5,5704013,5791587,5751246,7560693,4698462,5375401,6961638.5,5254302,7763162,11029363,7340478
3.312,8021096,5629710,5786244,5708980,7598738,4691912,5407754,6890705.5,5201903,7828875.5,11025202,7308058
3.319,8083700,5645210,5847025,5711323,7646545,4695188,5446647,6773533,5207177,7780886,11167632,7396211
3.326,8099865,5705994,5854703.5,5748430,7561299,4705249,5422957,6713055,5247379,7732437,11204086,7363990
3.333,8014497.5,5698003,5810111,5736270,7547551,4741113,5369457,6679307,5227865,7911179,11264185,7367722
3.34,7967786,5685851,5818018,5700923.5,7598110,4739565,5401126,6658661,5245143,8099792,11370739,7332951
3.347,7891044.5,5698476,5833257,5658214,7634869,4698130,5432579,6706426.5,5209665,7945371,11593610,7344760
3.354,7901067.5,5721605.5,5807177,5698189.5,7603929,4701941,5463428,6801019.5,5217253,7795857,11729032,7342762
3.361,7893976,5726123,5751789.5,5679583,7564610,4705419,5484305,6848219,5274807,7717127,11725941,7356963
3.368,7893218,5717550,5738272,5654978,7571003,4685346,5431602,6873637,5239490,7714889,11772394,7374817
3.375,7885184,5708192.5,5745117,5700651,7526575,4724977,5409379,6822521,5214234,7802848.5,11878293,7354045
3.382,7889409,5699483,5806076,5685235,7565450,4698476,5401834,6736695.5,5229386,7834865,11794933,7371201.5
3.389,7884700,5648538,5821488,5676722,7508476,4670803,5344077,6764338,5210598,7783887,11746489,7308043
3.396,7863367.5,5629481,5711243,5675323,7532491,4667834,5365554,6744491.5,5201537,7812476,11862022,7296922
3.403,7879265.5,5695827,5658492,5673043,7575542.5,4694136,5383862,6713374,5232174,7912624,11922052,7216233.5
3.41,7910814,5697610,5656326,5665395,7530791,4689431,5392220,6817739,5231945,7911270,11945381,7159708
3.417,7905983,5686550,5643478,5683740,7550669,4698686,5382169,6829206.5,5225325,7901560,11888396,7150278
3.424,7948888.5,5754613,5587023,5745941,7549292,4663005,5330340,6879471,5218117,7877434.5,11819298,7079133
3.431,7923670,5851868.5,5617273,5727329,7545620.5,4653849,5315999,7036550,5238923,7826915.5,11758422,6986319
3.437,7882585,5892052,5694224,5680471,7554253.5,4689332,5368171,6984078,5211612,7828795,11679298,6947380
3.444,7873922,5863044,5662102,5663351,7594589.5,4666493,5320331,6861327,5202316,7843750,11645296,6954568
3.451,7911374.5,5957126,5691348.5,5670706,7604894.5,4657720,5320086,6849337,5199766,7797378,11702336,6962388.5
3.458,7970091,5993777,5751503.5,5709355,7574675,4637140,5389129,6818915.5,5180053,7849039.5,11799543,6933253
3.465,7961204,5986606,5748981,5733793,7537843,4660286,5389975,6777881,5162286,7904428,11715532,6895834
3.472,7911702.5,6036313,5705283,5728159,7481449,4606729,5442355,6756986,5116811,7902866,11618005,6836779
3.479,8001019,6024570,5659336,5726738,7444161,4595491,5451970,6761148,5116126,7884698,11633208,6841121.5
3.486,8116162,6032733.5,5685902.5,5715645.5,7454783.5,4667939,5476234,6765209,5173993,7846540,11662614,6796342.5
3.493,8042023,5994215,5732392,5682830,7459753,4649908,5522758,6708227.5,5191681,7855329.5,11693613,6773092.5
3.5,8034629,5933749,5778703,5720023,7427078,4638152,5497139,6733532.5,5205630,7862339,11687998,6848966
3.507,8089651,5913439,5778412,5755072.5,7382901,4621476,5468046,6727979,5241372,7879770,11623060,6870022
3.514,8073719,5911712.5,5822064.5,5789527,7376095,4662495,5525459,6735129.5,5216133,7958911.5,11568647,6817612
3.521,8038532,5959927,5808564,5744737,7383928,4694899,5522840,6767522.5,5189778,8091920,11553568,6816028
3.528,7999107,5949822,5769354,5763538,7426196,4651147,5536899,6776224,5185703,8082506.5,11607951,6850574.5
3.535,8004217,5934947.5,5775386.5,5769872,7419211,4607214,5556834,6929930,5231701,7957250,11626678,6791118.5
3.542,7969307.5,6002082,5724101,5722524,7443109.5,4636656,5510764,7060655,5246693,8020537,11685225,6789789
3.549,7939499,6112662,5780622,5739355,7460474,4665049,5501730,7041116,5268343,7897367,11777509,6801414
3.556,8012024,6161107.5,5783898.5,5707843,7409057,4646793,5519938,6797047,5273202,7820370,11740052,6752153.5
3.562,7987782,6183424,5797807,5706202,7407088,4631067,5510639,6654131,5240471,7884191,11709260,6669093.5
3.569,7945480,6312336,5824437,5745041,7436231,4604890,5506298,6617575.5,5215102,7897865,11721286,6711235
3.576,7970888,6325380.5,5871340.5,5818336,7518263.5,4616859,5563120,6631095,5233152,7838555,11675281,6733728
3.583,7853985,6268201,5853932,5796539,7517166.5,4646955,5549138,6578695.5,5200246,7782720.5,11689518,6669022
3.59,7840217,6242577,5834036,5777512,7487200,4675727,5543585,6520601.5,5221026,7887349.5,11657672,6695049
3.597,7820074.5,6157168.5,5833199,5764600,7522878,4624547,5600284,6524246,5263874,8008310,11657716,6746378.5
3.604,7744603,6135621,5824830,5701115,7523921,4614700,5567171,6643353,5260244,8053313,11548965,6763522.5
3.611,7756426,6084215.5,5849925.5,5705695,7462937,4646661,5473525,6667176,5217407,8031859,11483331,6788807
3.618,7732051,6097364,5826204,5675916,7464204,4645929,5473066,6684814.5,5205204,8059646.5,11503580,6772763
3.625,7783904.5,6131026,5814998,5675172,7528310,4638540,5463118,6637336,5184589,8011587,11481918,6707268.5
3.632,7814961,6184225,5841419.5,5680587,7494784,4656366,5495759,6618739.5,5144965,8040831.5,11436723,6730527
3.639,7776961.5,6192312,5844168,5685620,7504966,4666766,5547562,6623965,5142254,8105430.5,11286238,6714201.5
3.646,7757548.5,6165336.5,5904178,5737086,7493194,4639960,5518526,6660697,5209648,8245664,11230777,6766071.5
3.653,7692981,6196721.5,5944875,5748772,7380028,4636512,5466055,6640152.5,5199201,8308577,11299889,6743659.5
3.66,7637165.5,6173490,5936387,5781756,7412225,4673068,5487440,6634141,5208126,8264186,11424398,6697071
3.667,7606616,6096933,5879361.5,5682247,7506234,4661717,5453648,6647695,5226358,8185378.5,11447888,6640366
3.674,7537803.5,6056149,5899358,5587057,7485490,4643252,5401651,6687756,5241168,8166244,11393653,6679299.5
3.681,7548047,6026107.5,5913155,5539198,7465187,4641119,5373689,6734607,5230869,8097268.5,11390695,6660701
3.687,7548433.5,6055223,5892613.5,5571676,7451459,4654390,5390386,6689586,5253939,8087670,11382158,6628612
3.694,7515196,6125896,5937483,5512556,7408368,4638293,5398704,6609446,5307260,8089378,11366201,6566016
3.701,7485279.5,6051244,5902249,5453996,7416258,4615754,5421436,6518254,5315732,8074345,11432221,6554842
3.708,7508308.5,6002283.5,5846826,5471572,7406307,4611961,5424528,6499942.5,5364685,7974131,11428159,6563852
3.715,7487805,6032538.5,5821192.5,5432160,7331456.5,4662286,5353897,6381092,5292784,7824890.5,11489342,6563805
3.722,7480035,6024757.5,5823741,5387854,7287907,4675786,5367249,6278620,5219969,7725875,11534410,6583749
3.729,7513607.5,5997624,5802967,5362197,7312351.5,4658269,5428117,6236704,5280939,7780966.5,11605321,6551299.5
3.736,7566642.5,5950465,5815409,5368255,7350071.5,4640415,5422351,6261342,5272651,7858917.5,11578955,6627369.5
3.743,7595041,5942497.5,5834343,5399553,7412175,4624341,5425982,6220983,5304203,7821267,11679048,6699385.5
3.75,7535056,5962370,5765235,5385090,7359477,4670899,5419094,6182028,5325418,7623444.5,11935664,6731630
3.757,7495875.5,5965832.5,5808618.5,5357742,7366311,4695206,5439574,6228465,5336647,7553339,12081639,6699050
3.764,7461613,6019933,5798897.5,5422205,7422450,4676212,5515142,6246435,5342968,7640302.5,11971652,6653272.5
3.771,7503047,6095582.5,5793842.5,5496787,7442418,4687813,5505389,6271467,5337578,7626586.5,11931333,6653221
3.778,7401668,6145887,5813880,5518291,7375116.5,4684108,5506456,6274827,5311931,7690479.5,11963901,6661188
3.785,7377142,6113959.5,5757799,5474983,7362655,4691538,5557369,6292340,5295052,7607138.5,11987061,6666081
3.792,7462512,6100790,5711677,5408679,7397725,4706070,5552410,6316918,5360103,7652018,11945981,6613133
3.799,7484546.5,6101431,5674874,5385760,7420442,4734771,5604781,6301754,5377538,7751585,11884759,6635932
3.806,7353881,6066826,5692038,5434810,7461230,4729437,5591149,6329134.5,5351078,7689698,11814420,6688330
3.812,7396548.5,6068221,5712665.5,5484488,7457091,4678576,5536619,6366875.5,5344458,7601438.5,11874606,6658004
3.819,7483766,6102574,5704642,5522238,7467307,4654827,5580239,6370378,5323900,7519279,11846793,6629649
3.826,7496691,6132364.5,5623649,5516906,7465008.5,4638772,5621284,6336396,5320999,7574198,11789288,6641336
3.833,7489433,6125431.5,5610133,5529938,7485224,4651601,5664408,6357693.5,5378341,7628932,11873010,6787410
3.84,7423737,6082858,5645754,5546192,7491833.5,4644288,5640463,6381149,5350493,7603030,11887426,6864159
3.847,7397184.5,6090930.5,5680960,5578111,7468858,4715706,5600704,6406028.5,5364832,7607430,11834678,6892118
3.854,7367826,6089971.5,5619986,5557645,7501959,4756179,5532378,6459903,5358035,7568501,11658984,6912356
3.861,7318389.5,6032237,5588148,5500350,7529006,4708951,5485835,6433251,5317483,7594543,11584370,6875355.5
3.868,7267970,5983173.5,5579685,5469492,7535788,4714912,5415487,6330255.5,5326478,7616600,11468110,6856867.5
3.875,7265157.5,5931146.5,5577770,5467793,7530519,4781778,5386253,6351616,5337980,7616507,11360058,6918040.5
3.882,7235384,5961722.5,5552770,5387762,7466844.5,4803575,5420565,6377208,5349146,7600760,11423676,6974760.5
3.889,7210207.5,6005700,5514362,5340159,7471757,4724620,5434668,6375447.5,5341044,7591933.5,11533873,7008959
3.896,7176742,5961994.5,5491208,5360874,7541329.5,4736148,5443314,6395517.5,5355039,7651518,11568985,7049619
3.903,7126739,5984134.5,5509997,5302802,7498952,4750138,5423855,6332924,5393311,7725634,11521840,7087473
3.91,7141638,5953131.5,5459937,5288141,7390831,4717131,5400795,6309884,5418920,7720724,11528549,7121313
3.917,7054670,5915490,5443824,5276533,7450292,4722647,5405575,6345460,5473030,7682966.5,11462496,7186465
3.924,7016698,5921946.5,5418104,5250509,7568753,4746366,5399676,6307930.5,5494300,7776657,11363596,7165181.5
3.931,6997297.5,5964240,5440262,5271648,7564465,4728296,5362543,6279329,5458731,7792708,11354038,7198242
3.937,7007580.5,5940684.5,5490684,5308969,7510108,4746108,5375124,6260499,5489007,7748047,11302828,7163218
3.944,7058863,5928711,5448324,5279799,7532034,4738008,5352593,6230633.5,5442293,7713566.5,11320998,7074629
3.951,7024137.5,5965105,5455100,5234475,7507627,4714651,5353441,6235803,5441590,7768070,11347367,7104192.5
3.958,6941237,6020115,5486957,5208648,7490169,4723702,5391314,6243973,5446605,7701228,11265319,7080167.5
3.965,6990455.5,6050450,5440941,5171583,7508199,4769758,5354786,6228217,5473194,7686071.5,11182955,7115801
3.972,7044642,6046655.5,5423742,5182193,7453945,4754978,5348455,6248783,5461864,7657051,11191385,7115880
3.979,7221386,6264627,5656163,5386088,7759080,4919848,5572454,6451682,5634074,7861041,11460694,7240907.5
3.986,NaN,NaN,NaN,NaN,NaN,NaN,NaN,NaN,NaN,NaN,NaN,NaN
