LumiCycle: 2011-9-21_PDKO$fPL-10 (Raw),,,,
Date,Time (hr:min),Time (days),counts/sec, 
Baseline,,,,
9/21/2011,21:56,0.91389,57.639,38.978
9/21/2011,22:06,0.92083,57.303,38.965
9/21/2011,22:16,0.92778,56.533,38.953
9/21/2011,22:26,0.93472,55.994,38.941
9/21/2011,22:36,0.94167,51.947,38.928
9/21/2011,22:46,0.94861,51.328,38.916
9/21/2011,22:56,0.95556,49,38.904
9/21/2011,23:06,0.9625,47.835,38.891
9/21/2011,23:16,0.96944,45.921,38.879
9/21/2011,23:26,0.97639,45.921,38.866
9/21/2011,23:36,0.98333,45.592,38.854
9/21/2011,23:46,0.99028,46.289,38.842
9/21/2011,23:56,0.99722,45.592,38.829
9/22/2011,0:06,1.00417,45.571,38.817
9/22/2011,0:16,1.01111,44.971,38.805
9/22/2011,0:26,1.01806,45.571,38.792
9/22/2011,0:36,1.025,46.469,38.78
9/22/2011,0:46,1.03194,46.615,38.768
9/22/2011,0:56,1.03889,49.685,38.755
9/22/2011,1:06,1.04583,50.729,38.743
9/22/2011,1:16,1.05278,50.83,38.73
9/22/2011,1:26,1.05972,50.83,38.718
9/22/2011,1:36,1.06667,50.83,38.706
9/22/2011,1:46,1.07361,50.388,38.693
9/22/2011,1:56,1.08056,51.098,38.681
9/22/2011,2:06,1.0875,50.531,38.669
9/22/2011,2:16,1.09444,51.06,38.656
9/22/2011,2:26,1.10139,50.531,38.644
9/22/2011,2:36,1.10833,49.789,38.632
9/22/2011,2:46,1.11528,49.493,38.619
9/22/2011,2:56,1.12222,48.829,38.607
9/22/2011,3:06,1.12917,48.829,38.594
9/22/2011,3:16,1.13611,48.829,38.582
9/22/2011,3:26,1.14306,47.846,38.57
9/22/2011,3:36,1.15,48.481,38.557
9/22/2011,3:46,1.15694,47.654,38.545
9/22/2011,3:56,1.16389,47.646,38.533
9/22/2011,4:06,1.17083,46.926,38.52
9/22/2011,4:16,1.17778,46.995,38.508
9/22/2011,4:26,1.18472,46.995,38.496
9/22/2011,4:36,1.19167,47.023,38.483
9/22/2011,4:46,1.19861,47.023,38.471
9/22/2011,4:56,1.20556,46.477,38.458
9/22/2011,5:06,1.2125,46.477,38.446
9/22/2011,5:16,1.21944,46.477,38.434
9/22/2011,5:26,1.22639,46.161,38.421
9/22/2011,5:36,1.23333,46.161,38.409
9/22/2011,5:46,1.24028,46.407,38.397
9/22/2011,5:56,1.24722,46.407,38.384
9/22/2011,6:06,1.25417,46.083,38.372
9/22/2011,6:16,1.26111,46.083,38.36
9/22/2011,6:26,1.26806,46.979,38.347
9/22/2011,6:36,1.275,46.979,38.335
9/22/2011,6:46,1.28194,44.829,38.323
9/22/2011,6:56,1.28889,44.829,38.31
9/22/2011,7:06,1.29583,46.145,38.298
9/22/2011,7:16,1.30278,46.145,38.285
9/22/2011,7:26,1.30972,44.747,38.273
9/22/2011,7:36,1.31667,44.747,38.261
9/22/2011,7:46,1.32361,44.689,38.248
9/22/2011,7:56,1.33056,45.36,38.236
9/22/2011,8:06,1.3375,44.814,38.224
9/22/2011,8:16,1.34444,44.814,38.211
9/22/2011,8:26,1.35139,44.814,38.199
9/22/2011,8:36,1.35833,44.776,38.187
9/22/2011,8:46,1.36528,45.302,38.174
9/22/2011,8:56,1.37222,45.302,38.162
9/22/2011,9:06,1.37917,45.585,38.149
9/22/2011,9:16,1.38611,45.585,38.137
9/22/2011,9:26,1.39306,44.26,38.125
9/22/2011,9:36,1.4,44.26,38.112
9/22/2011,9:46,1.40694,44.26,38.1
9/22/2011,9:56,1.41389,43.657,38.088
9/22/2011,10:06,1.42083,43.497,38.075
9/22/2011,10:16,1.42778,42.817,38.063
9/22/2011,10:26,1.43472,41.211,38.051
9/22/2011,10:36,1.44167,41.211,38.038
9/22/2011,10:46,1.44861,41.265,38.026
9/22/2011,10:56,1.45556,41.265,38.013
9/22/2011,11:06,1.4625,41.062,38.001
9/22/2011,11:16,1.46944,41.062,37.989
9/22/2011,11:26,1.47639,40.39,37.976
9/22/2011,11:36,1.48333,40.685,37.964
9/22/2011,11:46,1.49028,40.685,37.952
9/22/2011,11:56,1.49722,40.685,37.939
9/22/2011,12:06,1.50417,40.777,37.927
9/22/2011,12:16,1.51111,40.847,37.915
9/22/2011,12:26,1.51806,41.163,37.902
9/22/2011,12:36,1.525,41.461,37.89
9/22/2011,12:46,1.53194,41.163,37.878
9/22/2011,12:56,1.53889,40.076,37.865
9/22/2011,13:06,1.54583,40.076,37.853
9/22/2011,13:16,1.55278,40.014,37.84
9/22/2011,13:26,1.55972,41.314,37.828
9/22/2011,13:36,1.56667,41.784,37.816
9/22/2011,13:46,1.57361,41.784,37.803
9/22/2011,13:56,1.58056,40.751,37.791
9/22/2011,14:06,1.5875,39.849,37.779
9/22/2011,14:16,1.59444,39.849,37.766
9/22/2011,14:26,1.60139,40.408,37.754
9/22/2011,14:36,1.60833,40.408,37.742
9/22/2011,14:46,1.61528,37.196,37.729
9/22/2011,14:56,1.62222,36.86,37.717
9/22/2011,15:06,1.62917,34.901,37.704
9/22/2011,15:26,1.64306,34.505,37.68
9/22/2011,15:36,1.65,34.256,37.667
9/22/2011,15:46,1.65694,33.984,37.655
9/22/2011,15:56,1.66389,33.984,37.643
9/22/2011,16:06,1.67083,34.096,37.63
9/22/2011,16:16,1.67778,34.584,37.618
9/22/2011,16:26,1.68472,35.112,37.606
9/22/2011,16:36,1.69167,35.112,37.593
9/22/2011,16:46,1.69861,34.971,37.581
9/22/2011,16:56,1.70556,34.971,37.568
9/22/2011,17:06,1.7125,36.211,37.556
9/22/2011,17:16,1.71944,37.161,37.544
9/22/2011,17:26,1.72639,37.265,37.531
9/22/2011,17:36,1.73333,38.147,37.519
9/22/2011,17:46,1.74028,39.105,37.507
9/22/2011,17:56,1.74722,39.789,37.494
9/22/2011,18:06,1.75417,39.789,37.482
9/22/2011,18:16,1.76111,39.701,37.47
9/22/2011,18:26,1.76806,39.701,37.457
9/22/2011,18:36,1.775,39.759,37.445
9/22/2011,18:46,1.78194,40.088,37.432
9/22/2011,18:56,1.78889,40.088,37.42
9/22/2011,19:06,1.79583,39.845,37.408
9/22/2011,19:16,1.80278,39.708,37.395
9/22/2011,19:26,1.80972,37.416,37.383
9/22/2011,19:36,1.81667,36.8,37.371
9/22/2011,19:46,1.82361,36.176,37.358
9/22/2011,19:56,1.83056,35.058,37.346
9/22/2011,20:06,1.8375,34.109,37.334
9/22/2011,20:16,1.84444,33.62,37.321
9/22/2011,20:26,1.85139,33.027,37.309
9/22/2011,20:36,1.85833,33.024,37.297
9/22/2011,20:46,1.86528,33.027,37.284
9/22/2011,20:56,1.87222,32.868,37.272
9/22/2011,21:06,1.87917,32.868,37.259
9/22/2011,21:16,1.88611,32.453,37.247
9/22/2011,21:26,1.89306,31.729,37.235
9/22/2011,21:36,1.9,32.453,37.222
9/22/2011,21:46,1.90694,33.783,37.21
9/22/2011,21:56,1.91389,33.792,37.198
9/22/2011,22:06,1.92083,33.783,37.185
9/22/2011,22:16,1.92778,33.792,37.173
9/22/2011,22:26,1.93472,34.013,37.161
9/22/2011,22:36,1.94167,35.013,37.148
9/22/2011,22:46,1.94861,36.698,37.136
9/22/2011,22:56,1.95556,37.525,37.123
9/22/2011,23:06,1.9625,38.6,37.111
9/22/2011,23:16,1.96944,38.6,37.099
9/22/2011,23:26,1.97639,37.995,37.086
9/22/2011,23:36,1.98333,37.995,37.074
9/22/2011,23:46,1.99028,38.588,37.062
9/22/2011,23:56,1.99722,38.588,37.049
9/23/2011,0:06,2.00417,38.651,37.037
9/23/2011,0:16,2.01111,38.561,37.025
9/23/2011,0:26,2.01806,38.561,37.012
9/23/2011,0:36,2.025,37.637,37
9/23/2011,0:46,2.03194,37.394,36.987
9/23/2011,0:56,2.03889,34.4,36.975
9/23/2011,1:06,2.04583,32.597,36.963
9/23/2011,1:16,2.05278,32.282,36.95
9/23/2011,1:26,2.05972,32.282,36.938
9/23/2011,1:36,2.06667,31.748,36.926
9/23/2011,1:46,2.07361,33.798,36.913
9/23/2011,1:56,2.08056,32.063,36.901
9/23/2011,2:06,2.0875,32.265,36.889
9/23/2011,2:16,2.09444,32.063,36.876
9/23/2011,2:26,2.10139,32.035,36.864
9/23/2011,2:36,2.10833,31.694,36.852
9/23/2011,2:46,2.11528,31.694,36.839
9/23/2011,2:56,2.12222,31.694,36.827
9/23/2011,3:06,2.12917,32.207,36.814
9/23/2011,3:16,2.13611,32.336,36.802
9/23/2011,3:26,2.14306,32.35,36.79
9/23/2011,3:36,2.15,32.35,36.777
9/23/2011,3:46,2.15694,33.484,36.765
9/23/2011,3:56,2.16389,33.484,36.753
9/23/2011,4:06,2.17083,33.487,36.74
9/23/2011,4:16,2.17778,35.876,36.728
9/23/2011,4:26,2.18472,36.508,36.716
9/23/2011,4:36,2.19167,36.508,36.703
9/23/2011,4:46,2.19861,36.508,36.691
9/23/2011,4:56,2.20556,36.679,36.678
9/23/2011,5:06,2.2125,36.755,36.666
9/23/2011,5:16,2.21944,37.037,36.654
9/23/2011,5:26,2.22639,37.037,36.641
9/23/2011,5:36,2.23333,37.037,36.629
9/23/2011,5:46,2.24028,36.779,36.617
9/23/2011,5:56,2.24722,36.305,36.604
9/23/2011,6:06,2.25417,34.429,36.592
9/23/2011,6:16,2.26111,34.132,36.58
9/23/2011,6:26,2.26806,32.48,36.567
9/23/2011,6:36,2.275,32.427,36.555
9/23/2011,6:46,2.28194,31.564,36.542
9/23/2011,6:56,2.28889,31.142,36.53
9/23/2011,7:06,2.29583,31.142,36.518
9/23/2011,7:16,2.30278,31.142,36.505
9/23/2011,7:26,2.30972,30.923,36.493
9/23/2011,7:36,2.31667,30.923,36.481
9/23/2011,7:46,2.32361,30.923,36.468
9/23/2011,7:56,2.33056,31.212,36.456
9/23/2011,8:06,2.3375,31.507,36.444
9/23/2011,8:16,2.34444,31.85,36.431
9/23/2011,8:26,2.35139,31.728,36.419
9/23/2011,8:36,2.35833,31.728,36.406
9/23/2011,8:46,2.36528,31.728,36.394
9/23/2011,8:56,2.37222,31.89,36.382
9/23/2011,9:06,2.37917,32.204,36.369
9/23/2011,9:16,2.38611,32.204,36.357
9/23/2011,9:26,2.39306,32.204,36.345
9/23/2011,9:36,2.4,32.355,36.332
9/23/2011,9:46,2.40694,32.354,36.32
9/23/2011,9:56,2.41389,32.721,36.308
9/23/2011,10:06,2.42083,32.721,36.295
9/23/2011,10:16,2.42778,32.781,36.283
9/23/2011,10:26,2.43472,33.03,36.271
9/23/2011,10:36,2.44167,33.03,36.258
9/23/2011,10:46,2.44861,33.03,36.246
9/23/2011,10:56,2.45556,33.819,36.233
9/23/2011,11:06,2.4625,35.106,36.221
9/23/2011,11:16,2.46944,35.166,36.209
9/23/2011,11:26,2.47639,35.191,36.196
9/23/2011,11:36,2.48333,35.548,36.184
9/23/2011,11:46,2.49028,35.548,36.172
9/23/2011,11:56,2.49722,35.548,36.159
9/23/2011,12:06,2.50417,35.161,36.147
9/23/2011,12:16,2.51111,33.984,36.135
9/23/2011,12:26,2.51806,33.13,36.122
9/23/2011,12:36,2.525,31.808,36.11
9/23/2011,12:46,2.53194,31.5,36.097
9/23/2011,12:56,2.53889,31.5,36.085
9/23/2011,13:06,2.54583,31.446,36.073
9/23/2011,13:16,2.55278,30.509,36.06
9/23/2011,13:26,2.55972,31.421,36.048
9/23/2011,13:36,2.56667,31.152,36.036
9/23/2011,13:46,2.57361,31.324,36.023
9/23/2011,13:56,2.58056,31.152,36.011
9/23/2011,14:06,2.5875,30.786,35.999
9/23/2011,14:16,2.59444,30.786,35.986
9/23/2011,14:26,2.60139,30.995,35.974
9/23/2011,14:36,2.60833,30.995,35.961
9/23/2011,14:46,2.61528,30.995,35.949
9/23/2011,14:56,2.62222,30.714,35.937
9/23/2011,15:06,2.62917,31.12,35.924
9/23/2011,15:16,2.63611,30.72,35.912
9/23/2011,15:26,2.64306,30.743,35.9
9/23/2011,15:36,2.65,30.743,35.887
9/23/2011,15:46,2.65694,30.807,35.875
9/23/2011,15:56,2.66389,30.969,35.863
9/23/2011,16:06,2.67083,31.181,35.85
9/23/2011,16:16,2.67778,30.969,35.838
9/23/2011,16:26,2.68472,31.181,35.826
9/23/2011,16:36,2.69167,31.102,35.813
9/23/2011,16:46,2.69861,31.102,35.801
9/23/2011,16:56,2.70556,31.102,35.788
9/23/2011,17:06,2.7125,31.273,35.776
9/23/2011,17:16,2.71944,31.529,35.764
9/23/2011,17:26,2.72639,31.529,35.751
9/23/2011,17:36,2.73333,31.529,35.739
9/23/2011,17:46,2.74028,31.425,35.727
9/23/2011,17:56,2.74722,31.425,35.714
9/23/2011,18:06,2.75417,31.425,35.702
9/23/2011,18:16,2.76111,32.63,35.69
9/23/2011,18:26,2.76806,33.089,35.677
9/23/2011,18:36,2.775,33.576,35.665
9/23/2011,18:46,2.78194,34.41,35.652
9/23/2011,18:56,2.78889,34.891,35.64
9/23/2011,19:06,2.79583,34.995,35.628
9/23/2011,19:16,2.80278,34.995,35.615
9/23/2011,19:26,2.80972,34.868,35.603
9/23/2011,19:36,2.81667,34.812,35.591
9/23/2011,19:46,2.82361,34.167,35.578
9/23/2011,19:56,2.83056,33.783,35.566
9/23/2011,20:06,2.8375,31.772,35.554
9/23/2011,20:16,2.84444,31.261,35.541
9/23/2011,20:26,2.85139,30.67,35.529
9/23/2011,20:36,2.85833,30.67,35.516
9/23/2011,20:46,2.86528,30.67,35.504
9/23/2011,20:56,2.87222,30.655,35.492
9/23/2011,21:06,2.87917,30.906,35.479
9/23/2011,21:16,2.88611,30.812,35.467
9/23/2011,21:26,2.89306,30.812,35.455
9/23/2011,21:36,2.9,29.874,35.442
9/23/2011,21:46,2.90694,29.458,35.43
9/23/2011,21:56,2.91389,29.289,35.418
9/23/2011,22:06,2.92083,29.258,35.405
9/23/2011,22:16,2.92778,29.258,35.393
9/23/2011,22:26,2.93472,30.221,35.38
9/23/2011,22:36,2.94167,30.935,35.368
9/23/2011,22:46,2.94861,31.061,35.356
9/23/2011,22:56,2.95556,31.061,35.343
9/23/2011,23:06,2.9625,30.279,35.331
9/23/2011,23:16,2.96944,29.959,35.319
9/23/2011,23:26,2.97639,30.279,35.306
9/23/2011,23:36,2.98333,31.204,35.294
9/23/2011,23:46,2.99028,31.204,35.282
9/23/2011,23:56,2.99722,30.6,35.269
9/24/2011,0:06,3.00417,30.158,35.257
9/24/2011,0:16,3.01111,30.158,35.245
9/24/2011,0:26,3.01806,30.743,35.232
9/24/2011,0:36,3.025,30.743,35.22
9/24/2011,0:46,3.03194,30.743,35.207
9/24/2011,0:56,3.03889,31.086,35.195
9/24/2011,1:06,3.04583,31.086,35.183
9/24/2011,1:16,3.05278,31.086,35.17
9/24/2011,1:26,3.05972,30.934,35.158
9/24/2011,1:36,3.06667,31.296,35.146
9/24/2011,1:46,3.07361,30.934,35.133
9/24/2011,1:56,3.08056,30.808,35.121
9/24/2011,2:06,3.0875,30.387,35.109
9/24/2011,2:16,3.09444,30.317,35.096
9/24/2011,2:26,3.10139,30.317,35.084
9/24/2011,2:36,3.10833,30.603,35.071
9/24/2011,2:46,3.11528,30.603,35.059
9/24/2011,2:56,3.12222,30.545,35.047
9/24/2011,3:06,3.12917,29.859,35.034
9/24/2011,3:16,3.13611,29.859,35.022
9/24/2011,3:26,3.14306,30.421,35.01
9/24/2011,3:36,3.15,30.97,34.997
9/24/2011,3:46,3.15694,31.178,34.985
9/24/2011,3:56,3.16389,32.341,34.973
9/24/2011,4:06,3.17083,32.378,34.96
9/24/2011,4:16,3.17778,33.262,34.948
9/24/2011,4:26,3.18472,34.481,34.935
9/24/2011,4:36,3.19167,34.481,34.923
9/24/2011,4:46,3.19861,34.908,34.911
9/24/2011,4:56,3.20556,34.143,34.898
9/24/2011,5:06,3.2125,34.908,34.886
9/24/2011,5:16,3.21944,34.75,34.874
9/24/2011,5:26,3.22639,34.75,34.861
9/24/2011,5:36,3.23333,34.603,34.849
9/24/2011,5:46,3.24028,31.191,34.837
9/24/2011,5:56,3.24722,31.191,34.824
9/24/2011,6:06,3.25417,29.891,34.812
9/24/2011,6:16,3.26111,29.603,34.799
9/24/2011,6:26,3.26806,29.603,34.787
9/24/2011,6:36,3.275,30.236,34.775
9/24/2011,6:46,3.28194,30.336,34.762
9/24/2011,6:56,3.28889,30.336,34.75
9/24/2011,7:06,3.29583,29.675,34.738
9/24/2011,7:16,3.30278,29.675,34.725
9/24/2011,7:26,3.30972,29.778,34.713
9/24/2011,7:36,3.31667,29.902,34.701
9/24/2011,7:46,3.32361,30.188,34.688
9/24/2011,7:56,3.33056,30.188,34.676
9/24/2011,8:06,3.3375,29.416,34.664
9/24/2011,8:16,3.34444,29.276,34.651
9/24/2011,8:26,3.35139,29.276,34.639
9/24/2011,8:36,3.35833,30.493,34.626
9/24/2011,8:46,3.36528,30.748,34.614
9/24/2011,8:56,3.37222,30.493,34.602
9/24/2011,9:06,3.37917,30.748,34.589
9/24/2011,9:16,3.38611,30.279,34.577
9/24/2011,9:26,3.39306,30.279,34.565
9/24/2011,9:36,3.4,30.279,34.552
9/24/2011,9:46,3.40694,30.047,34.54
9/24/2011,9:56,3.41389,30.047,34.528
9/24/2011,10:06,3.42083,30.047,34.515
9/24/2011,10:16,3.42778,30.004,34.503
9/24/2011,10:26,3.43472,29.887,34.49
9/24/2011,10:36,3.44167,29.887,34.478
9/24/2011,10:46,3.44861,29.715,34.466
9/24/2011,10:56,3.45556,30.018,34.453
9/24/2011,11:06,3.4625,29.602,34.441
9/24/2011,11:16,3.46944,29.731,34.429
9/24/2011,11:26,3.47639,29.731,34.416
9/24/2011,11:36,3.48333,30.094,34.404
9/24/2011,11:46,3.49028,30.094,34.392
9/24/2011,11:56,3.49722,29.82,34.379
9/24/2011,12:06,3.50417,29.399,34.367
9/24/2011,12:16,3.51111,29.399,34.354
9/24/2011,12:26,3.51806,29.876,34.342
9/24/2011,12:36,3.525,30.077,34.33
9/24/2011,12:46,3.53194,30.077,34.317
9/24/2011,12:56,3.53889,29.733,34.305
9/24/2011,13:06,3.54583,28.824,34.293
9/24/2011,13:16,3.55278,28.824,34.28
9/24/2011,13:26,3.55972,29.243,34.268
9/24/2011,13:36,3.56667,29.243,34.256
9/24/2011,13:46,3.57361,29.129,34.243
9/24/2011,13:56,3.58056,29.129,34.231
9/24/2011,14:06,3.5875,29.202,34.219
9/24/2011,14:16,3.59444,30.056,34.206
9/24/2011,14:26,3.60139,30.591,34.194
9/24/2011,14:36,3.60833,30.591,34.181
9/24/2011,14:46,3.61528,30.105,34.169
9/24/2011,14:56,3.62222,30.105,34.157
9/24/2011,15:06,3.62917,30.917,34.144
9/24/2011,15:16,3.63611,32.042,34.132
9/24/2011,15:26,3.64306,32.986,34.12
9/24/2011,15:36,3.65,34.063,34.107
9/24/2011,15:46,3.65694,34.162,34.095
9/24/2011,15:56,3.66389,34.162,34.083
9/24/2011,16:06,3.67083,34.37,34.07
9/24/2011,16:16,3.67778,34.733,34.058
9/24/2011,16:26,3.68472,34.733,34.045
9/24/2011,16:36,3.69167,34.262,34.033
9/24/2011,16:46,3.69861,33.983,34.021
9/24/2011,16:56,3.70556,33.983,34.008
9/24/2011,17:06,3.7125,33.455,33.996
9/24/2011,17:16,3.71944,31.225,33.984
9/24/2011,17:26,3.72639,30.165,33.971
9/24/2011,17:36,3.73333,29.993,33.959
9/24/2011,17:46,3.74028,29.993,33.947
9/24/2011,17:56,3.74722,29.211,33.934
9/24/2011,18:06,3.75417,29.211,33.922
9/24/2011,18:16,3.76111,29.473,33.909
9/24/2011,18:26,3.76806,29.473,33.897
9/24/2011,18:36,3.775,29.473,33.885
9/24/2011,18:46,3.78194,29.613,33.872
9/24/2011,18:56,3.78889,29.613,33.86
9/24/2011,19:06,3.79583,29.715,33.848
9/24/2011,19:16,3.80278,28.87,33.835
9/24/2011,19:26,3.80972,29.715,33.823
9/24/2011,19:36,3.81667,29.617,33.811
9/24/2011,19:46,3.82361,29.617,33.798
9/24/2011,19:56,3.83056,29.617,33.786
9/24/2011,20:06,3.8375,29.505,33.773
9/24/2011,20:16,3.84444,28.903,33.761
9/24/2011,20:26,3.85139,28.879,33.749
9/24/2011,20:36,3.85833,28.801,33.736
9/24/2011,20:46,3.86528,28.801,33.724
9/24/2011,20:56,3.87222,29.678,33.712
9/24/2011,21:06,3.87917,29.678,33.699
9/24/2011,21:16,3.88611,29.203,33.687
9/24/2011,21:26,3.89306,29.032,33.675
9/24/2011,21:36,3.9,28.99,33.662
9/24/2011,21:46,3.90694,28.99,33.65
9/24/2011,21:56,3.91389,29.832,33.638
9/24/2011,22:06,3.92083,29.832,33.625
9/24/2011,22:16,3.92778,28.86,33.613
9/24/2011,22:26,3.93472,28.455,33.6
9/24/2011,22:36,3.94167,28.44,33.588
9/24/2011,22:46,3.94861,28.44,33.576
9/24/2011,22:56,3.95556,28.543,33.563
9/24/2011,23:06,3.9625,28.543,33.551
9/24/2011,23:16,3.96944,29.025,33.539
9/24/2011,23:26,3.97639,27.556,33.526
9/24/2011,23:36,3.98333,28.801,33.514
9/24/2011,23:46,3.99028,28.801,33.502
9/24/2011,23:56,3.99722,28.801,33.489
9/25/2011,0:06,4.00417,28.174,33.477
9/25/2011,0:16,4.01111,28.174,33.464
9/25/2011,0:26,4.01806,28.194,33.452
9/25/2011,0:36,4.025,28.418,33.44
9/25/2011,0:46,4.03194,28.418,33.427
9/25/2011,0:56,4.03889,28.914,33.415
9/25/2011,1:06,4.04583,28.914,33.403
9/25/2011,1:16,4.05278,28.76,33.39
9/25/2011,1:26,4.05972,28.519,33.378
9/25/2011,1:36,4.06667,28.118,33.366
9/25/2011,1:46,4.07361,28.519,33.353
9/25/2011,1:56,4.08056,28.602,33.341
9/25/2011,2:06,4.0875,28.785,33.328
9/25/2011,2:16,4.09444,28.934,33.316
9/25/2011,2:26,4.10139,28.934,33.304
9/25/2011,2:36,4.10833,28.72,33.291
9/25/2011,2:46,4.11528,28.72,33.279
9/25/2011,2:56,4.12222,28.861,33.267
9/25/2011,3:06,4.12917,28.978,33.254
9/25/2011,3:16,4.13611,28.978,33.242
9/25/2011,3:26,4.14306,29.046,33.23
9/25/2011,3:36,4.15,29.291,33.217
9/25/2011,3:46,4.15694,29.046,33.205
9/25/2011,3:56,4.16389,29.462,33.193
9/25/2011,4:06,4.17083,29.017,33.18
9/25/2011,4:16,4.17778,29.006,33.168
9/25/2011,4:26,4.18472,29.004,33.155
9/25/2011,4:36,4.19167,29.004,33.143
9/25/2011,4:46,4.19861,29.123,33.131
9/25/2011,4:56,4.20556,29.876,33.118
9/25/2011,5:06,4.2125,30.572,33.106
9/25/2011,5:16,4.21944,32.124,33.094
9/25/2011,5:26,4.22639,33.802,33.081
9/25/2011,5:36,4.23333,34.02,33.069
9/25/2011,5:46,4.24028,34.02,33.057
9/25/2011,5:56,4.24722,34.396,33.044
9/25/2011,6:06,4.25417,33.876,33.032
9/25/2011,6:16,4.26111,33.558,33.019
9/25/2011,6:26,4.26806,33.558,33.007
9/25/2011,6:36,4.275,33.782,32.995
9/25/2011,6:46,4.28194,34.07,32.982
9/25/2011,6:56,4.28889,34.07,32.97
9/25/2011,7:06,4.29583,34.107,32.958
9/25/2011,7:16,4.30278,34.107,32.945
9/25/2011,7:26,4.30972,34.742,32.933
9/25/2011,7:36,4.31667,34.256,32.921
9/25/2011,7:46,4.32361,34.256,32.908
9/25/2011,7:56,4.33056,33.129,32.896
9/25/2011,8:06,4.3375,29.445,32.883
9/25/2011,8:16,4.34444,29.244,32.871
9/25/2011,8:26,4.35139,28.634,32.859
9/25/2011,8:36,4.35833,29.244,32.846
9/25/2011,8:46,4.36528,28.302,32.834
9/25/2011,8:56,4.37222,28.999,32.822
9/25/2011,9:06,4.37917,28.903,32.809
9/25/2011,9:16,4.38611,28.903,32.797
9/25/2011,9:26,4.39306,28.166,32.785
9/25/2011,9:36,4.4,28.166,32.772
9/25/2011,9:46,4.40694,28.862,32.76
9/25/2011,9:56,4.41389,28.862,32.747
9/25/2011,10:06,4.42083,29.076,32.735
9/25/2011,10:16,4.42778,29.076,32.723
9/25/2011,10:26,4.43472,29.076,32.71
9/25/2011,10:36,4.44167,28.164,32.698
9/25/2011,10:46,4.44861,28.164,32.686
9/25/2011,10:56,4.45556,28.46,32.673
9/25/2011,11:06,4.4625,29.447,32.661
9/25/2011,11:16,4.46944,29.242,32.649
9/25/2011,11:26,4.47639,29.242,32.636
9/25/2011,11:36,4.48333,29.134,32.624
9/25/2011,11:46,4.49028,28.692,32.612
9/25/2011,11:56,4.49722,28.66,32.599
9/25/2011,12:06,4.50417,28.207,32.587
9/25/2011,12:16,4.51111,27.659,32.574
9/25/2011,12:26,4.51806,27.659,32.562
9/25/2011,12:36,4.525,28.861,32.55
9/25/2011,12:46,4.53194,28.861,32.537
9/25/2011,12:56,4.53889,28.76,32.525
9/25/2011,13:06,4.54583,28.76,32.513
9/25/2011,13:16,4.55278,29.219,32.5
9/25/2011,13:26,4.55972,29.219,32.488
9/25/2011,13:36,4.56667,28.771,32.476
9/25/2011,13:46,4.57361,27.481,32.463
9/25/2011,13:56,4.58056,27.481,32.451
9/25/2011,14:06,4.5875,28.028,32.438
9/25/2011,14:16,4.59444,28.411,32.426
9/25/2011,14:26,4.60139,28.411,32.414
9/25/2011,14:36,4.60833,28.411,32.401
9/25/2011,14:46,4.61528,27.982,32.389
9/25/2011,14:56,4.62222,27.982,32.377
9/25/2011,15:06,4.62917,27.982,32.364
9/25/2011,15:16,4.63611,28.024,32.352
9/25/2011,15:26,4.64306,28.024,32.34
9/25/2011,15:36,4.65,27.979,32.327
9/25/2011,15:46,4.65694,27.765,32.315
9/25/2011,15:56,4.66389,27.909,32.302
9/25/2011,16:06,4.67083,27.909,32.29
9/25/2011,16:16,4.67778,27.909,32.278
9/25/2011,16:26,4.68472,28.208,32.265
9/25/2011,16:36,4.69167,26.935,32.253
9/25/2011,16:46,4.69861,27.623,32.241
9/25/2011,16:56,4.70556,27.623,32.228
9/25/2011,17:06,4.7125,27.687,32.216
9/25/2011,17:16,4.71944,27.687,32.204
9/25/2011,17:26,4.72639,27.687,32.191
9/25/2011,17:36,4.73333,27.079,32.179
9/25/2011,17:46,4.74028,27.81,32.166
9/25/2011,17:56,4.74722,27.701,32.154
9/25/2011,18:06,4.75417,28.195,32.142
9/25/2011,18:16,4.76111,27.701,32.129
9/25/2011,18:26,4.76806,28.195,32.117
9/25/2011,18:36,4.775,27.803,32.105
9/25/2011,18:46,4.78194,28.435,32.092
9/25/2011,18:56,4.78889,28.435,32.08
9/25/2011,19:06,4.79583,28.435,32.068
9/25/2011,19:16,4.80278,28.284,32.055
9/25/2011,19:26,4.80972,28.153,32.043
9/25/2011,19:36,4.81667,28.097,32.031
9/25/2011,19:46,4.82361,27.76,32.018
9/25/2011,19:56,4.83056,27.76,32.006
9/25/2011,20:06,4.8375,27.844,31.993
9/25/2011,20:16,4.84444,28.421,31.981
9/25/2011,20:26,4.85139,28.421,31.969
9/25/2011,20:36,4.85833,28.421,31.956
9/25/2011,20:46,4.86528,28.52,31.944
9/25/2011,20:56,4.87222,29.317,31.932
9/25/2011,21:06,4.87917,30.498,31.919
9/25/2011,21:16,4.88611,32.893,31.907
9/25/2011,21:26,4.89306,32.922,31.895
9/25/2011,21:36,4.9,32.922,31.882
9/25/2011,21:46,4.90694,32.922,31.87
9/25/2011,21:56,4.91389,32.7,31.857
9/25/2011,22:06,4.92083,32.273,31.845
9/25/2011,22:16,4.92778,32.439,31.833
9/25/2011,22:26,4.93472,32.439,31.82
9/25/2011,22:36,4.94167,32.463,31.808
9/25/2011,22:46,4.94861,32.827,31.796
9/25/2011,22:56,4.95556,32.827,31.783
9/25/2011,23:06,4.9625,32.827,31.771
9/25/2011,23:16,4.96944,31.662,31.759
9/25/2011,23:26,4.97639,31.605,31.746
9/25/2011,23:36,4.98333,31.605,31.734
9/25/2011,23:46,4.99028,31.554,31.721
9/25/2011,23:56,4.99722,31.554,31.709
9/26/2011,0:06,5.00417,28.504,31.697
9/26/2011,0:16,5.01111,28.096,31.684
9/26/2011,0:26,5.01806,28.096,31.672
9/26/2011,0:36,5.025,28.096,31.66
9/26/2011,0:46,5.03194,27.711,31.647
9/26/2011,0:56,5.03889,28.456,31.635
9/26/2011,1:06,5.04583,27.803,31.623
9/26/2011,1:16,5.05278,27.803,31.61
9/26/2011,1:26,5.05972,27.803,31.598
9/26/2011,1:36,5.06667,27.531,31.586
9/26/2011,1:46,5.07361,28.044,31.573
9/26/2011,1:56,5.08056,28.044,31.561
9/26/2011,2:06,5.0875,28.044,31.548
9/26/2011,2:16,5.09444,28.512,31.536
9/26/2011,2:26,5.10139,27.447,31.524
9/26/2011,2:36,5.10833,27.523,31.511
9/26/2011,2:46,5.11528,27.447,31.499
9/26/2011,2:56,5.12222,27.523,31.487
9/26/2011,3:06,5.12917,27.65,31.474
9/26/2011,3:16,5.13611,27.978,31.462
9/26/2011,3:26,5.14306,27.99,31.45
9/26/2011,3:36,5.15,28.107,31.437
9/26/2011,3:46,5.15694,27.99,31.425
9/26/2011,3:56,5.16389,27.536,31.412
9/26/2011,4:06,5.17083,27.044,31.4
9/26/2011,4:16,5.17778,26.453,31.388
9/26/2011,4:26,5.18472,26.453,31.375
9/26/2011,4:36,5.19167,27.939,31.363
9/26/2011,4:46,5.19861,27.939,31.351
9/26/2011,4:56,5.20556,27.847,31.338
9/26/2011,5:06,5.2125,27.128,31.326
9/26/2011,5:16,5.21944,27.128,31.314
9/26/2011,5:26,5.22639,27.273,31.301
9/26/2011,5:36,5.23333,27.273,31.289
9/26/2011,5:46,5.24028,27.004,31.276
9/26/2011,5:56,5.24722,26.677,31.264
9/26/2011,6:06,5.25417,27.004,31.252
9/26/2011,6:16,5.26111,27.037,31.239
9/26/2011,6:26,5.26806,27.19,31.227
9/26/2011,6:36,5.275,27.037,31.215
9/26/2011,6:46,5.28194,27.19,31.202
9/26/2011,6:56,5.28889,26.903,31.19
9/26/2011,7:06,5.29583,27.058,31.178
9/26/2011,7:16,5.30278,25.906,31.165
9/26/2011,7:26,5.30972,26.165,31.153
9/26/2011,7:36,5.31667,26.165,31.14
9/26/2011,7:46,5.32361,26.363,31.128
9/26/2011,7:56,5.33056,26.837,31.116
9/26/2011,8:06,5.3375,26.575,31.103
9/26/2011,8:16,5.34444,26.837,31.091
9/26/2011,8:26,5.35139,26.923,31.079
9/26/2011,8:36,5.35833,27.925,31.066
9/26/2011,8:46,5.36528,26.923,31.054
9/26/2011,8:56,5.37222,26.822,31.042
9/26/2011,9:06,5.37917,26.822,31.029
9/26/2011,9:16,5.38611,27.027,31.017
9/26/2011,9:26,5.39306,27.25,31.005
9/26/2011,9:36,5.4,27.027,30.992
9/26/2011,9:46,5.40694,27.472,30.98
9/26/2011,9:56,5.41389,26.93,30.967
9/26/2011,10:06,5.42083,26.984,30.955
9/26/2011,10:16,5.42778,26.984,30.943
9/26/2011,10:26,5.43472,27.344,30.93
9/26/2011,10:36,5.44167,27.819,30.918
9/26/2011,10:46,5.44861,27.819,30.906
9/26/2011,10:56,5.45556,27.711,30.893
9/26/2011,11:06,5.4625,27.22,30.881
9/26/2011,11:16,5.46944,27.22,30.869
9/26/2011,11:26,5.47639,26.591,30.856
9/26/2011,11:36,5.48333,26.591,30.844
9/26/2011,11:46,5.49028,26.591,30.831
9/26/2011,11:56,5.49722,27.967,30.819
9/26/2011,12:06,5.50417,27.903,30.807
9/26/2011,12:16,5.51111,27.967,30.794
9/26/2011,12:26,5.51806,27.903,30.782
9/26/2011,12:36,5.525,28.511,30.77
9/26/2011,12:46,5.53194,30.625,30.757
9/26/2011,12:56,5.53889,30.868,30.745
9/26/2011,13:06,5.54583,31.326,30.733
9/26/2011,13:16,5.55278,30.868,30.72
9/26/2011,13:26,5.55972,31.475,30.708
9/26/2011,13:36,5.56667,31.468,30.695
9/26/2011,13:46,5.57361,32.134,30.683
9/26/2011,13:56,5.58056,31.468,30.671
9/26/2011,14:06,5.5875,31.378,30.658
9/26/2011,14:16,5.59444,31.295,30.646
9/26/2011,14:26,5.60139,31.378,30.634
9/26/2011,14:36,5.60833,31.495,30.621
9/26/2011,14:46,5.61528,32.194,30.609
9/26/2011,14:56,5.62222,32.077,30.597
9/26/2011,15:06,5.62917,32.077,30.584
9/26/2011,15:16,5.63611,31.908,30.572
9/26/2011,15:26,5.64306,31.653,30.559
9/26/2011,15:36,5.65,31.653,30.547
9/26/2011,15:46,5.65694,31.653,30.535
9/26/2011,15:56,5.66389,31.563,30.522
9/26/2011,16:06,5.67083,31.653,30.51
9/26/2011,16:16,5.67778,31.653,30.498
9/26/2011,16:26,5.68472,31.653,30.485
9/26/2011,16:36,5.69167,31.178,30.473
9/26/2011,16:56,5.70556,27.766,30.448
9/26/2011,17:06,5.7125,27.312,30.436
9/26/2011,17:16,5.71944,26.106,30.424
9/26/2011,17:26,5.72639,26.106,30.411
9/26/2011,17:36,5.73333,28.183,30.399
9/26/2011,17:46,5.74028,28.183,30.386
9/26/2011,17:56,5.74722,27.298,30.374
9/26/2011,18:06,5.75417,27.226,30.362
9/26/2011,18:16,5.76111,27.198,30.349
9/26/2011,18:26,5.76806,27.198,30.337
9/26/2011,18:36,5.775,27.198,30.325
9/26/2011,18:46,5.78194,28.129,30.312
9/26/2011,18:56,5.78889,28.129,30.3
9/26/2011,19:06,5.79583,26.995,30.288
9/26/2011,19:16,5.80278,26.995,30.275
9/26/2011,19:26,5.80972,27.291,30.263
9/26/2011,19:36,5.81667,27.933,30.25
9/26/2011,19:46,5.82361,27.291,30.238
9/26/2011,19:56,5.83056,27.933,30.226
9/26/2011,20:06,5.8375,27.471,30.213
9/26/2011,20:16,5.84444,28.139,30.201
9/26/2011,20:26,5.85139,27.471,30.189
9/26/2011,20:36,5.85833,28.183,30.176
9/26/2011,20:46,5.86528,27.054,30.164
9/26/2011,20:56,5.87222,27.054,30.152
9/26/2011,21:06,5.87917,27.054,30.139
9/26/2011,21:16,5.88611,26.806,30.127
9/26/2011,21:26,5.89306,26.581,30.114
9/26/2011,21:36,5.9,26.356,30.102
9/26/2011,21:46,5.90694,26.305,30.09
9/26/2011,21:56,5.91389,26.305,30.077
9/26/2011,22:06,5.92083,27.464,30.065
9/26/2011,22:16,5.92778,27.464,30.053
9/26/2011,22:26,5.93472,26.764,30.04
9/26/2011,22:36,5.94167,26.638,30.028
9/26/2011,22:46,5.94861,26.323,30.016
9/26/2011,22:56,5.95556,26.323,30.003
9/26/2011,23:06,5.9625,26.047,29.991
9/26/2011,23:16,5.96944,26.381,29.979
9/26/2011,23:26,5.97639,26.394,29.966
9/26/2011,23:36,5.98333,26.457,29.954
9/26/2011,23:46,5.99028,26.394,29.941
9/26/2011,23:56,5.99722,27.664,29.929
9/27/2011,0:06,6.00417,26.334,29.917
9/27/2011,0:16,6.01111,26.979,29.904
9/27/2011,0:26,6.01806,26.334,29.892
9/27/2011,0:36,6.025,26.249,29.88
9/27/2011,0:46,6.03194,24.515,29.867
9/27/2011,0:56,6.03889,26.112,29.855
9/27/2011,1:06,6.04583,26.112,29.843
9/27/2011,1:16,6.05278,26.707,29.83
9/27/2011,1:26,6.05972,26.707,29.818
9/27/2011,1:36,6.06667,25.9,29.805
9/27/2011,1:46,6.07361,25.9,29.793
9/27/2011,1:56,6.08056,26.677,29.781
9/27/2011,2:06,6.0875,26.924,29.768
9/27/2011,2:16,6.09444,26.924,29.756
9/27/2011,2:26,6.10139,26.324,29.744
9/27/2011,2:36,6.10833,26.324,29.731
9/27/2011,2:46,6.11528,26.584,29.719
9/27/2011,2:56,6.12222,26.584,29.707
9/27/2011,3:06,6.12917,26.35,29.694
9/27/2011,3:16,6.13611,26.256,29.682
9/27/2011,3:26,6.14306,26.35,29.669
9/27/2011,3:36,6.15,26.62,29.657
9/27/2011,3:46,6.15694,26.62,29.645
9/27/2011,3:56,6.16389,26.62,29.632
9/27/2011,4:06,6.17083,27.641,29.62
9/27/2011,4:16,6.17778,27.641,29.608
9/27/2011,4:26,6.18472,27.436,29.595
9/27/2011,4:36,6.19167,27.101,29.583
9/27/2011,4:46,6.19861,27.436,29.571
9/27/2011,4:56,6.20556,26.853,29.558
9/27/2011,5:06,6.2125,27.193,29.546
9/27/2011,5:16,6.21944,27.006,29.533
9/27/2011,5:26,6.22639,27.193,29.521
9/27/2011,5:36,6.23333,29.927,29.509
9/27/2011,5:46,6.24028,30.689,29.496
9/27/2011,5:56,6.24722,30.66,29.484
9/27/2011,6:06,6.25417,30.66,29.472
9/27/2011,6:16,6.26111,30.26,29.459
9/27/2011,6:26,6.26806,30.26,29.447
9/27/2011,6:36,6.275,30.419,29.435
9/27/2011,6:46,6.28194,31.72,29.422
9/27/2011,6:56,6.28889,31.089,29.41
9/27/2011,7:06,6.29583,31.089,29.398
9/27/2011,7:16,6.30278,30.694,29.385
9/27/2011,7:26,6.30972,30.668,29.373
9/27/2011,7:36,6.31667,30.668,29.36
9/27/2011,7:46,6.32361,31.329,29.348
9/27/2011,7:56,6.33056,31.398,29.336
9/27/2011,8:06,6.3375,31.747,29.323
9/27/2011,8:16,6.34444,32.331,29.311
9/27/2011,8:26,6.35139,31.747,29.299
9/27/2011,8:36,6.35833,31.532,29.286
9/27/2011,8:46,6.36528,31.532,29.274
9/27/2011,8:56,6.37222,31.64,29.262
9/27/2011,9:06,6.37917,31.64,29.249
9/27/2011,9:16,6.38611,31.026,29.237
9/27/2011,9:26,6.39306,30.991,29.224
9/27/2011,9:36,6.4,30.991,29.212
9/27/2011,9:46,6.40694,31.096,29.2
9/27/2011,9:56,6.41389,31.096,29.187
9/27/2011,10:06,6.42083,31.096,29.175
9/27/2011,10:16,6.42778,30.504,29.163
9/27/2011,10:26,6.43472,29.059,29.15
9/27/2011,10:36,6.44167,26.761,29.138
9/27/2011,10:46,6.44861,26.44,29.126
9/27/2011,10:56,6.45556,26.761,29.113
9/27/2011,11:06,6.4625,26.92,29.101
9/27/2011,11:16,6.46944,27.153,29.088
9/27/2011,11:26,6.47639,27.021,29.076
9/27/2011,11:36,6.48333,27.254,29.064
9/27/2011,11:46,6.49028,27.199,29.051
9/27/2011,11:56,6.49722,27.829,29.039
9/27/2011,12:06,6.50417,27.199,29.027
9/27/2011,12:16,6.51111,27.194,29.014
9/27/2011,12:26,6.51806,26.94,29.002
9/27/2011,12:36,6.525,27.194,28.99
9/27/2011,12:46,6.53194,26.94,28.977
9/27/2011,12:56,6.53889,27.209,28.965
9/27/2011,13:06,6.54583,27.209,28.953
9/27/2011,13:16,6.55278,27.256,28.94
9/27/2011,13:26,6.55972,27.528,28.928
9/27/2011,13:36,6.56667,27.528,28.915
9/27/2011,13:46,6.57361,28.054,28.903
9/27/2011,13:56,6.58056,27.565,28.891
9/27/2011,14:06,6.5875,27.565,28.878
9/27/2011,14:16,6.59444,27.165,28.866
9/27/2011,14:26,6.60139,27.165,28.854
9/27/2011,14:36,6.60833,27.602,28.841
9/27/2011,14:46,6.61528,27.602,28.829
9/27/2011,14:56,6.62222,27.6,28.817
9/27/2011,15:06,6.62917,26.971,28.804
9/27/2011,15:16,6.63611,26.971,28.792
9/27/2011,15:26,6.64306,26.971,28.779
9/27/2011,15:36,6.65,26.93,28.767
9/27/2011,15:46,6.65694,26.93,28.755
9/27/2011,15:56,6.66389,27.231,28.742
9/27/2011,16:06,6.67083,27.231,28.73
9/27/2011,16:16,6.67778,27.208,28.718
9/27/2011,16:26,6.68472,27.208,28.705
9/27/2011,16:36,6.69167,26.957,28.693
9/27/2011,16:46,6.69861,26.957,28.681
9/27/2011,16:56,6.70556,26.818,28.668
9/27/2011,17:06,6.7125,26.818,28.656
9/27/2011,17:16,6.71944,26.99,28.643
9/27/2011,17:26,6.72639,27.675,28.631
9/27/2011,17:36,6.73333,27.675,28.619
9/27/2011,17:46,6.74028,26.681,28.606
9/27/2011,17:56,6.74722,26.681,28.594
9/27/2011,18:06,6.75417,26.569,28.582
9/27/2011,18:16,6.76111,27.039,28.569
9/27/2011,18:26,6.76806,27.049,28.557
9/27/2011,18:36,6.775,27.049,28.545
9/27/2011,18:46,6.78194,26.954,28.532
9/27/2011,18:56,6.78889,26.531,28.52
9/27/2011,19:06,6.79583,26.35,28.507
9/27/2011,19:16,6.80278,26.332,28.495
9/27/2011,19:26,6.80972,26.332,28.483
9/27/2011,19:36,6.81667,26.805,28.47
9/27/2011,19:46,6.82361,26.972,28.458
9/27/2011,19:56,6.83056,26.805,28.446
9/27/2011,20:06,6.8375,26.375,28.433
9/27/2011,20:16,6.84444,26.375,28.421
9/27/2011,20:26,6.85139,26.843,28.409
9/27/2011,20:36,6.85833,26.936,28.396
9/27/2011,20:46,6.86528,26.843,28.384
9/27/2011,20:56,6.87222,27.163,28.372
9/27/2011,21:06,6.87917,26.349,28.359
9/27/2011,21:16,6.88611,27.545,28.347
9/27/2011,21:26,6.89306,26.24,28.334
9/27/2011,21:36,6.9,28.026,28.322
9/27/2011,21:46,6.90694,28.026,28.31
9/27/2011,21:56,6.91389,29.329,28.297
9/27/2011,22:06,6.92083,29.329,28.285
9/27/2011,22:16,6.92778,29.686,28.273
9/27/2011,22:26,6.93472,29.686,28.26
9/27/2011,22:36,6.94167,30.638,28.248
9/27/2011,22:46,6.94861,30.638,28.236
9/27/2011,22:56,6.95556,30.146,28.223
9/27/2011,23:06,6.9625,30.146,28.211
9/27/2011,23:16,6.96944,30.362,28.198
9/27/2011,23:26,6.97639,30.439,28.186
9/27/2011,23:36,6.98333,30.439,28.174
9/27/2011,23:46,6.99028,30.439,28.161
9/27/2011,23:56,6.99722,30.609,28.149
9/28/2011,0:06,7.00417,30.676,28.137
9/28/2011,0:16,7.01111,30.609,28.124
9/28/2011,0:26,7.01806,30.638,28.112
9/28/2011,0:36,7.025,30.484,28.1
9/28/2011,0:46,7.03194,30.638,28.087
9/28/2011,0:56,7.03889,30.924,28.075
9/28/2011,1:06,7.04583,30.924,28.062
9/28/2011,1:16,7.05278,30.73,28.05
9/28/2011,1:26,7.05972,30.73,28.038
9/28/2011,1:36,7.06667,30.918,28.025
9/28/2011,1:46,7.07361,30.918,28.013
9/28/2011,1:56,7.08056,30.834,28.001
9/28/2011,2:06,7.0875,30.834,27.988
9/28/2011,2:16,7.09444,30.849,27.976
9/28/2011,2:26,7.10139,31.738,27.964
9/28/2011,2:36,7.10833,30.849,27.951
9/28/2011,2:46,7.11528,30.609,27.939
9/28/2011,2:56,7.12222,30.609,27.926
9/28/2011,3:06,7.12917,30.417,27.914
9/28/2011,3:16,7.13611,31.262,27.902
9/28/2011,3:26,7.14306,31.041,27.889
9/28/2011,3:36,7.15,31.041,27.877
9/28/2011,3:46,7.15694,28.144,27.865
9/28/2011,3:56,7.16389,28.106,27.852
9/28/2011,4:06,7.17083,26.76,27.84
9/28/2011,4:16,7.17778,26.069,27.828
9/28/2011,4:26,7.18472,26.069,27.815
9/28/2011,4:36,7.19167,26.283,27.803
9/28/2011,4:46,7.19861,26.652,27.791
9/28/2011,4:56,7.20556,26.652,27.778
9/28/2011,5:06,7.2125,26.652,27.766
9/28/2011,5:16,7.21944,26.025,27.753
9/28/2011,5:26,7.22639,27.006,27.741
9/28/2011,5:36,7.23333,26.945,27.729
9/28/2011,5:46,7.24028,27.006,27.716
9/28/2011,5:56,7.24722,26.945,27.704
9/28/2011,6:06,7.25417,26.102,27.692
9/28/2011,6:16,7.26111,26.102,27.679
9/28/2011,6:26,7.26806,26.315,27.667
9/28/2011,6:36,7.275,26.315,27.655
9/28/2011,6:46,7.28194,26.087,27.642
9/28/2011,6:56,7.28889,25.824,27.63
9/28/2011,7:06,7.29583,26.087,27.617
9/28/2011,7:16,7.30278,26.36,27.605
9/28/2011,7:26,7.30972,27.266,27.593
9/28/2011,7:36,7.31667,27.266,27.58
9/28/2011,7:46,7.32361,27.032,27.568
9/28/2011,7:56,7.33056,26.827,27.556
9/28/2011,8:06,7.3375,26.442,27.543
9/28/2011,8:16,7.34444,25.412,27.531
9/28/2011,8:26,7.35139,26.442,27.519
9/28/2011,8:36,7.35833,25.439,27.506
9/28/2011,8:46,7.36528,26.398,27.494
9/28/2011,8:56,7.37222,25.829,27.481
9/28/2011,9:06,7.37917,26.163,27.469
9/28/2011,9:16,7.38611,25.829,27.457
9/28/2011,9:26,7.39306,25.208,27.444
9/28/2011,9:36,7.4,24.925,27.432
9/28/2011,9:46,7.40694,25.208,27.42
9/28/2011,9:56,7.41389,25.299,27.407
9/28/2011,10:06,7.42083,25.492,27.395
9/28/2011,10:16,7.42778,25.299,27.383
9/28/2011,10:26,7.43472,24.697,27.37
9/28/2011,10:36,7.44167,24.697,27.358
9/28/2011,10:46,7.44861,26.408,27.346
9/28/2011,10:56,7.45556,26.408,27.333
9/28/2011,11:06,7.4625,26.086,27.321
9/28/2011,11:16,7.46944,25.272,27.308
9/28/2011,11:26,7.47639,26.086,27.296
9/28/2011,11:36,7.48333,25.029,27.284
9/28/2011,11:46,7.49028,25.185,27.271
9/28/2011,11:56,7.49722,24.676,27.259
9/28/2011,12:06,7.50417,24.505,27.247
9/28/2011,12:16,7.51111,24.505,27.234
9/28/2011,12:26,7.51806,25.518,27.222
9/28/2011,12:36,7.525,25.518,27.21
9/28/2011,12:46,7.53194,25.474,27.197
9/28/2011,12:56,7.53889,24.668,27.185
9/28/2011,13:06,7.54583,24.668,27.172
9/28/2011,13:16,7.55278,24.668,27.16
9/28/2011,13:26,7.55972,25.163,27.148
9/28/2011,13:36,7.56667,25.262,27.135
9/28/2011,13:46,7.57361,25.262,27.123
9/28/2011,13:56,7.58056,25.679,27.111
9/28/2011,14:06,7.5875,25.951,27.098
9/28/2011,14:16,7.59444,25.951,27.086
9/28/2011,14:26,7.60139,25.633,27.074
9/28/2011,14:36,7.60833,25.633,27.061
9/28/2011,14:46,7.61528,26.123,27.049
9/28/2011,14:56,7.62222,26.123,27.036
9/28/2011,15:06,7.62917,26.797,27.024
9/28/2011,15:16,7.63611,26.823,27.012
9/28/2011,15:26,7.64306,27.014,26.999
9/28/2011,15:36,7.65,27.052,26.987
9/28/2011,15:46,7.65694,29.001,26.975
9/28/2011,15:56,7.66389,29.001,26.962
9/28/2011,16:06,7.67083,28.6,26.95
9/28/2011,16:16,7.67778,28.6,26.938
9/28/2011,16:26,7.68472,28.945,26.925
9/28/2011,16:36,7.69167,29.28,26.913
9/28/2011,16:46,7.69861,29.634,26.9
9/28/2011,16:56,7.70556,29.634,26.888
9/28/2011,17:06,7.7125,29.518,26.876
9/28/2011,17:16,7.71944,29.507,26.863
9/28/2011,17:26,7.72639,28.743,26.851
9/28/2011,17:36,7.73333,28.743,26.839
9/28/2011,17:46,7.74028,29.581,26.826
9/28/2011,17:56,7.74722,30.013,26.814
9/28/2011,18:06,7.75417,29.989,26.802
9/28/2011,18:16,7.76111,29.989,26.789
9/28/2011,18:26,7.76806,29.805,26.777
9/28/2011,18:36,7.775,29.508,26.765
9/28/2011,18:46,7.78194,29.508,26.752
9/28/2011,18:56,7.78889,29.415,26.74
9/28/2011,19:06,7.79583,29.716,26.727
9/28/2011,19:16,7.80278,29.415,26.715
9/28/2011,19:26,7.80972,29.716,26.703
9/28/2011,19:36,7.81667,29.086,26.69
9/28/2011,19:46,7.82361,29.086,26.678
9/28/2011,19:56,7.83056,29.086,26.666
9/28/2011,20:06,7.8375,30.364,26.653
9/28/2011,20:16,7.84444,30.364,26.641
9/28/2011,20:26,7.85139,30.331,26.629
9/28/2011,20:36,7.85833,29.924,26.616
9/28/2011,20:46,7.86528,29.766,26.604
9/28/2011,20:56,7.87222,29.428,26.591
9/28/2011,21:06,7.87917,28.185,26.579
9/28/2011,21:16,7.88611,27.412,26.567
9/28/2011,21:26,7.89306,27.412,26.554
9/28/2011,21:36,7.9,26.512,26.542
9/28/2011,21:46,7.90694,26.512,26.53
9/28/2011,21:56,7.91389,26.634,26.517
9/28/2011,22:06,7.92083,26.634,26.505
9/28/2011,22:16,7.92778,26.363,26.493
9/28/2011,22:26,7.93472,25.893,26.48
9/28/2011,22:36,7.94167,26.363,26.468
9/28/2011,22:46,7.94861,26.062,26.455
9/28/2011,22:56,7.95556,26.32,26.443
9/28/2011,23:06,7.9625,26.32,26.431
9/28/2011,23:16,7.96944,26.32,26.418
9/28/2011,23:26,7.97639,25.947,26.406
9/28/2011,23:36,7.98333,25.947,26.394
9/28/2011,23:46,7.99028,26.793,26.381
9/28/2011,23:56,7.99722,26.793,26.369
9/29/2011,0:06,8.00417,25.732,26.357
9/29/2011,0:16,8.01111,25.493,26.344
9/29/2011,0:26,8.01806,25.732,26.332
9/29/2011,0:36,8.025,25.694,26.32
9/29/2011,0:46,8.03194,25.694,26.307
9/29/2011,0:56,8.03889,25.68,26.295
9/29/2011,1:06,8.04583,25.68,26.282
9/29/2011,1:16,8.05278,25.68,26.27
9/29/2011,1:26,8.05972,26.068,26.258
9/29/2011,1:36,8.06667,25.165,26.245
9/29/2011,1:46,8.07361,25.159,26.233
9/29/2011,1:56,8.08056,25.159,26.221
9/29/2011,2:06,8.0875,25.159,26.208
9/29/2011,2:16,8.09444,25.115,26.196
9/29/2011,2:26,8.10139,25.115,26.184
9/29/2011,2:36,8.10833,24.62,26.171
9/29/2011,2:46,8.11528,25.531,26.159
9/29/2011,2:56,8.12222,24.32,26.146
9/29/2011,3:06,8.12917,25.531,26.134
9/29/2011,3:16,8.13611,25.116,26.122
9/29/2011,3:26,8.14306,25.116,26.109
9/29/2011,3:36,8.15,24.1,26.097
9/29/2011,3:46,8.15694,24.1,26.085
9/29/2011,3:56,8.16389,25.545,26.072
9/29/2011,4:06,8.17083,25.545,26.06
9/29/2011,4:16,8.17778,24.691,26.048
9/29/2011,4:26,8.18472,24.691,26.035
9/29/2011,4:36,8.19167,25.778,26.023
9/29/2011,4:46,8.19861,25.778,26.01
9/29/2011,4:56,8.20556,25.933,25.998
9/29/2011,5:06,8.2125,25.216,25.986
9/29/2011,5:16,8.21944,25.423,25.973
9/29/2011,5:26,8.22639,25.423,25.961
9/29/2011,5:36,8.23333,25.423,25.949
9/29/2011,5:46,8.24028,25.403,25.936
9/29/2011,5:56,8.24722,25.403,25.924
9/29/2011,6:06,8.25417,25.403,25.912
9/29/2011,6:16,8.26111,25.293,25.899
9/29/2011,6:26,8.26806,25.205,25.887
9/29/2011,6:36,8.275,24.872,25.874
9/29/2011,6:46,8.28194,24.82,25.862
9/29/2011,6:56,8.28889,24.82,25.85
9/29/2011,7:06,8.29583,25.294,25.837
9/29/2011,7:16,8.30278,25.294,25.825
9/29/2011,7:26,8.30972,24.672,25.813
9/29/2011,7:36,8.31667,24.672,25.8
9/29/2011,7:46,8.32361,24.875,25.788
9/29/2011,7:56,8.33056,25.232,25.776
9/29/2011,8:06,8.3375,25.589,25.763
9/29/2011,8:16,8.34444,25.793,25.751
9/29/2011,8:26,8.35139,27.781,25.739
9/29/2011,8:36,8.35833,28.069,25.726
9/29/2011,8:46,8.36528,28.069,25.714
9/29/2011,8:56,8.37222,28.01,25.701
9/29/2011,9:06,8.37917,28.01,25.689
9/29/2011,9:16,8.38611,28.141,25.677
9/29/2011,9:26,8.39306,28.141,25.664
9/29/2011,9:36,8.4,28.141,25.652
9/29/2011,9:46,8.40694,28.186,25.64
9/29/2011,9:56,8.41389,28.186,25.627
9/29/2011,10:06,8.42083,28.186,25.615
9/29/2011,10:16,8.42778,28.305,25.603
9/29/2011,10:26,8.43472,28.305,25.59
9/29/2011,10:36,8.44167,28.005,25.578
9/29/2011,10:46,8.44861,28.005,25.565
9/29/2011,10:56,8.45556,27.765,25.553
9/29/2011,11:06,8.4625,28.162,25.541
9/29/2011,11:16,8.46944,28.676,25.528
9/29/2011,11:26,8.47639,28.712,25.516
9/29/2011,11:36,8.48333,28.712,25.504
9/29/2011,11:46,8.49028,28.237,25.491
9/29/2011,11:56,8.49722,28.237,25.479
9/29/2011,12:06,8.50417,28.993,25.467
9/29/2011,12:16,8.51111,28.993,25.454
9/29/2011,12:26,8.51806,28.463,25.442
9/29/2011,12:36,8.525,27.871,25.429
9/29/2011,12:46,8.53194,27.626,25.417
9/29/2011,12:56,8.53889,27.626,25.405
9/29/2011,13:06,8.54583,27.901,25.392
9/29/2011,13:16,8.55278,28.758,25.38
9/29/2011,13:26,8.55972,28.758,25.368
9/29/2011,13:36,8.56667,28.179,25.355
9/29/2011,13:46,8.57361,27.761,25.343
9/29/2011,13:56,8.58056,26.084,25.331
9/29/2011,14:06,8.5875,26.084,25.318
9/29/2011,14:16,8.59444,26.084,25.306
9/29/2011,14:26,8.60139,25.096,25.293
9/29/2011,14:36,8.60833,24.595,25.281
9/29/2011,14:46,8.61528,24.595,25.269
9/29/2011,14:56,8.62222,25.426,25.256
9/29/2011,15:06,8.62917,25.426,25.244
9/29/2011,15:16,8.63611,24.523,25.232
9/29/2011,15:26,8.64306,24.523,25.219
9/29/2011,15:36,8.65,24.893,25.207
9/29/2011,15:46,8.65694,25.403,25.195
9/29/2011,15:56,8.66389,24.893,25.182
9/29/2011,16:06,8.67083,25.017,25.17
9/29/2011,16:16,8.67778,25.017,25.158
9/29/2011,16:26,8.68472,25.316,25.145
9/29/2011,16:36,8.69167,25.316,25.133
9/29/2011,16:46,8.69861,24.878,25.12
9/29/2011,16:56,8.70556,24.529,25.108
9/29/2011,17:06,8.7125,24.691,25.096
9/29/2011,17:16,8.71944,24.691,25.083
9/29/2011,17:26,8.72639,25.331,25.071
9/29/2011,17:36,8.73333,25.405,25.059
9/29/2011,17:46,8.74028,25.331,25.046
9/29/2011,17:56,8.74722,25.317,25.034
9/29/2011,18:06,8.75417,25.317,25.022
9/29/2011,18:16,8.76111,25.317,25.009
9/29/2011,18:26,8.76806,24.503,24.997
9/29/2011,18:36,8.775,24.485,24.984
9/29/2011,18:46,8.78194,24.299,24.972
9/29/2011,18:56,8.78889,23.841,24.96
9/29/2011,19:06,8.79583,24.299,24.947
9/29/2011,19:16,8.80278,24.033,24.935
9/29/2011,19:26,8.80972,24.033,24.923
9/29/2011,19:36,8.81667,24.033,24.91
9/29/2011,19:46,8.82361,24.944,24.898
9/29/2011,19:56,8.83056,24.944,24.886
9/29/2011,20:06,8.8375,24.864,24.873
9/29/2011,20:16,8.84444,24.142,24.861
9/29/2011,20:26,8.85139,24.028,24.848
9/29/2011,20:36,8.85833,23.575,24.836
9/29/2011,20:46,8.86528,23.575,24.824
9/29/2011,20:56,8.87222,23.819,24.811
9/29/2011,21:06,8.87917,24.578,24.799
9/29/2011,21:16,8.88611,23.819,24.787
9/29/2011,21:26,8.89306,24.558,24.774
9/29/2011,21:36,8.9,24.098,24.762
9/29/2011,21:46,8.90694,24.098,24.75
9/29/2011,21:56,8.91389,23.779,24.737
9/29/2011,22:06,8.92083,23.779,24.725
9/29/2011,22:16,8.92778,23.945,24.713
9/29/2011,22:26,8.93472,24.113,24.7
9/29/2011,22:36,8.94167,24.17,24.688
9/29/2011,22:46,8.94861,24.17,24.675
9/29/2011,22:56,8.95556,24.003,24.663
9/29/2011,23:06,8.9625,24.003,24.651
9/29/2011,23:16,8.96944,24.205,24.638
9/29/2011,23:26,8.97639,24.205,24.626
9/29/2011,23:36,8.98333,24.146,24.614
9/29/2011,23:46,8.99028,23.583,24.601
9/29/2011,23:56,8.99722,23.583,24.589
9/30/2011,0:06,9.00417,24.217,24.577
9/30/2011,0:16,9.01111,24.588,24.564
9/30/2011,0:26,9.01806,24.588,24.552
9/30/2011,0:36,9.025,24.829,24.539
9/30/2011,0:46,9.03194,24.829,24.527
9/30/2011,0:56,9.03889,25.151,24.515
9/30/2011,1:06,9.04583,25.761,24.502
9/30/2011,1:16,9.05278,26.438,24.49
9/30/2011,1:26,9.05972,26.766,24.478
9/30/2011,1:36,9.06667,26.996,24.465
9/30/2011,1:46,9.07361,26.996,24.453
9/30/2011,1:56,9.08056,27.423,24.441
9/30/2011,2:06,9.0875,27.551,24.428
9/30/2011,2:16,9.09444,27.423,24.416
9/30/2011,2:26,9.10139,27.665,24.403
9/30/2011,2:36,9.10833,26.997,24.391
9/30/2011,2:46,9.11528,27.665,24.379
9/30/2011,2:56,9.12222,27.486,24.366
9/30/2011,3:06,9.12917,27.79,24.354
9/30/2011,3:16,9.13611,27.79,24.342
9/30/2011,3:26,9.14306,27.957,24.329
9/30/2011,3:36,9.15,27.957,24.317
9/30/2011,3:46,9.15694,27.639,24.305
9/30/2011,3:56,9.16389,27.617,24.292
9/30/2011,4:06,9.17083,27.617,24.28
9/30/2011,4:16,9.17778,27.617,24.267
9/30/2011,4:26,9.18472,28.038,24.255
9/30/2011,4:36,9.19167,28.038,24.243
9/30/2011,4:46,9.19861,27.982,24.23
9/30/2011,4:56,9.20556,27.982,24.218
9/30/2011,5:06,9.2125,27.983,24.206
9/30/2011,5:16,9.21944,28.154,24.193
9/30/2011,5:26,9.22639,27.983,24.181
9/30/2011,5:36,9.23333,28.482,24.169
9/30/2011,5:46,9.24028,28.482,24.156
9/30/2011,5:56,9.24722,28.684,24.144
9/30/2011,6:06,9.25417,28.817,24.132
9/30/2011,6:16,9.26111,29.142,24.119
9/30/2011,6:26,9.26806,29.471,24.107
9/30/2011,6:36,9.275,29.471,24.094
9/30/2011,6:46,9.28194,28.045,24.082
9/30/2011,6:56,9.28889,27.121,24.07
9/30/2011,7:06,9.29583,25.881,24.057
9/30/2011,7:16,9.30278,25.476,24.045
9/30/2011,7:26,9.30972,25.476,24.033
9/30/2011,7:36,9.31667,25.648,24.02
9/30/2011,7:46,9.32361,25.648,24.008
9/30/2011,7:56,9.33056,25.504,23.996
9/30/2011,8:06,9.3375,25.412,23.983
9/30/2011,8:16,9.34444,25.154,23.971
9/30/2011,8:26,9.35139,24.327,23.958
9/30/2011,8:36,9.35833,25.154,23.946
9/30/2011,8:46,9.36528,24.785,23.934
9/30/2011,8:56,9.37222,24.785,23.921
9/30/2011,9:06,9.37917,24.785,23.909
9/30/2011,9:16,9.38611,25.215,23.897
9/30/2011,9:26,9.39306,25.402,23.884
9/30/2011,9:36,9.4,25.402,23.872
9/30/2011,9:46,9.40694,25.23,23.86
9/30/2011,9:56,9.41389,25.195,23.847
9/30/2011,10:06,9.42083,25.181,23.835
9/30/2011,10:16,9.42778,24.967,23.822
9/30/2011,10:26,9.43472,24.916,23.81
9/30/2011,10:36,9.44167,23.883,23.798
9/30/2011,10:46,9.44861,24.694,23.785
9/30/2011,10:56,9.45556,24.061,23.773
9/30/2011,11:06,9.4625,24.452,23.761
9/30/2011,11:16,9.46944,24.257,23.748
9/30/2011,11:26,9.47639,24.452,23.736
9/30/2011,11:36,9.48333,24.257,23.724
9/30/2011,11:46,9.49028,24.801,23.711
9/30/2011,11:56,9.49722,23.906,23.699
9/30/2011,12:06,9.50417,23.906,23.687
9/30/2011,12:16,9.51111,23.827,23.674
9/30/2011,12:26,9.51806,23.527,23.662
9/30/2011,12:36,9.525,23.811,23.649
9/30/2011,12:46,9.53194,23.452,23.637
9/30/2011,12:56,9.53889,23.811,23.625
9/30/2011,13:06,9.54583,24.255,23.612
9/30/2011,13:16,9.55278,24.255,23.6
9/30/2011,13:26,9.55972,24.11,23.588
9/30/2011,13:36,9.56667,23.713,23.575
9/30/2011,13:46,9.57361,23.713,23.563
9/30/2011,13:56,9.58056,24.263,23.551
9/30/2011,14:06,9.5875,24.397,23.538
9/30/2011,14:16,9.59444,24.263,23.526
9/30/2011,14:26,9.60139,23.834,23.513
9/30/2011,14:36,9.60833,23.51,23.501
9/30/2011,14:46,9.61528,23.113,23.489
9/30/2011,14:56,9.62222,23.334,23.476
9/30/2011,15:06,9.62917,23.334,23.464
9/30/2011,15:16,9.63611,23.494,23.452
9/30/2011,15:26,9.64306,23.711,23.439
9/30/2011,15:36,9.65,23.973,23.427
9/30/2011,15:46,9.65694,23.711,23.415
9/30/2011,15:56,9.66389,23.804,23.402
9/30/2011,16:06,9.67083,23.689,23.39
9/30/2011,16:16,9.67778,23.551,23.377
9/30/2011,16:26,9.68472,23.398,23.365
9/30/2011,16:36,9.69167,23.551,23.353
9/30/2011,16:46,9.69861,23.51,23.34
9/30/2011,16:56,9.70556,24.469,23.328
9/30/2011,17:06,9.7125,24.725,23.316
9/30/2011,17:16,9.71944,25.013,23.303
9/30/2011,17:26,9.72639,24.725,23.291
9/30/2011,17:36,9.73333,25.013,23.279
9/30/2011,17:46,9.74028,25.684,23.266
9/30/2011,17:56,9.74722,26.8,23.254
9/30/2011,18:06,9.75417,26.8,23.241
9/30/2011,18:16,9.76111,26.056,23.229
9/30/2011,18:26,9.76806,26.056,23.217
9/30/2011,18:36,9.775,26.457,23.204
9/30/2011,18:46,9.78194,26.694,23.192
9/30/2011,18:56,9.78889,27.09,23.18
9/30/2011,19:06,9.79583,27.09,23.167
9/30/2011,19:16,9.80278,26.608,23.155
9/30/2011,19:26,9.80972,26.608,23.143
9/30/2011,19:36,9.81667,27.614,23.13
9/30/2011,19:46,9.82361,27.614,23.118
9/30/2011,19:56,9.83056,27.473,23.106
9/30/2011,20:06,9.8375,27.403,23.093
9/30/2011,20:16,9.84444,27.129,23.081
9/30/2011,20:26,9.85139,27.129,23.068
9/30/2011,20:36,9.85833,27.493,23.056
9/30/2011,20:46,9.86528,27.493,23.044
9/30/2011,20:56,9.87222,26.8,23.031
9/30/2011,21:06,9.87917,26.8,23.019
9/30/2011,21:16,9.88611,28.02,23.007
9/30/2011,21:26,9.89306,28.02,22.994
9/30/2011,21:36,9.9,28.02,22.982
9/30/2011,21:46,9.90694,27.864,22.97
9/30/2011,21:56,9.91389,28.157,22.957
9/30/2011,22:06,9.92083,27.864,22.945
9/30/2011,22:16,9.92778,27.065,22.932
9/30/2011,22:26,9.93472,27.065,22.92
9/30/2011,22:36,9.94167,27.401,22.908
9/30/2011,22:46,9.94861,27.664,22.895
9/30/2011,22:56,9.95556,27.664,22.883
9/30/2011,23:06,9.9625,27.664,22.871
9/30/2011,23:16,9.96944,25.633,22.858
9/30/2011,23:26,9.97639,24.396,22.846
9/30/2011,23:36,9.98333,25.633,22.834
9/30/2011,23:46,9.99028,24.91,22.821
9/30/2011,23:56,9.99722,25.744,22.809
10/1/2011,0:06,10.00417,24.91,22.796
10/1/2011,0:16,10.01111,24.569,22.784
10/1/2011,0:26,10.01806,24.569,22.772
10/1/2011,0:36,10.025,24.611,22.759
10/1/2011,0:46,10.03194,25.042,22.747
10/1/2011,0:56,10.03889,25.042,22.735
10/1/2011,1:06,10.04583,24.519,22.722
10/1/2011,1:16,10.05278,24.339,22.71
10/1/2011,1:26,10.05972,24.339,22.698
10/1/2011,1:36,10.06667,24.496,22.685
10/1/2011,1:46,10.07361,24.896,22.673
10/1/2011,1:56,10.08056,24.496,22.66
10/1/2011,2:06,10.0875,24.797,22.648
10/1/2011,2:16,10.09444,24.396,22.636
10/1/2011,2:26,10.10139,24.626,22.623
10/1/2011,2:36,10.10833,24.539,22.611
10/1/2011,2:46,10.11528,24.626,22.599
10/1/2011,2:56,10.12222,24.539,22.586
10/1/2011,3:06,10.12917,24.317,22.574
10/1/2011,3:16,10.13611,24.317,22.562
10/1/2011,3:26,10.14306,24.796,22.549
10/1/2011,3:36,10.15,24.796,22.537
10/1/2011,3:46,10.15694,25.111,22.525
10/1/2011,3:56,10.16389,25.111,22.512
10/1/2011,4:06,10.17083,25.111,22.5
10/1/2011,4:16,10.17778,24.182,22.487
10/1/2011,4:26,10.18472,24.182,22.475
10/1/2011,4:36,10.19167,24.182,22.463
10/1/2011,4:46,10.19861,23.991,22.45
10/1/2011,4:56,10.20556,23.649,22.438
10/1/2011,5:06,10.2125,23.649,22.426
10/1/2011,5:16,10.21944,23.649,22.413
10/1/2011,5:26,10.22639,24.06,22.401
10/1/2011,5:36,10.23333,24.06,22.389
10/1/2011,5:46,10.24028,24.525,22.376
10/1/2011,5:56,10.24722,23.472,22.364
10/1/2011,6:06,10.25417,23.472,22.351
10/1/2011,6:16,10.26111,23.472,22.339
10/1/2011,6:26,10.26806,23.838,22.327
10/1/2011,6:36,10.275,23.838,22.314
10/1/2011,6:46,10.28194,23.838,22.302
10/1/2011,6:56,10.28889,23.893,22.29
10/1/2011,7:06,10.29583,23.893,22.277
10/1/2011,7:16,10.30278,23.784,22.265
10/1/2011,7:26,10.30972,23.482,22.253
10/1/2011,7:36,10.31667,23.482,22.24
10/1/2011,7:46,10.32361,23.482,22.228
10/1/2011,7:56,10.33056,23.623,22.215
10/1/2011,8:06,10.3375,23.96,22.203
10/1/2011,8:16,10.34444,24.069,22.191
10/1/2011,8:26,10.35139,24.069,22.178
10/1/2011,8:36,10.35833,24.069,22.166
10/1/2011,8:46,10.36528,25.557,22.154
10/1/2011,8:56,10.37222,25.557,22.141
10/1/2011,9:06,10.37917,25.923,22.129
10/1/2011,9:16,10.38611,25.449,22.117
10/1/2011,9:26,10.39306,26.184,22.104
10/1/2011,9:36,10.4,25.283,22.092
10/1/2011,9:46,10.40694,26.184,22.08
10/1/2011,9:56,10.41389,25.321,22.067
10/1/2011,10:06,10.42083,26.314,22.055
10/1/2011,10:16,10.42778,26.314,22.042
10/1/2011,10:26,10.43472,27.094,22.03
10/1/2011,10:36,10.44167,27.094,22.018
10/1/2011,10:46,10.44861,26.513,22.005
10/1/2011,10:56,10.45556,26.513,21.993
10/1/2011,11:06,10.4625,26.513,21.981
10/1/2011,11:16,10.46944,27.124,21.968
10/1/2011,11:26,10.47639,26.141,21.956
10/1/2011,11:36,10.48333,27.124,21.944
10/1/2011,11:46,10.49028,26.823,21.931
10/1/2011,11:56,10.49722,26.823,21.919
10/1/2011,12:06,10.50417,26.823,21.906
10/1/2011,12:16,10.51111,26.608,21.894
10/1/2011,12:26,10.51806,26.608,21.882
10/1/2011,12:36,10.525,26.608,21.869
10/1/2011,12:46,10.53194,26.851,21.857
10/1/2011,12:56,10.53889,27.617,21.845
10/1/2011,13:06,10.54583,27.617,21.832
10/1/2011,13:16,10.55278,27.617,21.82
10/1/2011,13:26,10.55972,27.201,21.808
10/1/2011,13:36,10.56667,27.001,21.795
10/1/2011,13:46,10.57361,26.858,21.783
10/1/2011,13:56,10.58056,27.001,21.77
10/1/2011,14:06,10.5875,27.302,21.758
10/1/2011,14:16,10.59444,27.302,21.746
10/1/2011,14:26,10.60139,24.783,21.733
10/1/2011,14:36,10.60833,24.783,21.721
10/1/2011,14:46,10.61528,24.082,21.709
10/1/2011,14:56,10.62222,24.864,21.696
10/1/2011,15:06,10.62917,24.182,21.684
10/1/2011,15:16,10.63611,24.781,21.672
10/1/2011,15:26,10.64306,24.739,21.659
10/1/2011,15:36,10.65,24.739,21.647
10/1/2011,15:46,10.65694,24.739,21.634
10/1/2011,15:56,10.66389,24.97,21.622
10/1/2011,16:06,10.67083,24.97,21.61
10/1/2011,16:16,10.67778,24.67,21.597
10/1/2011,16:26,10.68472,24.651,21.585
10/1/2011,16:36,10.69167,24.67,21.573
10/1/2011,16:46,10.69861,24.187,21.56
10/1/2011,16:56,10.70556,24.187,21.548
10/1/2011,17:06,10.7125,23.598,21.536
10/1/2011,17:16,10.71944,23.598,21.523
10/1/2011,17:26,10.72639,24.384,21.511
10/1/2011,17:36,10.73333,24.433,21.499
10/1/2011,17:46,10.74028,24.433,21.486
10/1/2011,17:56,10.74722,24.42,21.474
10/1/2011,18:06,10.75417,24.226,21.461
10/1/2011,18:16,10.76111,24.226,21.449
